{
  "type": "FeatureCollection",
  "features": [
    {"type":"Feature","properties":{"ll_type":"Honorary","intro_num":"0471","ll_limits":"the intersection of Liberty Avenue and Mason Avenue","intro_month":"10","amend_dt":null,"limits_er":null,"intro_day":"13","repeal_dt":null,"amendt_txt":null,"official_nm":"None","old_name":"None","amdyrllsec":null,"amended":"No","honor_name":"Vincent S. Chiara Way","ll_num":"063","repealed":"No","ulurpcpnum":"none","ll_sec":"70","intro_year":"2004","lleffect_dt":"12/21/2004","borough":"Staten Island","feat_type":"Intersection name"},"geometry":{"type":"Point","coordinates":[-74.08912148057911,40.58414256104758]}},{"type":"Feature","properties":{"ll_type":"Honorary","intro_num":"0471","ll_limits":"the intersection of 16th Avenue and Bath Avenue","intro_month":"10","amend_dt":null,"limits_er":null,"intro_day":"13","repeal_dt":null,"amendt_txt":null,"official_nm":"None","old_name":"None","amdyrllsec":null,"amended":"No","honor_name":"Rita Blau Way","ll_num":"063","repealed":"No","ulurpcpnum":"none","ll_sec":"10","intro_year":"2004","lleffect_dt":"12/21/2004","borough":"Brooklyn","feat_type":"Intersection name"},"geometry":{"type":"Point","coordinates":[-74.01082340300863,40.60670076791827]}},{"type":"Feature","properties":{"ll_type":"Honorary","intro_num":"0471","ll_limits":"the intersection of West 62nd Street and Columbus Avenue","intro_month":"10","amend_dt":null,"limits_er":null,"intro_day":"13","repeal_dt":null,"amendt_txt":null,"official_nm":"None","old_name":"None","amdyrllsec":null,"amended":"No","honor_name":"Jerome Robbins Place","ll_num":"063","repealed":"No","ulurpcpnum":"none","ll_sec":"36","intro_year":"2004","lleffect_dt":"12/21/2004","borough":"Manhattan","feat_type":"Intersection name"},"geometry":{"type":"Point","coordinates":[-73.9834673989941,40.771135766460304]}},{"type":"Feature","properties":{"ll_type":"Honorary","intro_num":"0471","ll_limits":"the intersection of Avenue T and East 14th Street","intro_month":"10","amend_dt":null,"limits_er":null,"intro_day":"13","repeal_dt":null,"amendt_txt":null,"official_nm":"None","old_name":"None","amdyrllsec":null,"amended":"No","honor_name":"Luther Mook Corner","ll_num":"063","repealed":"No","ulurpcpnum":"none","ll_sec":"64","intro_year":"2004","lleffect_dt":"12/21/2004","borough":"Brooklyn","feat_type":"Intersection name"},"geometry":{"type":"Point","coordinates":[-73.95775745966317,40.60098588903353]}},{"type":"Feature","properties":{"ll_type":"Honorary","intro_num":"0471","ll_limits":"the northeast corner of the intersection of 72nd Street and 11th Avenue","intro_month":"10","amend_dt":null,"limits_er":null,"intro_day":"13","repeal_dt":null,"amendt_txt":null,"official_nm":"None","old_name":"None","amdyrllsec":null,"amended":"No","honor_name":"Charles J. Mauro 9/11 Memorial Way","ll_num":"063","repealed":"No","ulurpcpnum":"none","ll_sec":"14","intro_year":"2004","lleffect_dt":"12/21/2004","borough":"Brooklyn","feat_type":"Corner name"},"geometry":{"type":"Point","coordinates":[-74.00987373255226,40.62467900128834]}},{"type":"Feature","properties":{"ll_type":"Honorary","intro_num":"0471","ll_limits":"the intersection of Willowbrook Road and Buchanan Avenue","intro_month":"10","amend_dt":null,"limits_er":null,"intro_day":"13","repeal_dt":null,"amendt_txt":null,"official_nm":"None","old_name":"None","amdyrllsec":null,"amended":"No","honor_name":"Detective Frank P. Collins Street","ll_num":"063","repealed":"No","ulurpcpnum":"none","ll_sec":"66","intro_year":"2004","lleffect_dt":"12/21/2004","borough":"Staten Island","feat_type":"Intersection name"},"geometry":{"type":"Point","coordinates":[-74.13343167301429,40.60358140860328]}},{"type":"Feature","properties":{"ll_type":"Honorary","intro_num":"0471","ll_limits":"the intersection of Senator Street and 3rd Avenue","intro_month":"10","amend_dt":null,"limits_er":null,"intro_day":"13","repeal_dt":null,"amendt_txt":null,"official_nm":"None","old_name":"None","amdyrllsec":null,"amended":"No","honor_name":"Kathleen Hunt Casey 9/11 Memorial Way","ll_num":"063","repealed":"No","ulurpcpnum":"none","ll_sec":"11","intro_year":"2004","lleffect_dt":"12/21/2004","borough":"Brooklyn","feat_type":"Intersection name"},"geometry":{"type":"Point","coordinates":[-74.0254719259975,40.637140137615724]}},{"type":"Feature","properties":{"ll_type":"Honorary","intro_num":"0471","ll_limits":"the northwest corner of the intersection of Tomplins Avenue and St. Mary’s Avenue","intro_month":"10","amend_dt":null,"limits_er":null,"intro_day":"13","repeal_dt":null,"amendt_txt":null,"official_nm":"None","old_name":"None","amdyrllsec":null,"amended":"No","honor_name":"John Crispino Way","ll_num":"063","repealed":"No","ulurpcpnum":"none","ll_sec":"53","intro_year":"2004","lleffect_dt":"12/21/2004","borough":"Staten Island","feat_type":"Corner name"},"geometry":{"type":"Point","coordinates":[-74.07254447939806,40.6140941628966]}},{"type":"Feature","properties":{"ll_type":"Honorary","intro_num":"0471","ll_limits":"the northeast corner of the intersection of Avenue U and West 9th Street","intro_month":"10","amend_dt":null,"limits_er":null,"intro_day":"13","repeal_dt":null,"amendt_txt":null,"official_nm":"None","old_name":"None","amdyrllsec":null,"amended":"No","honor_name":"Constantino Tino DeCorato Way","ll_num":"063","repealed":"No","ulurpcpnum":"none","ll_sec":"77","intro_year":"2004","lleffect_dt":"12/21/2004","borough":"Brooklyn","feat_type":"Corner name"},"geometry":{"type":"Point","coordinates":[-73.98027623960809,40.59630824832982]}},{"type":"Feature","properties":{"ll_type":"Honorary","intro_num":"0471","ll_limits":"the intersection of Gerritsen Avenue and Avenue R","intro_month":"10","amend_dt":null,"limits_er":null,"intro_day":"13","repeal_dt":null,"amendt_txt":null,"official_nm":"None","old_name":"None","amdyrllsec":null,"amended":"No","honor_name":"Edward DeSimone III Corner","ll_num":"063","repealed":"No","ulurpcpnum":"none","ll_sec":"8","intro_year":"2004","lleffect_dt":"12/21/2004","borough":"Brooklyn","feat_type":"Intersection name"},"geometry":{"type":"Point","coordinates":[-73.9415470075606,40.60758228796005]}},{"type":"Feature","properties":{"ll_type":"Honorary","intro_num":"0471","ll_limits":"the northeast corner of the intersection of 47th Avenue and Jackson Avenue","intro_month":"10","amend_dt":null,"limits_er":null,"intro_day":"13","repeal_dt":null,"amendt_txt":null,"official_nm":"None","old_name":"None","amdyrllsec":null,"amended":"No","honor_name":"Palmina Delli Gatti Place","ll_num":"063","repealed":"No","ulurpcpnum":"none","ll_sec":"19","intro_year":"2004","lleffect_dt":"12/21/2004","borough":"Queens","feat_type":"Corner name"},"geometry":{"type":"Point","coordinates":[-73.94827457089029,40.744916151110715]}},{"type":"Feature","properties":{"ll_type":"Honorary","intro_num":"0471","ll_limits":"the intersection of West 88th Street and West End Avenue","intro_month":"10","amend_dt":null,"limits_er":null,"intro_day":"13","repeal_dt":null,"amendt_txt":null,"official_nm":"None","old_name":"None","amdyrllsec":null,"amended":"No","honor_name":"Arturo \"Chico\" O'Farrill Place","ll_num":"063","repealed":"No","ulurpcpnum":"none","ll_sec":"37","intro_year":"2004","lleffect_dt":"12/21/2004","borough":"Manhattan","feat_type":"Intersection name"},"geometry":{"type":"Point","coordinates":[-73.9769038148244,40.79018642955346]}},{"type":"Feature","properties":{"ll_type":"Honorary","intro_num":"0471","ll_limits":"the southeast corner of the intersection of 97th Street and 3rd Avenue","intro_month":"10","amend_dt":null,"limits_er":null,"intro_day":"13","repeal_dt":null,"amendt_txt":null,"official_nm":"None","old_name":"None","amdyrllsec":null,"amended":"No","honor_name":"Terrence \"Terry\" Gazzani 9/11 Memorial Way","ll_num":"063","repealed":"No","ulurpcpnum":"none","ll_sec":"12","intro_year":"2004","lleffect_dt":"12/21/2004","borough":"Brooklyn","feat_type":"Corner name"},"geometry":{"type":"Point","coordinates":[-74.03409314128439,40.61566443376443]}},{"type":"Feature","properties":{"ll_type":"Honorary","intro_num":"0471","ll_limits":"the southeast corner of the intersection of Henderson Avenue and Broadway","intro_month":"10","amend_dt":null,"limits_er":null,"intro_day":"13","repeal_dt":null,"amendt_txt":null,"official_nm":"None","old_name":"None","amdyrllsec":null,"amended":"No","honor_name":"Crossing Guard Phyliss Ann Pizzuto Corner","ll_num":"063","repealed":"No","ulurpcpnum":"none","ll_sec":"54","intro_year":"2004","lleffect_dt":"12/21/2004","borough":"Staten Island","feat_type":"Corner name"},"geometry":{"type":"Point","coordinates":[-74.11739573786295,40.63688956785149]}},{"type":"Feature","properties":{"ll_type":"Honorary","intro_num":"0471","ll_limits":"the northeast corner of the intersection of West 215th Street and Broadway","intro_month":"10","amend_dt":null,"limits_er":null,"intro_day":"13","repeal_dt":"5/9/2005","amendt_txt":null,"official_nm":"None","old_name":"None","amdyrllsec":null,"amended":"No","honor_name":"Donald J. McIntyre Way","ll_num":"063","repealed":"Yes","ulurpcpnum":"none","ll_sec":"28","intro_year":"2004","lleffect_dt":"12/21/2004","borough":"Manhattan","feat_type":"Corner name"},"geometry":{"type":"Point","coordinates":[-73.9155805961025,40.8698743219405]}},{"type":"Feature","properties":{"ll_type":"Honorary","intro_num":"0471","ll_limits":"the northwest corner of the intersection of 64th Street and 11th Avenue","intro_month":"10","amend_dt":null,"limits_er":null,"intro_day":"13","repeal_dt":null,"amendt_txt":null,"official_nm":"None","old_name":"None","amdyrllsec":null,"amended":"No","honor_name":"Tony \"The Barber\" Nobile Way","ll_num":"063","repealed":"No","ulurpcpnum":"none","ll_sec":"43","intro_year":"2004","lleffect_dt":"12/21/2004","borough":"Brooklyn","feat_type":"Corner name"},"geometry":{"type":"Point","coordinates":[-74.00533309756993,40.62937009836703]}},{"type":"Feature","properties":{"ll_type":"Honorary","intro_num":"0471","ll_limits":"traffic circle located at the intersection of Shore Road and Narrows Avenue within Shore Road Park","intro_month":"10","amend_dt":null,"limits_er":null,"intro_day":"13","repeal_dt":null,"amendt_txt":null,"official_nm":"None","old_name":"None","amdyrllsec":null,"amended":"No","honor_name":"Michael E. Behlen Circle","ll_num":"063","repealed":"No","ulurpcpnum":"none","ll_sec":"81","intro_year":"2004","lleffect_dt":"12/21/2004","borough":"Brooklyn","feat_type":"Park name"},"geometry":{"type":"Point","coordinates":[-74.0402910278876,40.62254690597831]}},{"type":"Feature","properties":{"ll_type":"Honorary","intro_num":"0471","ll_limits":"the intersection of 7th Avenue and Poly Place","intro_month":"10","amend_dt":null,"limits_er":null,"intro_day":"13","repeal_dt":null,"amendt_txt":null,"official_nm":"None","old_name":"None","amdyrllsec":null,"amended":"No","honor_name":"Former P.O.W. Peter H. Leone Way","ll_num":"063","repealed":"No","ulurpcpnum":"none","ll_sec":"42","intro_year":"2004","lleffect_dt":"12/21/2004","borough":"Brooklyn","feat_type":"Intersection name"},"geometry":{"type":"Point","coordinates":[-74.02478376355904,40.60969962871469]}},{"type":"Feature","properties":{"ll_type":"Honorary","intro_num":"0471","ll_limits":"the southeast corner of the intersection of 6th Avenue and 78th Street","intro_month":"10","amend_dt":null,"limits_er":null,"intro_day":"13","repeal_dt":null,"amendt_txt":null,"official_nm":"None","old_name":"None","amdyrllsec":null,"amended":"No","honor_name":"Thomas Francis Wise 9/11 Memorial Way","ll_num":"063","repealed":"No","ulurpcpnum":"none","ll_sec":"17","intro_year":"2004","lleffect_dt":"12/21/2004","borough":"Brooklyn","feat_type":"Corner name"},"geometry":{"type":"Point","coordinates":[-74.02110985927439,40.6256624804823]}},{"type":"Feature","properties":{"ll_type":"Honorary","intro_num":"0471","ll_limits":"the intersection of 72nd Street and 18th Avenue","intro_month":"10","amend_dt":null,"limits_er":null,"intro_day":"13","repeal_dt":null,"amendt_txt":null,"official_nm":"None","old_name":"None","amdyrllsec":null,"amended":"No","honor_name":"Joe Galatolo Way","ll_num":"063","repealed":"No","ulurpcpnum":"none","ll_sec":"41","intro_year":"2004","lleffect_dt":"12/21/2004","borough":"Brooklyn","feat_type":"Intersection name"},"geometry":{"type":"Point","coordinates":[-73.9942225369181,40.61513055105105]}},{"type":"Feature","properties":{"ll_type":"Honorary","intro_num":"0471","ll_limits":"the southeast corner of the intersection of Osgood Avenue and Vanderbilt Avenue","intro_month":"10","amend_dt":null,"limits_er":null,"intro_day":"13","repeal_dt":null,"amendt_txt":null,"official_nm":"None","old_name":"None","amdyrllsec":null,"amended":"No","honor_name":"Darryl Anthony Taylor Street","ll_num":"063","repealed":"No","ulurpcpnum":"none","ll_sec":"29","intro_year":"2004","lleffect_dt":"12/21/2004","borough":"Staten Island","feat_type":"Corner name"},"geometry":{"type":"Point","coordinates":[-74.08102598486423,40.61770916348925]}},{"type":"Feature","properties":{"ll_type":"Honorary","intro_num":"0471","ll_limits":"the intersection of Oriental Boulevard and Corbin Place","intro_month":"10","amend_dt":null,"limits_er":null,"intro_day":"13","repeal_dt":null,"amendt_txt":null,"official_nm":"None","old_name":"None","amdyrllsec":null,"amended":"No","honor_name":"Heroes of Operation Iraqi Freedom Way","ll_num":"063","repealed":"No","ulurpcpnum":"none","ll_sec":"63","intro_year":"2004","lleffect_dt":"12/21/2004","borough":"Brooklyn","feat_type":"Intersection name"},"geometry":{"type":"Point","coordinates":[-73.95384052975409,40.57677674879038]}},{"type":"Feature","properties":{"ll_type":"Honorary","intro_num":"0022","ll_limits":"the intersection of East 106th Street and Third Avenue","intro_month":"1","amend_dt":null,"limits_er":null,"intro_day":"30","repeal_dt":null,"amendt_txt":null,"official_nm":"None","old_name":"None","amdyrllsec":null,"amended":"No","honor_name":"Osvaldo Vega Plaza","ll_num":"019","repealed":"No","ulurpcpnum":"none","ll_sec":"11","intro_year":"2002","lleffect_dt":"07/29/2002","borough":"Manhattan","feat_type":"Intersection name"},"geometry":{"type":"Point","coordinates":[-73.94467535484922,40.79157044966247]}},{"type":"Feature","properties":{"ll_type":"Honorary","intro_num":"0471","ll_limits":"the northeast corner of Hales Avenue and Koch Boulevard","intro_month":"10","amend_dt":null,"limits_er":null,"intro_day":"13","repeal_dt":null,"amendt_txt":null,"official_nm":"None","old_name":"None","amdyrllsec":null,"amended":"No","honor_name":"Lt. Glenn C. Perry, FDNY Avenue","ll_num":"063","repealed":"No","ulurpcpnum":"none","ll_sec":"25","intro_year":"2004","lleffect_dt":"12/21/2004","borough":"Staten Island","feat_type":"Corner name"},"geometry":{"type":"Point","coordinates":[-74.16236941600239,40.53643997937639]}},{"type":"Feature","properties":{"ll_type":"Honorary","intro_num":"0471","ll_limits":"the northeast corner of the intersection of West 212th Street and Broadway","intro_month":"10","amend_dt":null,"limits_er":null,"intro_day":"13","repeal_dt":null,"amendt_txt":null,"official_nm":"None","old_name":"None","amdyrllsec":null,"amended":"No","honor_name":"Joe English Way","ll_num":"063","repealed":"No","ulurpcpnum":"none","ll_sec":"52","intro_year":"2004","lleffect_dt":"12/21/2004","borough":"Manhattan","feat_type":"Corner name"},"geometry":{"type":"Point","coordinates":[-73.91828807237636,40.86844292830504]}},{"type":"Feature","properties":{"ll_type":"Honorary","intro_num":"0471","ll_limits":"the intersection of 211th Street and 28th Avenue","intro_month":"10","amend_dt":null,"limits_er":null,"intro_day":"13","repeal_dt":null,"amendt_txt":null,"official_nm":"None","old_name":"None","amdyrllsec":null,"amended":"No","honor_name":"Glenn J. Travers Sr. 9/11 Memorial Way","ll_num":"063","repealed":"No","ulurpcpnum":"none","ll_sec":"3","intro_year":"2004","lleffect_dt":"12/21/2004","borough":"Queens","feat_type":"Intersection name"},"geometry":{"type":"Point","coordinates":[-73.77821942237259,40.77622538857772]}},{"type":"Feature","properties":{"ll_type":"Honorary","intro_num":"0471","ll_limits":"the northeast corner of the intersection of Hudson Street and Chritopher Street","intro_month":"10","amend_dt":null,"limits_er":null,"intro_day":"13","repeal_dt":null,"amendt_txt":null,"official_nm":"None","old_name":"None","amdyrllsec":null,"amended":"No","honor_name":"Sylvia Rivera Way","ll_num":"063","repealed":"No","ulurpcpnum":"none","ll_sec":"76","intro_year":"2004","lleffect_dt":"12/21/2004","borough":"Manhattan","feat_type":"Corner name"},"geometry":{"type":"Point","coordinates":[-74.00622722962295,40.73314813738817]}},{"type":"Feature","properties":{"ll_type":"Honorary","intro_num":"0471","ll_limits":"the intersection of Bay 19th Street and Bath Avenue","intro_month":"10","amend_dt":null,"limits_er":null,"intro_day":"13","repeal_dt":null,"amendt_txt":null,"official_nm":"None","old_name":"None","amdyrllsec":null,"amended":"No","honor_name":"Christy Principale Place","ll_num":"063","repealed":"No","ulurpcpnum":"none","ll_sec":"71","intro_year":"2004","lleffect_dt":"12/21/2004","borough":"Brooklyn","feat_type":"Intersection name"},"geometry":{"type":"Point","coordinates":[-74.00558707902367,40.603571612301074]}},{"type":"Feature","properties":{"ll_type":"Honorary","intro_num":"0471","ll_limits":"the intersection of Essex Street and Sutter Avenue","intro_month":"10","amend_dt":null,"limits_er":null,"intro_day":"13","repeal_dt":null,"amendt_txt":null,"official_nm":"None","old_name":"None","amdyrllsec":null,"amended":"No","honor_name":"Ronald P. Kloepfer Place","ll_num":"063","repealed":"No","ulurpcpnum":"none","ll_sec":"5","intro_year":"2004","lleffect_dt":"12/21/2004","borough":"Brooklyn","feat_type":"Intersection name"},"geometry":{"type":"Point","coordinates":[-73.88107821214965,40.67146797295536]}},{"type":"Feature","properties":{"ll_type":"Honorary","intro_num":"0471","ll_limits":"the intersection of \t\tBeach 114th Street and the Boardwalk","intro_month":"10","amend_dt":null,"limits_er":null,"intro_day":"13","repeal_dt":null,"amendt_txt":null,"official_nm":"None","old_name":"None","amdyrllsec":null,"amended":"No","honor_name":"Firefighter John Heffernan Street","ll_num":"063","repealed":"No","ulurpcpnum":"none","ll_sec":"1","intro_year":"2004","lleffect_dt":"12/21/2004","borough":"Queens","feat_type":"Intersection name"},"geometry":{"type":"Point","coordinates":[-73.83429224761933,40.578354954398804]}},{"type":"Feature","properties":{"ll_type":"Honorary","intro_num":"0471","ll_limits":"the intersection of Hylan Boulevard and Mallory Avenue","intro_month":"10","amend_dt":null,"limits_er":null,"intro_day":"13","repeal_dt":null,"amendt_txt":null,"official_nm":"None","old_name":"None","amdyrllsec":null,"amended":"No","honor_name":"John Capitano Place","ll_num":"063","repealed":"No","ulurpcpnum":"none","ll_sec":"67","intro_year":"2004","lleffect_dt":"12/21/2004","borough":"Staten Island","feat_type":"Intersection name"},"geometry":{"type":"Point","coordinates":[-74.08076030166902,40.598610445768436]}},{"type":"Feature","properties":{"ll_type":"Honorary","intro_num":"0471","ll_limits":"the northwest corner of the intersection of Sleight Avenue and George Street","intro_month":"10","amend_dt":null,"limits_er":null,"intro_day":"13","repeal_dt":null,"amendt_txt":null,"official_nm":"None","old_name":"None","amdyrllsec":null,"amended":"No","honor_name":"Firefighter Paul M. Beyer, FDNY Avenue","ll_num":"063","repealed":"No","ulurpcpnum":"none","ll_sec":"24","intro_year":"2004","lleffect_dt":"12/21/2004","borough":"Staten Island","feat_type":"Corner name"},"geometry":{"type":"Point","coordinates":[-74.24109577201855,40.506500338663926]}},{"type":"Feature","properties":{"ll_type":"Honorary","intro_num":"0471","ll_limits":"the northeast corner of 12th Avenue and 67th Street","intro_month":"10","amend_dt":null,"limits_er":null,"intro_day":"13","repeal_dt":null,"amendt_txt":null,"official_nm":"None","old_name":"None","amdyrllsec":null,"amended":"No","honor_name":"Arturo Angelo Sereno 9/11 Memorial Way","ll_num":"063","repealed":"No","ulurpcpnum":"none","ll_sec":"15","intro_year":"2004","lleffect_dt":"12/21/2004","borough":"Brooklyn","feat_type":"Corner name"},"geometry":{"type":"Point","coordinates":[-74.00475779471427,40.62614660431429]}},{"type":"Feature","properties":{"ll_type":"Honorary","intro_num":"0471","ll_limits":"the intersection of Jerome Avenue and Olympia Boulevard","intro_month":"10","amend_dt":null,"limits_er":null,"intro_day":"13","repeal_dt":"5/9/2005","amendt_txt":null,"official_nm":"None","old_name":"None","amdyrllsec":null,"amended":"No","honor_name":"P.O. John J. Darcy Way","ll_num":"063","repealed":"Yes","ulurpcpnum":"none","ll_sec":"65","intro_year":"2004","lleffect_dt":"12/21/2004","borough":"Staten Island","feat_type":"Intersection name"},"geometry":{"type":"Point","coordinates":[-74.07341176869251,40.59194481387428]}},{"type":"Feature","properties":{"ll_type":"Honorary","intro_num":"0471","ll_limits":"the southeast corner of the intersection of 159th Avenue and Coleman Square","intro_month":"10","amend_dt":null,"limits_er":null,"intro_day":"13","repeal_dt":null,"amendt_txt":null,"official_nm":"None","old_name":"None","amdyrllsec":null,"amended":"No","honor_name":"159th Avenue","ll_num":"063","repealed":"No","ulurpcpnum":"none","ll_sec":"33","intro_year":"2004","lleffect_dt":"12/21/2004","borough":"Queens","feat_type":"Corner name"},"geometry":{"type":"Point","coordinates":[-73.83044606919134,40.66044128737891]}},{"type":"Feature","properties":{"ll_type":"Honorary","intro_num":"0471","ll_limits":"the southeast corner of the intersection of Franklin Avenue and Arnold Street","intro_month":"10","amend_dt":null,"limits_er":null,"intro_day":"13","repeal_dt":null,"amendt_txt":null,"official_nm":"None","old_name":"None","amdyrllsec":null,"amended":"No","honor_name":"Joanne K. Caputo Court","ll_num":"063","repealed":"No","ulurpcpnum":"none","ll_sec":"55","intro_year":"2004","lleffect_dt":"12/21/2004","borough":"Staten Island","feat_type":"Corner name"},"geometry":{"type":"Point","coordinates":[-74.0906847384251,40.6384988099919]}},{"type":"Feature","properties":{"ll_type":"Honorary","intro_num":"0471","ll_limits":"the southeast corner of the intersection of Morrison Avenue and Oakland Avenue","intro_month":"10","amend_dt":null,"limits_er":null,"intro_day":"13","repeal_dt":null,"amendt_txt":null,"official_nm":"None","old_name":"None","amdyrllsec":null,"amended":"No","honor_name":"WWII Medal of Honor Recipient PVT. Joseph F. Merrell Jr. Way","ll_num":"063","repealed":"No","ulurpcpnum":"none","ll_sec":"58","intro_year":"2004","lleffect_dt":"12/21/2004","borough":"Staten Island","feat_type":"Corner name"},"geometry":{"type":"Point","coordinates":[-74.10967570384454,40.628633486333314]}},{"type":"Feature","properties":{"ll_type":"Honorary","intro_num":"0471","ll_limits":"the southwest corner of the intersection of Isham Street and Broadway","intro_month":"10","amend_dt":null,"limits_er":null,"intro_day":"13","repeal_dt":null,"amendt_txt":null,"official_nm":"None","old_name":"None","amdyrllsec":null,"amended":"No","honor_name":"Inwood’s Heroes of 9/11 Way","ll_num":"063","repealed":"No","ulurpcpnum":"none","ll_sec":"21","intro_year":"2004","lleffect_dt":"12/21/2004","borough":"Manhattan","feat_type":"Corner name"},"geometry":{"type":"Point","coordinates":[-73.91979744254155,40.8679658599317]}},{"type":"Feature","properties":{"ll_type":"Honorary","intro_num":"0471","ll_limits":"the northwest corner of the intersection of Swinnerton Street and Hylan Boulevard","intro_month":"10","amend_dt":null,"limits_er":null,"intro_day":"13","repeal_dt":null,"amendt_txt":null,"official_nm":"None","old_name":"None","amdyrllsec":null,"amended":"No","honor_name":"Mario Nardone Jr. Street","ll_num":"063","repealed":"No","ulurpcpnum":"none","ll_sec":"26","intro_year":"2004","lleffect_dt":"12/21/2004","borough":"Staten Island","feat_type":"Corner name"},"geometry":{"type":"Point","coordinates":[-74.24624768356819,40.50404540096424]}},{"type":"Feature","properties":{"ll_type":"Honorary","intro_num":"0471","ll_limits":"the southwest corner of the intersection of Forest Avenue and Silver Lake Park Road","intro_month":"10","amend_dt":null,"limits_er":null,"intro_day":"13","repeal_dt":null,"amendt_txt":null,"official_nm":"None","old_name":"None","amdyrllsec":null,"amended":"No","honor_name":"World War II Veterans Pathway","ll_num":"063","repealed":"No","ulurpcpnum":"none","ll_sec":"57","intro_year":"2004","lleffect_dt":"12/21/2004","borough":"Staten Island","feat_type":"Corner name"},"geometry":{"type":"Point","coordinates":[-74.0959828757926,40.63161941660735]}},{"type":"Feature","properties":{"ll_type":"Honorary","intro_num":"0471","ll_limits":"the southwest corner of the intersection of Park Terrace East and 215th Street","intro_month":"10","amend_dt":null,"limits_er":null,"intro_day":"13","repeal_dt":null,"amendt_txt":null,"official_nm":"None","old_name":"None","amdyrllsec":null,"amended":"No","honor_name":"John Patrick Burnside Way","ll_num":"063","repealed":"No","ulurpcpnum":"none","ll_sec":"20","intro_year":"2004","lleffect_dt":"12/21/2004","borough":"Manhattan","feat_type":"Corner name"},"geometry":{"type":"Point","coordinates":[-73.91713213929378,40.87014609481739]}},{"type":"Feature","properties":{"ll_type":"Honorary","intro_num":"0471","ll_limits":"the intersection of Nostrand Avenue and Avenue Z","intro_month":"10","amend_dt":null,"limits_er":null,"intro_day":"13","repeal_dt":null,"amendt_txt":null,"official_nm":"None","old_name":"None","amdyrllsec":null,"amended":"No","honor_name":"Lt. Dennis Mojica Corner","ll_num":"063","repealed":"No","ulurpcpnum":"none","ll_sec":"30","intro_year":"2004","lleffect_dt":"12/21/2004","borough":"Brooklyn","feat_type":"Intersection name"},"geometry":{"type":"Point","coordinates":[-73.93979603774648,40.58956559281211]}},{"type":"Feature","properties":{"ll_type":"Honorary","intro_num":"0471","ll_limits":"the intersection of 79th Street and 11th Avenue","intro_month":"10","amend_dt":null,"limits_er":null,"intro_day":"13","repeal_dt":null,"amendt_txt":null,"official_nm":"None","old_name":"None","amdyrllsec":null,"amended":"No","honor_name":"Robert F. Tipaldi 9/11 Memorial Way","ll_num":"063","repealed":"No","ulurpcpnum":"none","ll_sec":"16","intro_year":"2004","lleffect_dt":"12/21/2004","borough":"Brooklyn","feat_type":"Intersection name"},"geometry":{"type":"Point","coordinates":[-74.01420288402991,40.620684743534504]}},{"type":"Feature","properties":{"ll_type":"Honorary","intro_num":"0318","ll_limits":"the southwest corner of the intersection of Hylan Boulevard and Page Avenue","intro_month":"12","amend_dt":null,"limits_er":null,"intro_day":"4","repeal_dt":null,"amendt_txt":null,"official_nm":"None","old_name":"None","amdyrllsec":null,"amended":"No","honor_name":"Firefighter Jeffery Giordano Boulevard","ll_num":"006","repealed":"No","ulurpcpnum":"none","ll_sec":"23","intro_year":"2002","lleffect_dt":"01/07/2003","borough":"Staten Island","feat_type":"Corner name"},"geometry":{"type":"Point","coordinates":[-74.23010635013658,40.50758901817772]}},{"type":"Feature","properties":{"ll_type":"Honorary","intro_num":"0318","ll_limits":"the southwest corner of the intersection of Huguenot Avenue and Hawley Avenue","intro_month":"12","amend_dt":null,"limits_er":null,"intro_day":"4","repeal_dt":null,"amendt_txt":null,"official_nm":"None","old_name":"None","amdyrllsec":null,"amended":"No","honor_name":"Lt. Jeffrey P. Walz, FDNY Avenue","ll_num":"006","repealed":"No","ulurpcpnum":"none","ll_sec":"26","intro_year":"2002","lleffect_dt":"01/07/2003","borough":"Staten Island","feat_type":"Corner name"},"geometry":{"type":"Point","coordinates":[-74.19275733195838,40.53353272927396]}},{"type":"Feature","properties":{"ll_type":"Honorary","intro_num":"0318","ll_limits":"the northeast corner of the intersection of Renee Place and Hellman Avenue","intro_month":"12","amend_dt":null,"limits_er":null,"intro_day":"4","repeal_dt":null,"amendt_txt":null,"official_nm":"None","old_name":"None","amdyrllsec":null,"amended":"No","honor_name":"John J. Badagliacca Place","ll_num":"006","repealed":"No","ulurpcpnum":"none","ll_sec":"36","intro_year":"2002","lleffect_dt":"01/07/2003","borough":"Staten Island","feat_type":"Corner name"},"geometry":{"type":"Point","coordinates":[-74.16141732808592,40.61281371452281]}},{"type":"Feature","properties":{"ll_type":"Honorary","intro_num":"0318","ll_limits":"the northeast corner of the intersection of Kissel Avenue and Castleton Avenue","intro_month":"12","amend_dt":null,"limits_er":null,"intro_day":"4","repeal_dt":null,"amendt_txt":null,"official_nm":"None","old_name":"None","amdyrllsec":null,"amended":"No","honor_name":"Firefighter John A. Santore Way","ll_num":"006","repealed":"No","ulurpcpnum":"none","ll_sec":"37","intro_year":"2002","lleffect_dt":"01/07/2003","borough":"Staten Island","feat_type":"Corner name"},"geometry":{"type":"Point","coordinates":[-74.10446035734029,40.634768105136565]}},{"type":"Feature","properties":{"ll_type":"Honorary","intro_num":"0318","ll_limits":"the southeast corner of the intersection of Dongan Avenue and Hodges Place","intro_month":"12","amend_dt":null,"limits_er":null,"intro_day":"4","repeal_dt":"6/3/2003","amendt_txt":null,"official_nm":"None","old_name":"None","amdyrllsec":null,"amended":"No","honor_name":"Firefighter Peter J. Carroll Way","ll_num":"006","repealed":"Yes","ulurpcpnum":"none","ll_sec":"39","intro_year":"2002","lleffect_dt":"01/07/2003","borough":"Staten Island","feat_type":"Corner name"},"geometry":{"type":"Point","coordinates":[-74.1193165709147,40.61491205380168]}},{"type":"Feature","properties":{"ll_type":"Honorary","intro_num":"0318","ll_limits":"the southeast corner of the intersection of University Place and Forest Avenue","intro_month":"12","amend_dt":null,"limits_er":null,"intro_day":"4","repeal_dt":null,"amendt_txt":null,"official_nm":"None","old_name":"None","amdyrllsec":null,"amended":"No","honor_name":"Lee Ludwig Way","ll_num":"006","repealed":"No","ulurpcpnum":"none","ll_sec":"40","intro_year":"2002","lleffect_dt":"01/07/2003","borough":"Staten Island","feat_type":"Corner name"},"geometry":{"type":"Point","coordinates":[-74.09940246132787,40.63127161468185]}},{"type":"Feature","properties":{"ll_type":"Honorary","intro_num":"0318","ll_limits":"the southeast corner of the intersection of Justin Avenue and Amboy Road","intro_month":"12","amend_dt":null,"limits_er":null,"intro_day":"4","repeal_dt":null,"amendt_txt":null,"official_nm":"None","old_name":"None","amdyrllsec":null,"amended":"No","honor_name":"Firefighter Carl V. Bini Way","ll_num":"006","repealed":"No","ulurpcpnum":"none","ll_sec":"41","intro_year":"2002","lleffect_dt":"01/07/2003","borough":"Staten Island","feat_type":"Corner name"},"geometry":{"type":"Point","coordinates":[-74.13723951750256,40.5580130019668]}},{"type":"Feature","properties":{"ll_type":"Honorary","intro_num":"0318","ll_limits":"the northeast corner of the intersection of Potter Avenue and Fairview Avenue","intro_month":"12","amend_dt":null,"limits_er":null,"intro_day":"4","repeal_dt":null,"amendt_txt":null,"official_nm":"None","old_name":"None","amdyrllsec":null,"amended":"No","honor_name":"Firefighter Brian E. Bilcher Way","ll_num":"006","repealed":"No","ulurpcpnum":"none","ll_sec":"46","intro_year":"2002","lleffect_dt":"01/07/2003","borough":"Staten Island","feat_type":"Corner name"},"geometry":{"type":"Point","coordinates":[-74.11869613591303,40.61716586973856]}},{"type":"Feature","properties":{"ll_type":"Honorary","intro_num":"0318","ll_limits":"the northeast corner of the intersection of Hoyt Avenue and Forest Avenue","intro_month":"12","amend_dt":null,"limits_er":null,"intro_day":"4","repeal_dt":null,"amendt_txt":null,"official_nm":"None","old_name":"None","amdyrllsec":null,"amended":"No","honor_name":"Firefighter Michael Fiore Way","ll_num":"006","repealed":"No","ulurpcpnum":"none","ll_sec":"47","intro_year":"2002","lleffect_dt":"01/07/2003","borough":"Staten Island","feat_type":"Corner name"},"geometry":{"type":"Point","coordinates":[-74.1046164846726,40.630800900283276]}},{"type":"Feature","properties":{"ll_type":"Honorary","intro_num":"0318","ll_limits":"the northeast corner of the intersection of Elmira Avenue and Wescott Boulevard","intro_month":"12","amend_dt":null,"limits_er":null,"intro_day":"4","repeal_dt":null,"amendt_txt":null,"official_nm":"None","old_name":"None","amdyrllsec":null,"amended":"No","honor_name":"Firefighter Arthur T. Barry Way","ll_num":"006","repealed":"No","ulurpcpnum":"none","ll_sec":"48","intro_year":"2002","lleffect_dt":"01/07/2003","borough":"Staten Island","feat_type":"Corner name"},"geometry":{"type":"Point","coordinates":[-74.12796098609986,40.62003806348281]}},{"type":"Feature","properties":{"ll_type":"Honorary","intro_num":"0318","ll_limits":"the southeast corner of the intersection of Decker Avenue and Barrett Avenue","intro_month":"12","amend_dt":null,"limits_er":null,"intro_day":"4","repeal_dt":null,"amendt_txt":null,"official_nm":"None","old_name":"None","amdyrllsec":null,"amended":"No","honor_name":"Firefighter David LaForge Way","ll_num":"006","repealed":"No","ulurpcpnum":"none","ll_sec":"50","intro_year":"2002","lleffect_dt":"01/07/2003","borough":"Staten Island","feat_type":"Corner name"},"geometry":{"type":"Point","coordinates":[-74.13831208719849,40.62718112562366]}},{"type":"Feature","properties":{"ll_type":"Honorary","intro_num":"0318","ll_limits":"the southeast corner of the intersection of Donley Avenue and Hylan Boulevard","intro_month":"12","amend_dt":null,"limits_er":null,"intro_day":"4","repeal_dt":null,"amendt_txt":null,"official_nm":"None","old_name":"None","amdyrllsec":null,"amended":"No","honor_name":"Walter Baran Way","ll_num":"006","repealed":"No","ulurpcpnum":"none","ll_sec":"51","intro_year":"2002","lleffect_dt":"01/07/2003","borough":"Staten Island","feat_type":"Corner name"},"geometry":{"type":"Point","coordinates":[-74.07619210096665,40.60761301896426]}},{"type":"Feature","properties":{"ll_type":"Honorary","intro_num":"0318","ll_limits":"the southeast corner of the intersection of Bard Avenue and Thames Avenue","intro_month":"12","amend_dt":null,"limits_er":null,"intro_day":"4","repeal_dt":null,"amendt_txt":null,"official_nm":"None","old_name":"None","amdyrllsec":null,"amended":"No","honor_name":"Alfred J. Braca Way","ll_num":"006","repealed":"No","ulurpcpnum":"none","ll_sec":"52","intro_year":"2002","lleffect_dt":"01/07/2003","borough":"Staten Island","feat_type":"Corner name"},"geometry":{"type":"Point","coordinates":[-74.10461867798392,40.625721624231524]}},{"type":"Feature","properties":{"ll_type":"Honorary","intro_num":"0318","ll_limits":"the southwest corner of the intersection of Bard Avenue and Matthews Avenue","intro_month":"12","amend_dt":null,"limits_er":null,"intro_day":"4","repeal_dt":null,"amendt_txt":null,"official_nm":"None","old_name":"None","amdyrllsec":null,"amended":"No","honor_name":"Robert H. Lynch, Jr. Way","ll_num":"006","repealed":"No","ulurpcpnum":"none","ll_sec":"54","intro_year":"2002","lleffect_dt":"01/07/2003","borough":"Staten Island","feat_type":"Corner name"},"geometry":{"type":"Point","coordinates":[-74.10493253684692,40.62612103964271]}},{"type":"Feature","properties":{"ll_type":"Honorary","intro_num":"0318","ll_limits":"the intersection of Otis Avenue and Kruser Street","intro_month":"12","amend_dt":null,"limits_er":null,"intro_day":"4","repeal_dt":null,"amendt_txt":null,"official_nm":"None","old_name":"None","amdyrllsec":null,"amended":"No","honor_name":"Frank J. Spinelli, Jr. Way","ll_num":"006","repealed":"No","ulurpcpnum":"none","ll_sec":"55","intro_year":"2002","lleffect_dt":"01/07/2003","borough":"Staten Island","feat_type":"Intersection name"},"geometry":{"type":"Point","coordinates":[-74.11464270290438,40.57692687327396]}},{"type":"Feature","properties":{"ll_type":"Honorary","intro_num":"0471","ll_limits":"the northeast corner of 72nd Street and 11th Avenue","intro_month":"10","amend_dt":null,"limits_er":null,"intro_day":"13","repeal_dt":null,"amendt_txt":null,"official_nm":"None","old_name":"None","amdyrllsec":null,"amended":"No","honor_name":"Maria LaVache 9/11 Memorial Way","ll_num":"063","repealed":"No","ulurpcpnum":"none","ll_sec":"13","intro_year":"2004","lleffect_dt":"12/21/2004","borough":"Brooklyn","feat_type":"Corner name"},"geometry":{"type":"Point","coordinates":[-74.00987373255239,40.624679002188856]}},{"type":"Feature","properties":{"ll_type":"Honorary","intro_num":"0471","ll_limits":"the intersection of 9th Avenue and 151st Place","intro_month":"10","amend_dt":null,"limits_er":null,"intro_day":"13","repeal_dt":null,"amendt_txt":null,"official_nm":"None","old_name":"None","amdyrllsec":null,"amended":"No","honor_name":"Transit Police Officer Thomas R. O'Dea Place","ll_num":"063","repealed":"No","ulurpcpnum":"none","ll_sec":"34","intro_year":"2004","lleffect_dt":"12/21/2004","borough":"Queens","feat_type":"Intersection name"},"geometry":{"type":"Point","coordinates":[-73.81163814811583,40.7940114771417]}},{"type":"Feature","properties":{"ll_type":"Honorary","intro_num":"0318","ll_limits":"the southeast corner of  the intersection of Lafayette Avenue and Cortelyou Place","intro_month":"12","amend_dt":null,"limits_er":null,"intro_day":"4","repeal_dt":null,"amendt_txt":null,"official_nm":"None","old_name":"None","amdyrllsec":null,"amended":"No","honor_name":"Martin Giovinazzo, Jr. Way","ll_num":"006","repealed":"No","ulurpcpnum":"none","ll_sec":"56","intro_year":"2002","lleffect_dt":"01/07/2003","borough":"Staten Island","feat_type":"Corner name"},"geometry":{"type":"Point","coordinates":[-74.09420191564828,40.640108010726905]}},{"type":"Feature","properties":{"ll_type":"Honorary","intro_num":"0318","ll_limits":"the southeast corner of the intersection of De Kay Street and Davis Avenue","intro_month":"12","amend_dt":null,"limits_er":null,"intro_day":"4","repeal_dt":null,"amendt_txt":null,"official_nm":"None","old_name":"None","amdyrllsec":null,"amended":"No","honor_name":"Captain John R. Fischer Way","ll_num":"006","repealed":"No","ulurpcpnum":"none","ll_sec":"57","intro_year":"2002","lleffect_dt":"01/07/2003","borough":"Staten Island","feat_type":"Corner name"},"geometry":{"type":"Point","coordinates":[-74.10842111036159,40.632474650838276]}},{"type":"Feature","properties":{"ll_type":"Honorary","intro_num":"0318","ll_limits":"the northwest corner of the intersection of 47th Avenue and 60th Street","intro_month":"12","amend_dt":null,"limits_er":null,"intro_day":"4","repeal_dt":null,"amendt_txt":null,"official_nm":"None","old_name":"None","amdyrllsec":null,"amended":"No","honor_name":"47th Avenue","ll_num":"006","repealed":"No","ulurpcpnum":"none","ll_sec":"60","intro_year":"2002","lleffect_dt":"01/07/2003","borough":"Queens","feat_type":"Corner name"},"geometry":{"type":"Point","coordinates":[-73.90464943075168,40.740061397846056]}},{"type":"Feature","properties":{"ll_type":"Honorary","intro_num":"0318","ll_limits":"the southeast corner of the intersection of New Lane and Bay Street","intro_month":"12","amend_dt":null,"limits_er":null,"intro_day":"4","repeal_dt":null,"amendt_txt":null,"official_nm":"None","old_name":"None","amdyrllsec":null,"amended":"No","honor_name":"Firefighter Robert Curatolo Lane","ll_num":"006","repealed":"No","ulurpcpnum":"none","ll_sec":"61","intro_year":"2002","lleffect_dt":"01/07/2003","borough":"Staten Island","feat_type":"Corner name"},"geometry":{"type":"Point","coordinates":[-74.06431713445889,40.61181863096176]}},{"type":"Feature","properties":{"ll_type":"Honorary","intro_num":"0318","ll_limits":"the southeast corner of the intersection of Benedict Avenue and Manor Road","intro_month":"12","amend_dt":null,"limits_er":null,"intro_day":"4","repeal_dt":null,"amendt_txt":null,"official_nm":"None","old_name":"None","amdyrllsec":null,"amended":"No","honor_name":"Firefighter Lenny Ragaglia Way","ll_num":"006","repealed":"No","ulurpcpnum":"none","ll_sec":"63","intro_year":"2002","lleffect_dt":"01/07/2003","borough":"Staten Island","feat_type":"Corner name"},"geometry":{"type":"Point","coordinates":[-74.12439980116025,40.62296749649483]}},{"type":"Feature","properties":{"ll_type":"Honorary","intro_num":"0318","ll_limits":"the southeast corner of the intersection of Gregg Place and Walbrooke Avenue","intro_month":"12","amend_dt":null,"limits_er":null,"intro_day":"4","repeal_dt":null,"amendt_txt":null,"official_nm":"None","old_name":"None","amdyrllsec":null,"amended":"No","honor_name":"Jane Ellen Baeszler Way","ll_num":"006","repealed":"No","ulurpcpnum":"none","ll_sec":"64","intro_year":"2002","lleffect_dt":"01/07/2003","borough":"Staten Island","feat_type":"Corner name"},"geometry":{"type":"Point","coordinates":[-74.10277233011854,40.631640882759896]}},{"type":"Feature","properties":{"ll_type":"Honorary","intro_num":"0318","ll_limits":"the southeast corner of the intersection of Belmont Place and Wall Street","intro_month":"12","amend_dt":null,"limits_er":null,"intro_day":"4","repeal_dt":null,"amendt_txt":null,"official_nm":"None","old_name":"None","amdyrllsec":null,"amended":"No","honor_name":"Philip Haentzler Way","ll_num":"006","repealed":"No","ulurpcpnum":"none","ll_sec":"65","intro_year":"2002","lleffect_dt":"01/07/2003","borough":"Staten Island","feat_type":"Corner name"},"geometry":{"type":"Point","coordinates":[-74.07980212295446,40.64297214679958]}},{"type":"Feature","properties":{"ll_type":"Honorary","intro_num":"0318","ll_limits":"the northeast corner of the intersection of Westervelt Avenue and Richmond Terrace","intro_month":"12","amend_dt":null,"limits_er":null,"intro_day":"4","repeal_dt":null,"amendt_txt":null,"official_nm":"None","old_name":"None","amdyrllsec":null,"amended":"No","honor_name":"Beverly Curry Way","ll_num":"006","repealed":"No","ulurpcpnum":"none","ll_sec":"70","intro_year":"2002","lleffect_dt":"01/07/2003","borough":"Staten Island","feat_type":"Corner name"},"geometry":{"type":"Point","coordinates":[-74.08744729017656,40.6478063894752]}},{"type":"Feature","properties":{"ll_type":"Honorary","intro_num":"0318","ll_limits":"the northeast corner of the intersection of Crossfield Avenue and Annadale Road","intro_month":"12","amend_dt":null,"limits_er":null,"intro_day":"4","repeal_dt":null,"amendt_txt":null,"official_nm":"None","old_name":"None","amdyrllsec":null,"amended":"No","honor_name":"Firefighter John A. Schardt Avenue","ll_num":"006","repealed":"No","ulurpcpnum":"none","ll_sec":"75","intro_year":"2002","lleffect_dt":"01/07/2003","borough":"Staten Island","feat_type":"Corner name"},"geometry":{"type":"Point","coordinates":[-74.17633118988414,40.55734654707088]}},{"type":"Feature","properties":{"ll_type":"Honorary","intro_num":"0318","ll_limits":"the southeast corner of the intersection of Tysens Lane and Falcon Avenue","intro_month":"12","amend_dt":null,"limits_er":null,"intro_day":"4","repeal_dt":null,"amendt_txt":null,"official_nm":"None","old_name":"None","amdyrllsec":null,"amended":"No","honor_name":"Susan M. Bochino Avenue","ll_num":"006","repealed":"No","ulurpcpnum":"none","ll_sec":"76","intro_year":"2002","lleffect_dt":"01/07/2003","borough":"Staten Island","feat_type":"Corner name"},"geometry":{"type":"Point","coordinates":[-74.11425941605974,40.56254398581261]}},{"type":"Feature","properties":{"ll_type":"Honorary","intro_num":"0318","ll_limits":"the southwest corner of the intersection of 34th Avenue and 21st Street","intro_month":"12","amend_dt":"2/18/2003","limits_er":null,"intro_day":"4","repeal_dt":null,"amendt_txt":"FF Manuel Mojica, Jr., FDNY Avenue","official_nm":"None","old_name":"None","amdyrllsec":"2003/015/28","amended":"Yes","honor_name":"Manuel Mojica Avenue","ll_num":"006","repealed":"No","ulurpcpnum":"none","ll_sec":"83","intro_year":"2002","lleffect_dt":"01/07/2003","borough":"Queens","feat_type":"Corner name"},"geometry":{"type":"Point","coordinates":[-73.93425301155818,40.76279815894218]}},{"type":"Feature","properties":{"ll_type":"Honorary","intro_num":"0318","ll_limits":"the southeast corner of the intersection of Avenue L and East 53rd Street","intro_month":"12","amend_dt":null,"limits_er":null,"intro_day":"4","repeal_dt":null,"amendt_txt":null,"official_nm":"None","old_name":"None","amdyrllsec":null,"amended":"No","honor_name":"Firefighter Michael Roberts Corner","ll_num":"006","repealed":"No","ulurpcpnum":"none","ll_sec":"89","intro_year":"2002","lleffect_dt":"01/07/2003","borough":"Brooklyn","feat_type":"Corner name"},"geometry":{"type":"Point","coordinates":[-73.92432192694874,40.62362732965937]}},{"type":"Feature","properties":{"ll_type":"Honorary","intro_num":"0318","ll_limits":"the northwest corner of the intersection of Third Street and Ross Avenue","intro_month":"12","amend_dt":null,"limits_er":null,"intro_day":"4","repeal_dt":null,"amendt_txt":null,"official_nm":"None","old_name":"None","amdyrllsec":null,"amended":"No","honor_name":"Firefighter Joseph Maffeo Avenue","ll_num":"006","repealed":"No","ulurpcpnum":"none","ll_sec":"93","intro_year":"2002","lleffect_dt":"01/07/2003","borough":"Staten Island","feat_type":"Corner name"},"geometry":{"type":"Point","coordinates":[-74.12006363326063,40.57330193851299]}},{"type":"Feature","properties":{"ll_type":"Honorary","intro_num":"0318","ll_limits":"the northeast corner of the intersection of Richmond Avenue and Victory Boulevard","intro_month":"12","amend_dt":null,"limits_er":null,"intro_day":"4","repeal_dt":null,"amendt_txt":null,"official_nm":"None","old_name":"None","amdyrllsec":null,"amended":"No","honor_name":"Vassili G. Haramis Boulevard","ll_num":"006","repealed":"No","ulurpcpnum":"none","ll_sec":"97","intro_year":"2002","lleffect_dt":"01/07/2003","borough":"Staten Island","feat_type":"Corner name"},"geometry":{"type":"Point","coordinates":[-74.16228429405315,40.60734454566131]}},{"type":"Feature","properties":{"ll_type":"Honorary","intro_num":"0343","ll_limits":"the southeast corner of the intersection of Oakland Avenue and Forest Avenue","intro_month":"1","amend_dt":null,"limits_er":"Error: It’s the southwest corner","intro_day":"8","repeal_dt":null,"amendt_txt":null,"official_nm":"None","old_name":"None","amdyrllsec":null,"amended":"No","honor_name":"John Connelly Way","ll_num":"015","repealed":"No","ulurpcpnum":"none","ll_sec":"4","intro_year":"2003","lleffect_dt":"02/18/2003","borough":"Staten Island","feat_type":"Corner name"},"geometry":{"type":"Point","coordinates":[-74.11007068232072,40.62980062352463]}},{"type":"Feature","properties":{"ll_type":"Honorary","intro_num":"0343","ll_limits":"the southwest corner of the intersection of Beekman Street and Decker Avenue","intro_month":"1","amend_dt":null,"limits_er":null,"intro_day":"8","repeal_dt":null,"amendt_txt":null,"official_nm":"None","old_name":"None","amdyrllsec":null,"amended":"No","honor_name":"Battalion Chief Joseph Grzelak Way","ll_num":"015","repealed":"No","ulurpcpnum":"none","ll_sec":"5","intro_year":"2003","lleffect_dt":"02/18/2003","borough":"Staten Island","feat_type":"Corner name"},"geometry":{"type":"Point","coordinates":[-74.1380639379531,40.62756847135811]}},{"type":"Feature","properties":{"ll_type":"Honorary","intro_num":"0343","ll_limits":"the northwest corner of the intersection of Wainwright Avenue and Wilson Avenue","intro_month":"1","amend_dt":null,"limits_er":null,"intro_day":"8","repeal_dt":null,"amendt_txt":null,"official_nm":"None","old_name":"None","amdyrllsec":null,"amended":"No","honor_name":"Vincent M. Litto Place","ll_num":"015","repealed":"No","ulurpcpnum":"none","ll_sec":"7","intro_year":"2003","lleffect_dt":"02/18/2003","borough":"Staten Island","feat_type":"Corner name"},"geometry":{"type":"Point","coordinates":[-74.16857629202667,40.5447432162841]}},{"type":"Feature","properties":{"ll_type":"Honorary","intro_num":"0343","ll_limits":"the southeast corner of the intersection of Townsend Avenue and Tompkins Avenue","intro_month":"1","amend_dt":null,"limits_er":null,"intro_day":"8","repeal_dt":null,"amendt_txt":null,"official_nm":"None","old_name":"None","amdyrllsec":null,"amended":"No","honor_name":"Firefighter Eddy Day Way","ll_num":"015","repealed":"No","ulurpcpnum":"none","ll_sec":"14","intro_year":"2003","lleffect_dt":"02/18/2003","borough":"Staten Island","feat_type":"Corner name"},"geometry":{"type":"Point","coordinates":[-74.07542540929882,40.61847832201192]}},{"type":"Feature","properties":{"ll_type":"Honorary","intro_num":"0343","ll_limits":"the northeast corner of the intersection of Richmond Avenue and Nome Avenue","intro_month":"1","amend_dt":null,"limits_er":null,"intro_day":"8","repeal_dt":null,"amendt_txt":null,"official_nm":"None","old_name":"None","amdyrllsec":null,"amended":"No","honor_name":"Firefighter Lou Arena Drive","ll_num":"015","repealed":"No","ulurpcpnum":"none","ll_sec":"20","intro_year":"2003","lleffect_dt":"02/18/2003","borough":"Staten Island","feat_type":"Corner name"},"geometry":{"type":"Point","coordinates":[-74.16549808457826,40.590617730060245]}},{"type":"Feature","properties":{"ll_type":"Honorary","intro_num":"0343","ll_limits":"the southeast corner of the intersection of Forest Avenue and Van Name Avenue","intro_month":"1","amend_dt":null,"limits_er":null,"intro_day":"8","repeal_dt":null,"amendt_txt":null,"official_nm":"None","old_name":"None","amdyrllsec":null,"amended":"No","honor_name":"James Patrick Ladley Way","ll_num":"015","repealed":"No","ulurpcpnum":"none","ll_sec":"22","intro_year":"2003","lleffect_dt":"02/18/2003","borough":"Staten Island","feat_type":"Corner name"},"geometry":{"type":"Point","coordinates":[-74.15443277351758,40.62559988872135]}},{"type":"Feature","properties":{"ll_type":"Honorary","intro_num":"0343","ll_limits":"the southwest corner of the intersection of 34th Avenue and 21st Street","intro_month":"1","amend_dt":null,"limits_er":null,"intro_day":"8","repeal_dt":null,"amendt_txt":null,"official_nm":"None","old_name":"None","amdyrllsec":null,"amended":"No","honor_name":"FF Manuel Mojica, Jr., FDNY Avenue","ll_num":"015","repealed":"No","ulurpcpnum":"none","ll_sec":"28","intro_year":"2003","lleffect_dt":"02/18/2003","borough":"Staten Island","feat_type":"Corner name"},"geometry":{"type":"Point","coordinates":[-73.93425301155818,40.76279815894218]}},{"type":"Feature","properties":{"ll_type":"Honorary","intro_num":"0437","ll_limits":"the northwest corner of the intersection of 14th Road and 118th Street","intro_month":"4","amend_dt":null,"limits_er":null,"intro_day":"30","repeal_dt":"10/20/2003","amendt_txt":null,"official_nm":"None","old_name":"None","amdyrllsec":null,"amended":"No","honor_name":"Firefighter Carl John Bedigian Road","ll_num":"034","repealed":"Yes","ulurpcpnum":"none","ll_sec":"4","intro_year":"2003","lleffect_dt":"06/03/2003","borough":"Queens","feat_type":"Corner name"},"geometry":{"type":"Point","coordinates":[-73.84955097087764,40.78482507664388]}},{"type":"Feature","properties":{"ll_type":"Honorary","intro_num":"0437","ll_limits":"the intersection of Castle Hill Road and Watson Avenue","intro_month":"4","amend_dt":null,"limits_er":null,"intro_day":"30","repeal_dt":null,"amendt_txt":null,"official_nm":"None","old_name":"None","amdyrllsec":null,"amended":"No","honor_name":"Yvette Nicole Moreno Place","ll_num":"034","repealed":"No","ulurpcpnum":"none","ll_sec":"6","intro_year":"2003","lleffect_dt":"06/03/2003","borough":"Bronx","feat_type":"Intersection name"},"geometry":{"type":"Point","coordinates":[-73.85053713681505,40.82977684962848]}},{"type":"Feature","properties":{"ll_type":"Honorary","intro_num":"0437","ll_limits":"the intersection of 65th Drive and 75th Place","intro_month":"4","amend_dt":null,"limits_er":null,"intro_day":"30","repeal_dt":null,"amendt_txt":null,"official_nm":"None","old_name":"None","amdyrllsec":null,"amended":"No","honor_name":"Dianne T. Signer Drive","ll_num":"034","repealed":"No","ulurpcpnum":"none","ll_sec":"8","intro_year":"2003","lleffect_dt":"06/03/2003","borough":"Queens","feat_type":"Intersection name"},"geometry":{"type":"Point","coordinates":[-73.87907396844051,40.716274026080505]}},{"type":"Feature","properties":{"ll_type":"Honorary","intro_num":"0437","ll_limits":"the intersection of Forest Avenue and Woodbine Street","intro_month":"4","amend_dt":null,"limits_er":null,"intro_day":"30","repeal_dt":null,"amendt_txt":null,"official_nm":"None","old_name":"None","amdyrllsec":null,"amended":"No","honor_name":"Frank Koestner Avenue","ll_num":"034","repealed":"No","ulurpcpnum":"none","ll_sec":"9","intro_year":"2003","lleffect_dt":"06/03/2003","borough":"Queens","feat_type":"Intersection name"},"geometry":{"type":"Point","coordinates":[-73.90283955725911,40.70649369608643]}},{"type":"Feature","properties":{"ll_type":"Honorary","intro_num":"0437","ll_limits":"the intersection of Admiral Avenue and Metropolitan Avenue","intro_month":"4","amend_dt":null,"limits_er":null,"intro_day":"30","repeal_dt":null,"amendt_txt":null,"official_nm":"None","old_name":"None","amdyrllsec":null,"amended":"No","honor_name":"Christina Donovan-Flannery Avenue","ll_num":"034","repealed":"No","ulurpcpnum":"none","ll_sec":"10","intro_year":"2003","lleffect_dt":"06/03/2003","borough":"Queens","feat_type":"Intersection name"},"geometry":{"type":"Point","coordinates":[-73.8976832260971,40.712580297628065]}},{"type":"Feature","properties":{"ll_type":"Honorary","intro_num":"0437","ll_limits":"the intersection of 50th Avenue and Vernon Boulevard","intro_month":"4","amend_dt":null,"limits_er":null,"intro_day":"30","repeal_dt":null,"amendt_txt":null,"official_nm":"None","old_name":"None","amdyrllsec":null,"amended":"No","honor_name":"P.O. Paul Talty Way","ll_num":"034","repealed":"No","ulurpcpnum":"none","ll_sec":"11","intro_year":"2003","lleffect_dt":"06/03/2003","borough":"Queens","feat_type":"Intersection name"},"geometry":{"type":"Point","coordinates":[-73.9541087839709,40.74272854662752]}},{"type":"Feature","properties":{"ll_type":"Honorary","intro_num":"0437","ll_limits":"the intersection of Vernon Boulevard and 51st Avenue","intro_month":"4","amend_dt":null,"limits_er":null,"intro_day":"30","repeal_dt":null,"amendt_txt":null,"official_nm":"None","old_name":"None","amdyrllsec":null,"amended":"No","honor_name":"Felicia Hamilton Way","ll_num":"034","repealed":"No","ulurpcpnum":"none","ll_sec":"14","intro_year":"2003","lleffect_dt":"06/03/2003","borough":"Queens","feat_type":"Intersection name"},"geometry":{"type":"Point","coordinates":[-73.95435566268625,40.742042989649235]}},{"type":"Feature","properties":{"ll_type":"Honorary","intro_num":"0437","ll_limits":"the intersection of Bradford Avenue and Foster Road","intro_month":"4","amend_dt":null,"limits_er":null,"intro_day":"30","repeal_dt":null,"amendt_txt":null,"official_nm":"None","old_name":"None","amdyrllsec":null,"amended":"No","honor_name":"Harry Taback Avenue","ll_num":"034","repealed":"No","ulurpcpnum":"none","ll_sec":"20","intro_year":"2003","lleffect_dt":"06/03/2003","borough":"Staten Island","feat_type":"Intersection name"},"geometry":{"type":"Point","coordinates":[-74.20280308251097,40.531045152539356]}},{"type":"Feature","properties":{"ll_type":"Honorary","intro_num":"0437","ll_limits":"the intersection of Huguenot Avenue and Rensselaer Avenue","intro_month":"4","amend_dt":null,"limits_er":null,"intro_day":"30","repeal_dt":null,"amendt_txt":null,"official_nm":"None","old_name":"None","amdyrllsec":null,"amended":"No","honor_name":"Paul J. Simon Avenue","ll_num":"034","repealed":"No","ulurpcpnum":"none","ll_sec":"21","intro_year":"2003","lleffect_dt":"06/03/2003","borough":"Staten Island","feat_type":"Intersection name"},"geometry":{"type":"Point","coordinates":[-74.19609298418584,40.54049773651381]}},{"type":"Feature","properties":{"ll_type":"Honorary","intro_num":"0437","ll_limits":"the intersection of Foster Road and Ramona Avenue","intro_month":"4","amend_dt":null,"limits_er":null,"intro_day":"30","repeal_dt":null,"amendt_txt":null,"official_nm":"None","old_name":"None","amdyrllsec":null,"amended":"No","honor_name":"John Di Fato Avenue","ll_num":"034","repealed":"No","ulurpcpnum":"none","ll_sec":"22","intro_year":"2003","lleffect_dt":"06/03/2003","borough":"Staten Island","feat_type":"Intersection name"},"geometry":{"type":"Point","coordinates":[-74.2049945174938,40.53649711140391]}},{"type":"Feature","properties":{"ll_type":"Honorary","intro_num":"0437","ll_limits":"the intersection of Hylan Boulevard and Woodvale Avenue","intro_month":"4","amend_dt":null,"limits_er":null,"intro_day":"30","repeal_dt":null,"amendt_txt":null,"official_nm":"None","old_name":"None","amdyrllsec":null,"amended":"No","honor_name":"Firefighter Patrick Byrne Ladder 101, FDNY Avenue","ll_num":"034","repealed":"No","ulurpcpnum":"none","ll_sec":"23","intro_year":"2003","lleffect_dt":"06/03/2003","borough":"Staten Island","feat_type":"Intersection name"},"geometry":{"type":"Point","coordinates":[-74.20624778108662,40.5144151547879]}},{"type":"Feature","properties":{"ll_type":"Honorary","intro_num":"0437","ll_limits":"the southeast corner of the intersection of Wenlock Street and Simonson Avenue","intro_month":"4","amend_dt":null,"limits_er":null,"intro_day":"30","repeal_dt":null,"amendt_txt":null,"official_nm":"None","old_name":"None","amdyrllsec":null,"amended":"No","honor_name":"Clement A. Fumando Way","ll_num":"034","repealed":"No","ulurpcpnum":"none","ll_sec":"29","intro_year":"2003","lleffect_dt":"06/03/2003","borough":"Staten Island","feat_type":"Corner name"},"geometry":{"type":"Point","coordinates":[-74.15278244500972,40.62727605368512]}},{"type":"Feature","properties":{"ll_type":"Honorary","intro_num":"0437","ll_limits":"the southeast corner of the intersection of Oakland Avenue and Whitewood Avenue","intro_month":"4","amend_dt":null,"limits_er":null,"intro_day":"30","repeal_dt":null,"amendt_txt":null,"official_nm":"None","old_name":"None","amdyrllsec":null,"amended":"No","honor_name":"Firefighter Sean S. Hanley Way","ll_num":"034","repealed":"No","ulurpcpnum":"none","ll_sec":"30","intro_year":"2003","lleffect_dt":"06/03/2003","borough":"Staten Island","feat_type":"Corner name"},"geometry":{"type":"Point","coordinates":[-74.10882478978476,40.62394695483671]}},{"type":"Feature","properties":{"ll_type":"Honorary","intro_num":"0437","ll_limits":"the southeast corner of the intersection of Monroe Avenue and Victory Boulevard","intro_month":"4","amend_dt":null,"limits_er":null,"intro_day":"30","repeal_dt":null,"amendt_txt":null,"official_nm":"None","old_name":"None","amdyrllsec":null,"amended":"No","honor_name":"Officer Donald A. Foreman Way","ll_num":"034","repealed":"No","ulurpcpnum":"none","ll_sec":"31","intro_year":"2003","lleffect_dt":"06/03/2003","borough":"Staten Island","feat_type":"Corner name"},"geometry":{"type":"Point","coordinates":[-74.07870107897341,40.638190165431176]}},{"type":"Feature","properties":{"ll_type":"Honorary","intro_num":"0437","ll_limits":"the southeast corner of the intersection of Sharon Avenue and Forest Avenue","intro_month":"4","amend_dt":null,"limits_er":null,"intro_day":"30","repeal_dt":null,"amendt_txt":null,"official_nm":"None","old_name":"None","amdyrllsec":null,"amended":"No","honor_name":"Firefighter Kenneth B. Kumpel Way","ll_num":"034","repealed":"No","ulurpcpnum":"none","ll_sec":"32","intro_year":"2003","lleffect_dt":"06/03/2003","borough":"Staten Island","feat_type":"Corner name"},"geometry":{"type":"Point","coordinates":[-74.10249145203413,40.63084784379721]}},{"type":"Feature","properties":{"ll_type":"Honorary","intro_num":"0437","ll_limits":"the northwest corner of the intersection of Hope Avenue and Bay  Street","intro_month":"4","amend_dt":null,"limits_er":null,"intro_day":"30","repeal_dt":null,"amendt_txt":null,"official_nm":"None","old_name":"None","amdyrllsec":null,"amended":"No","honor_name":"Firefighter James M. Gray Way","ll_num":"034","repealed":"No","ulurpcpnum":"none","ll_sec":"33","intro_year":"2003","lleffect_dt":"06/03/2003","borough":"Staten Island","feat_type":"Corner name"},"geometry":{"type":"Point","coordinates":[-74.06379049267761,40.610756606243406]}},{"type":"Feature","properties":{"ll_type":"Honorary","intro_num":"0437","ll_limits":"the southeast corner of The intersection of Muller Avenue and Waters Avenue","intro_month":"4","amend_dt":null,"limits_er":null,"intro_day":"30","repeal_dt":"6/14/2007","amendt_txt":null,"official_nm":"None","old_name":"None","amdyrllsec":null,"amended":"No","honor_name":"Daniel R. Notaro Way","ll_num":"034","repealed":"Yes","ulurpcpnum":"none","ll_sec":"34","intro_year":"2003","lleffect_dt":"06/03/2003","borough":"Staten Island","feat_type":"Corner name"},"geometry":{"type":"Point","coordinates":[-74.1411352522005,40.617974240069856]}},{"type":"Feature","properties":{"ll_type":"Honorary","intro_num":"0437","ll_limits":"the northwest corner of the intersection of Bache Avenue and Clawson Street","intro_month":"4","amend_dt":null,"limits_er":null,"intro_day":"30","repeal_dt":null,"amendt_txt":null,"official_nm":"None","old_name":"None","amdyrllsec":null,"amended":"No","honor_name":"Firefighter Joseph A. Masacali Way","ll_num":"034","repealed":"No","ulurpcpnum":"none","ll_sec":"36","intro_year":"2003","lleffect_dt":"06/03/2003","borough":"Staten Island","feat_type":"Corner name"},"geometry":{"type":"Point","coordinates":[-74.11062166401393,40.572722110487135]}},{"type":"Feature","properties":{"ll_type":"Honorary","intro_num":"0437","ll_limits":"the intersection of Bell Boulevard and 212th Street","intro_month":"4","amend_dt":null,"limits_er":null,"intro_day":"30","repeal_dt":null,"amendt_txt":null,"official_nm":"None","old_name":"None","amdyrllsec":null,"amended":"No","honor_name":"100th Infantry Division Boulevard","ll_num":"034","repealed":"No","ulurpcpnum":"none","ll_sec":"41","intro_year":"2003","lleffect_dt":"06/03/2003","borough":"Queens","feat_type":"Intersection name"},"geometry":{"type":"Point","coordinates":[-73.78227013097226,40.788660613956736]}},{"type":"Feature","properties":{"ll_type":"Honorary","intro_num":"0437","ll_limits":"the northwest corner of the intersection of Liberty Avenue and Forbell Street","intro_month":"4","amend_dt":null,"limits_er":null,"intro_day":"30","repeal_dt":null,"amendt_txt":null,"official_nm":"None","old_name":"None","amdyrllsec":null,"amended":"No","honor_name":"Mizanur Rahman Way","ll_num":"034","repealed":"No","ulurpcpnum":"none","ll_sec":"47","intro_year":"2003","lleffect_dt":"06/03/2003","borough":"Brooklyn","feat_type":"Corner name"},"geometry":{"type":"Point","coordinates":[-73.86435993007821,40.67915285137785]}},{"type":"Feature","properties":{"ll_type":"Honorary","intro_num":"0437","ll_limits":"the intersection of Queens Boulevard and 33rd Street","intro_month":"4","amend_dt":null,"limits_er":null,"intro_day":"30","repeal_dt":null,"amendt_txt":null,"official_nm":"None","old_name":"None","amdyrllsec":null,"amended":"No","honor_name":"Rawson Street","ll_num":"034","repealed":"No","ulurpcpnum":"none","ll_sec":"52","intro_year":"2003","lleffect_dt":"06/03/2003","borough":"Queens","feat_type":"Intersection name"},"geometry":{"type":"Point","coordinates":[-73.93168246853817,40.74466897909363]}},{"type":"Feature","properties":{"ll_type":"Honorary","intro_num":"0437","ll_limits":"the intersection of Queens Boulevard and 40th Street","intro_month":"4","amend_dt":null,"limits_er":null,"intro_day":"30","repeal_dt":null,"amendt_txt":null,"official_nm":"None","old_name":"None","amdyrllsec":null,"amended":"No","honor_name":"Lowery Street","ll_num":"034","repealed":"No","ulurpcpnum":"none","ll_sec":"53","intro_year":"2003","lleffect_dt":"06/03/2003","borough":"Queens","feat_type":"Intersection name"},"geometry":{"type":"Point","coordinates":[-73.9242586247588,40.74380835031544]}},{"type":"Feature","properties":{"ll_type":"Honorary","intro_num":"0437","ll_limits":"the intersection of Queens Boulevard and 46th Street","intro_month":"4","amend_dt":null,"limits_er":null,"intro_day":"30","repeal_dt":null,"amendt_txt":null,"official_nm":"None","old_name":"None","amdyrllsec":null,"amended":"No","honor_name":"Bliss Street","ll_num":"034","repealed":"No","ulurpcpnum":"none","ll_sec":"54","intro_year":"2003","lleffect_dt":"06/03/2003","borough":"Queens","feat_type":"Intersection name"},"geometry":{"type":"Point","coordinates":[-73.91870218526878,40.7431557377775]}},{"type":"Feature","properties":{"ll_type":"Honorary","intro_num":"0437","ll_limits":"the intersection of Woodside Avenue and 58th Street","intro_month":"4","amend_dt":null,"limits_er":null,"intro_day":"30","repeal_dt":null,"amendt_txt":null,"official_nm":"None","old_name":"None","amdyrllsec":null,"amended":"No","honor_name":"Edward Fowley Way","ll_num":"034","repealed":"No","ulurpcpnum":"none","ll_sec":"55","intro_year":"2003","lleffect_dt":"06/03/2003","borough":"Queens","feat_type":"Intersection name"},"geometry":{"type":"Point","coordinates":[-73.90641883745477,40.74563477474748]}},{"type":"Feature","properties":{"ll_type":"Honorary","intro_num":"0437","ll_limits":"the southeast corner of the intersection of Hooker Place and Port Richmond Avenue","intro_month":"4","amend_dt":null,"limits_er":null,"intro_day":"30","repeal_dt":null,"amendt_txt":null,"official_nm":"None","old_name":"None","amdyrllsec":null,"amended":"No","honor_name":"Carlo Denino Way","ll_num":"034","repealed":"No","ulurpcpnum":"none","ll_sec":"59","intro_year":"2003","lleffect_dt":"06/03/2003","borough":"Staten Island","feat_type":"Corner name"},"geometry":{"type":"Point","coordinates":[-74.13990372789466,40.630188379160515]}},{"type":"Feature","properties":{"ll_type":"Honorary","intro_num":"0437","ll_limits":"the northwest corner of the intersection of Sheepshead Bay Road and Emmons Avenue","intro_month":"4","amend_dt":null,"limits_er":null,"intro_day":"30","repeal_dt":null,"amendt_txt":null,"official_nm":"None","old_name":"None","amdyrllsec":null,"amended":"No","honor_name":"Lena Azizo Cymbrowitz Way","ll_num":"034","repealed":"No","ulurpcpnum":"none","ll_sec":"61","intro_year":"2003","lleffect_dt":"06/03/2003","borough":"Brooklyn","feat_type":"Corner name"},"geometry":{"type":"Point","coordinates":[-73.95053892530998,40.58358055533236]}},{"type":"Feature","properties":{"ll_type":"Honorary","intro_num":"0437","ll_limits":"the intersection of West Fordham Road and University Avenue","intro_month":"4","amend_dt":null,"limits_er":null,"intro_day":"30","repeal_dt":null,"amendt_txt":null,"official_nm":"None","old_name":"None","amdyrllsec":null,"amended":"No","honor_name":"Michael Reidy Pathway","ll_num":"034","repealed":"No","ulurpcpnum":"none","ll_sec":"71","intro_year":"2003","lleffect_dt":"06/03/2003","borough":"Bronx","feat_type":"Intersection name"},"geometry":{"type":"Point","coordinates":[-73.90493385966674,40.862749574224935]}},{"type":"Feature","properties":{"ll_type":"Honorary","intro_num":"0437","ll_limits":"the intersection of 145th Street and Frederick Douglas Boulevard","intro_month":"4","amend_dt":null,"limits_er":null,"intro_day":"30","repeal_dt":null,"amendt_txt":null,"official_nm":"None","old_name":"None","amdyrllsec":null,"amended":"No","honor_name":"The Claude Brown Corner","ll_num":"034","repealed":"No","ulurpcpnum":"none","ll_sec":"79","intro_year":"2003","lleffect_dt":"06/03/2003","borough":"Manhattan","feat_type":"Intersection name"},"geometry":{"type":"Point","coordinates":[-73.94191717435045,40.822837519840554]}},{"type":"Feature","properties":{"ll_type":"Honorary","intro_num":"0368","ll_limits":"Northeast corner of 46th Street and 7th Avenue","intro_month":"6","amend_dt":null,"limits_er":null,"intro_day":"13","repeal_dt":null,"amendt_txt":null,"official_nm":"None","old_name":"None","amdyrllsec":null,"amended":"No","honor_name":"Actors’ Equity Corner","ll_num":"023","repealed":"No","ulurpcpnum":"none","ll_sec":"4","intro_year":"2006","lleffect_dt":"07/11/2006","borough":"Manhattan","feat_type":"Intersection name"},"geometry":{"type":"Point","coordinates":[-73.98489458403341,40.758594448294204]}},{"type":"Feature","properties":{"ll_type":"Honorary","intro_num":"0368","ll_limits":"17th Avenue and 72nd Street","intro_month":"6","amend_dt":null,"limits_er":null,"intro_day":"13","repeal_dt":null,"amendt_txt":null,"official_nm":"None","old_name":"None","amdyrllsec":null,"amended":"No","honor_name":"Josephine Diana Boulevard","ll_num":"023","repealed":"No","ulurpcpnum":"none","ll_sec":"5","intro_year":"2006","lleffect_dt":"07/11/2006","borough":"Brooklyn","feat_type":"Intersection name"},"geometry":{"type":"Point","coordinates":[-73.99658204835401,40.616554738088624]}},{"type":"Feature","properties":{"ll_type":"Honorary","intro_num":"0368","ll_limits":"West 116th Street and Adam Clayton Powell, Jr. Boulevard","intro_month":"6","amend_dt":null,"limits_er":null,"intro_day":"13","repeal_dt":null,"amendt_txt":null,"official_nm":"None","old_name":"None","amdyrllsec":null,"amended":"No","honor_name":"Dr. Reverend Wyatt Tee Walker Square","ll_num":"023","repealed":"No","ulurpcpnum":"none","ll_sec":"8","intro_year":"2006","lleffect_dt":"07/11/2006","borough":"Manhattan","feat_type":"Intersection name"},"geometry":{"type":"Point","coordinates":[-73.95252974960275,40.80321652953291]}},{"type":"Feature","properties":{"ll_type":"Honorary","intro_num":"0342","ll_limits":"the southeast corner of the intersection of Fordham Road and Walton Avenue","intro_month":"1","amend_dt":null,"limits_er":null,"intro_day":"8","repeal_dt":null,"amendt_txt":null,"official_nm":"None","old_name":"None","amdyrllsec":null,"amended":"No","honor_name":"Angel Luis Rosario Place","ll_num":"014","repealed":"No","ulurpcpnum":"none","ll_sec":"3","intro_year":"2003","lleffect_dt":"02/18/2003","borough":"Bronx","feat_type":"Corner name"},"geometry":{"type":"Point","coordinates":[-73.90027657878142,40.862336316113584]}},{"type":"Feature","properties":{"ll_type":"Honorary","intro_num":"0342","ll_limits":"the northwest corner of the intersection of William Avenue and Hylan Boulevard","intro_month":"1","amend_dt":null,"limits_er":null,"intro_day":"8","repeal_dt":null,"amendt_txt":null,"official_nm":"None","old_name":"None","amdyrllsec":null,"amended":"No","honor_name":"Stephen \"Snapper\" Knapp Place","ll_num":"014","repealed":"No","ulurpcpnum":"none","ll_sec":"10","intro_year":"2003","lleffect_dt":"02/18/2003","borough":"Staten Island","feat_type":"Corner name"},"geometry":{"type":"Point","coordinates":[-74.14944981083319,40.53845664907365]}},{"type":"Feature","properties":{"ll_type":"Honorary","intro_num":"0342","ll_limits":"the northeast corner of the intersection of Bennett Street and Park Avenue","intro_month":"1","amend_dt":null,"limits_er":null,"intro_day":"8","repeal_dt":null,"amendt_txt":null,"official_nm":"None","old_name":"None","amdyrllsec":null,"amended":"No","honor_name":"Rev. Dr. William A. Epps, Jr. Place","ll_num":"014","repealed":"No","ulurpcpnum":"none","ll_sec":"14","intro_year":"2003","lleffect_dt":"02/18/2003","borough":"Staten Island","feat_type":"Corner name"},"geometry":{"type":"Point","coordinates":[-74.13194185752317,40.63775012347769]}},{"type":"Feature","properties":{"ll_type":"Honorary","intro_num":"0342","ll_limits":"the southeast corner of the intersection of Hill Street and Warren Street","intro_month":"1","amend_dt":null,"limits_er":null,"intro_day":"8","repeal_dt":null,"amendt_txt":null,"official_nm":"None","old_name":"None","amdyrllsec":null,"amended":"No","honor_name":"Cheryl White Place","ll_num":"014","repealed":"No","ulurpcpnum":"none","ll_sec":"15","intro_year":"2003","lleffect_dt":"02/18/2003","borough":"Staten Island","feat_type":"Corner name"},"geometry":{"type":"Point","coordinates":[-74.08171366568,40.62078103075238]}},{"type":"Feature","properties":{"ll_type":"Honorary","intro_num":"0342","ll_limits":"the southeast corner of the intersection of West Buchanan Street and Lafayette Avenue","intro_month":"1","amend_dt":null,"limits_er":null,"intro_day":"8","repeal_dt":null,"amendt_txt":null,"official_nm":"None","old_name":"None","amdyrllsec":null,"amended":"No","honor_name":"Caccese Way","ll_num":"014","repealed":"No","ulurpcpnum":"none","ll_sec":"16","intro_year":"2003","lleffect_dt":"02/18/2003","borough":"Staten Island","feat_type":"Corner name"},"geometry":{"type":"Point","coordinates":[-74.0952249164726,40.64264792013668]}},{"type":"Feature","properties":{"ll_type":"Honorary","intro_num":"0342","ll_limits":"the southeast corner of the intersection of West 57th Street and 7th Avenue","intro_month":"1","amend_dt":null,"limits_er":null,"intro_day":"8","repeal_dt":null,"amendt_txt":null,"official_nm":"None","old_name":"None","amdyrllsec":null,"amended":"No","honor_name":"Isaac Stern Place","ll_num":"014","repealed":"No","ulurpcpnum":"none","ll_sec":"19","intro_year":"2003","lleffect_dt":"02/18/2003","borough":"Manhattan","feat_type":"Corner name"},"geometry":{"type":"Point","coordinates":[-73.97996931418155,40.76533709485348]}},{"type":"Feature","properties":{"ll_type":"Honorary","intro_num":"0342","ll_limits":"the southwest corner of the intersection of Schley Avenue and Wilcox Avenue","intro_month":"1","amend_dt":null,"limits_er":null,"intro_day":"8","repeal_dt":null,"amendt_txt":null,"official_nm":"None","old_name":"None","amdyrllsec":null,"amended":"No","honor_name":"Dr. Carlo Mannino Place","ll_num":"014","repealed":"No","ulurpcpnum":"none","ll_sec":"22","intro_year":"2003","lleffect_dt":"02/18/2003","borough":"Bronx","feat_type":"Corner name"},"geometry":{"type":"Point","coordinates":[-73.81425052886135,40.82718851181854]}},{"type":"Feature","properties":{"ll_type":"Honorary","intro_num":"0342","ll_limits":"the northwest corner bicycle traffic signal at the intersection of 6th Avenue and 33rd Street","intro_month":"1","amend_dt":null,"limits_er":null,"intro_day":"8","repeal_dt":null,"amendt_txt":null,"official_nm":"None","old_name":"None","amdyrllsec":null,"amended":"No","honor_name":"J.A. Lobbia Bike Lane","ll_num":"014","repealed":"No","ulurpcpnum":"none","ll_sec":"26","intro_year":"2003","lleffect_dt":"02/18/2003","borough":"Manhattan","feat_type":"Bike lane name"},"geometry":{"type":"Point","coordinates":[-73.98833976573694,40.749253627977666]}},{"type":"Feature","properties":{"ll_type":"Honorary","intro_num":"0342","ll_limits":"the southeast corner of the intersection of State Street and Bond Street","intro_month":"1","amend_dt":null,"limits_er":null,"intro_day":"8","repeal_dt":null,"amendt_txt":null,"official_nm":"None","old_name":"None","amdyrllsec":null,"amended":"No","honor_name":"Khay Cochran Place","ll_num":"014","repealed":"No","ulurpcpnum":"none","ll_sec":"32","intro_year":"2003","lleffect_dt":"02/18/2003","borough":"Brooklyn","feat_type":"Corner name"},"geometry":{"type":"Point","coordinates":[-73.98437864166279,40.687472015597834]}},{"type":"Feature","properties":{"ll_type":"Honorary","intro_num":"0342","ll_limits":"the northwest corner of the intersection of State Street and Nevins Street","intro_month":"1","amend_dt":null,"limits_er":null,"intro_day":"8","repeal_dt":null,"amendt_txt":null,"official_nm":"None","old_name":"None","amdyrllsec":null,"amended":"No","honor_name":"Leonard and Harriet Walit Way","ll_num":"014","repealed":"No","ulurpcpnum":"none","ll_sec":"33","intro_year":"2003","lleffect_dt":"02/18/2003","borough":"Brooklyn","feat_type":"Corner name"},"geometry":{"type":"Point","coordinates":[-73.98225730338342,40.68681256456347]}},{"type":"Feature","properties":{"ll_type":"Honorary","intro_num":"0289","ll_limits":"Northwest corner of Avenue N and Schenectady Avenue","intro_month":"4","amend_dt":null,"limits_er":null,"intro_day":"26","repeal_dt":null,"amendt_txt":null,"official_nm":"None","old_name":"None","amdyrllsec":null,"amended":"No","honor_name":"Bob Stonehill Way","ll_num":"013","repealed":"No","ulurpcpnum":"none","ll_sec":"1","intro_year":"2006","lleffect_dt":"05/23/2006","borough":"Brooklyn","feat_type":"Intersection name"},"geometry":{"type":"Point","coordinates":[-73.92994063411057,40.618871151422745]}},{"type":"Feature","properties":{"ll_type":"Honorary","intro_num":"0289","ll_limits":"East 56th Street and Farragut Road","intro_month":"4","amend_dt":null,"limits_er":null,"intro_day":"26","repeal_dt":null,"amendt_txt":null,"official_nm":"East 56th Street","old_name":"none","amdyrllsec":null,"amended":"No","honor_name":"In Memory of Police Officer James Carragher","ll_num":"013","repealed":"No","ulurpcpnum":"none","ll_sec":"2","intro_year":"2006","lleffect_dt":"05/23/2006","borough":"Brooklyn","feat_type":"Corner name"},"geometry":{"type":"Point","coordinates":[-73.9228324925005,40.63554299401343]}},{"type":"Feature","properties":{"ll_type":"Honorary","intro_num":"0289","ll_limits":"Underneath Bard Avenue and the Northeast corner of Walnut Street","intro_month":"4","amend_dt":null,"limits_er":null,"intro_day":"26","repeal_dt":null,"amendt_txt":null,"official_nm":"None","old_name":"Bard Avenue","amdyrllsec":null,"amended":"No","honor_name":"Richard A. Carabba Way","ll_num":"013","repealed":"No","ulurpcpnum":"none","ll_sec":"4","intro_year":"2006","lleffect_dt":"05/23/2006","borough":"Staten Island","feat_type":"Intersection name"},"geometry":{"type":"Point","coordinates":[-74.10743475432228,40.63957687430016]}},{"type":"Feature","properties":{"ll_type":"Honorary","intro_num":"0289","ll_limits":"Bay 11th Street and 86th Street","intro_month":"4","amend_dt":null,"limits_er":null,"intro_day":"26","repeal_dt":null,"amendt_txt":null,"official_nm":"None","old_name":"None","amdyrllsec":null,"amended":"No","honor_name":"Peter Campisi Way","ll_num":"013","repealed":"No","ulurpcpnum":"none","ll_sec":"7","intro_year":"2006","lleffect_dt":"05/23/2006","borough":"Brooklyn","feat_type":"Intersection name"},"geometry":{"type":"Point","coordinates":[-74.00805105412124,40.61052395248585]}},{"type":"Feature","properties":{"ll_type":"Honorary","intro_num":"0289","ll_limits":"Underneath the West Street sign at the Southeast corner of Cary Avenue","intro_month":"4","amend_dt":null,"limits_er":null,"intro_day":"26","repeal_dt":null,"amendt_txt":null,"official_nm":"None","old_name":"None","amdyrllsec":null,"amended":"No","honor_name":"Pvt. Joseph M. Merrell Jr. American Legion Post Corner","ll_num":"013","repealed":"No","ulurpcpnum":"none","ll_sec":"8","intro_year":"2006","lleffect_dt":"05/23/2006","borough":"Staten Island","feat_type":"Intersection name"},"geometry":{"type":"Point","coordinates":[-74.11801806823024,40.63245622441948]}},{"type":"Feature","properties":{"ll_type":"Honorary","intro_num":"0289","ll_limits":"Underneath the Stewart Avenue sign at the Northeast corner of Victory Blvd","intro_month":"4","amend_dt":null,"limits_er":null,"intro_day":"26","repeal_dt":null,"amendt_txt":null,"official_nm":"None","old_name":"None","amdyrllsec":null,"amended":"No","honor_name":"SI Borough President (1977-1984) Anthony R. Gaeta Place","ll_num":"013","repealed":"No","ulurpcpnum":"none","ll_sec":"9","intro_year":"2006","lleffect_dt":"05/23/2006","borough":"Staten Island","feat_type":"Intersection name"},"geometry":{"type":"Point","coordinates":[-74.14587699029985,40.61046350786536]}},{"type":"Feature","properties":{"ll_type":"Honorary","intro_num":"0289","ll_limits":"Corner of 19th Avenue and Hazen Street","intro_month":"4","amend_dt":null,"limits_er":null,"intro_day":"26","repeal_dt":null,"amendt_txt":null,"official_nm":"None","old_name":"None","amdyrllsec":null,"amended":"No","honor_name":"Avenue of the Boldest","ll_num":"013","repealed":"No","ulurpcpnum":"none","ll_sec":"11","intro_year":"2006","lleffect_dt":"05/23/2006","borough":"Queens","feat_type":"Intersection name"},"geometry":{"type":"Point","coordinates":[-73.89288992597096,40.773807661266616]}},{"type":"Feature","properties":{"ll_type":"Honorary","intro_num":"0289","ll_limits":"Port Richmond Avenue at the North side of New Street","intro_month":"4","amend_dt":null,"limits_er":null,"intro_day":"26","repeal_dt":null,"amendt_txt":null,"official_nm":"None","old_name":"None","amdyrllsec":null,"amended":"No","honor_name":"Carmelo Tirone Way","ll_num":"013","repealed":"No","ulurpcpnum":"none","ll_sec":"12","intro_year":"2006","lleffect_dt":"05/23/2006","borough":"Staten Island","feat_type":"Intersection name"},"geometry":{"type":"Point","coordinates":[-74.1339609891747,40.63700812085413]}},{"type":"Feature","properties":{"ll_type":"Honorary","intro_num":"0289","ll_limits":"Southeast corner of Crescent Street and 36th Avenue","intro_month":"4","amend_dt":null,"limits_er":null,"intro_day":"26","repeal_dt":null,"amendt_txt":null,"official_nm":"None","old_name":"None","amdyrllsec":null,"amended":"No","honor_name":"Bob Wilson Way","ll_num":"013","repealed":"No","ulurpcpnum":"none","ll_sec":"16","intro_year":"2006","lleffect_dt":"05/23/2006","borough":"Queens","feat_type":"Intersection name"},"geometry":{"type":"Point","coordinates":[-73.93332855227575,40.758140077841155]}},{"type":"Feature","properties":{"ll_type":"Honorary","intro_num":"0289","ll_limits":"West 19th Street and the Intersection at Surf Avenue","intro_month":"4","amend_dt":null,"limits_er":null,"intro_day":"26","repeal_dt":null,"amendt_txt":null,"official_nm":"None","old_name":"None","amdyrllsec":null,"amended":"No","honor_name":"Brooklyn Wall of Remembrance Way","ll_num":"013","repealed":"No","ulurpcpnum":"none","ll_sec":"20","intro_year":"2006","lleffect_dt":"05/23/2006","borough":"Brooklyn","feat_type":"Intersection name"},"geometry":{"type":"Point","coordinates":[-73.98557308943097,40.575149962175395]}},{"type":"Feature","properties":{"ll_type":"Honorary","intro_num":"0289","ll_limits":"Southeast corner of West 215th Street and Indian Road","intro_month":"4","amend_dt":null,"limits_er":null,"intro_day":"26","repeal_dt":null,"amendt_txt":null,"official_nm":"None","old_name":"None","amdyrllsec":null,"amended":"No","honor_name":"Joseph F. Holland Way","ll_num":"013","repealed":"No","ulurpcpnum":"none","ll_sec":"21","intro_year":"2006","lleffect_dt":"05/23/2006","borough":"Manhattan","feat_type":"Intersection name"},"geometry":{"type":"Point","coordinates":[-73.91948664528887,40.872139972178076]}},{"type":"Feature","properties":{"ll_type":"Honorary","intro_num":"0289","ll_limits":"Southwest corner of Isham Street and Seaman Avenue","intro_month":"4","amend_dt":null,"limits_er":"Error: It's the northwest corner","intro_day":"26","repeal_dt":null,"amendt_txt":null,"official_nm":"None","old_name":"None","amdyrllsec":null,"amended":"No","honor_name":"Tommy Dowd Way","ll_num":"013","repealed":"No","ulurpcpnum":"none","ll_sec":"22","intro_year":"2006","lleffect_dt":"05/23/2006","borough":"Manhattan","feat_type":"Intersection name"},"geometry":{"type":"Point","coordinates":[-73.92107769593211,40.869888554652405]}},{"type":"Feature","properties":{"ll_type":"Honorary","intro_num":"0289","ll_limits":"Southwest corner of West 212th Street and Broadway","intro_month":"4","amend_dt":null,"limits_er":null,"intro_day":"26","repeal_dt":null,"amendt_txt":null,"official_nm":"None","old_name":"None","amdyrllsec":null,"amended":"No","honor_name":"Lt. Joseph G. Leavey Way","ll_num":"013","repealed":"No","ulurpcpnum":"none","ll_sec":"23","intro_year":"2006","lleffect_dt":"05/23/2006","borough":"Manhattan","feat_type":"Intersection name"},"geometry":{"type":"Point","coordinates":[-73.91883584254131,40.86851965566157]}},{"type":"Feature","properties":{"ll_type":"Honorary","intro_num":"0289","ll_limits":"Southeast corner of Kings Highway and Ocean Avenue","intro_month":"4","amend_dt":null,"limits_er":null,"intro_day":"26","repeal_dt":null,"amendt_txt":null,"official_nm":"None","old_name":"None","amdyrllsec":null,"amended":"No","honor_name":"Keontay Jeffrey Rosario Corner","ll_num":"013","repealed":"No","ulurpcpnum":"none","ll_sec":"25","intro_year":"2006","lleffect_dt":"05/23/2006","borough":"Brooklyn","feat_type":"Intersection name"},"geometry":{"type":"Point","coordinates":[-73.95336677538256,40.61061867139729]}},{"type":"Feature","properties":{"ll_type":"Honorary","intro_num":"0289","ll_limits":"7th Avenue and 72nd Street","intro_month":"4","amend_dt":null,"limits_er":null,"intro_day":"26","repeal_dt":"7/11/2006","amendt_txt":null,"official_nm":"None","old_name":"None","amdyrllsec":null,"amended":"No","honor_name":"Josephine Diana Boulevard","ll_num":"013","repealed":"Yes","ulurpcpnum":"none","ll_sec":"26","intro_year":"2006","lleffect_dt":"05/23/2006","borough":"Brooklyn","feat_type":"Intersection name"},"geometry":{"type":"Point","coordinates":[-74.01780244149738,40.62936684015063]}},{"type":"Feature","properties":{"ll_type":"Honorary","intro_num":"0289","ll_limits":"Southwest corner of 86th Street South of 101st Avenue","intro_month":"4","amend_dt":null,"limits_er":null,"intro_day":"26","repeal_dt":null,"amendt_txt":null,"official_nm":"None","old_name":"None","amdyrllsec":null,"amended":"No","honor_name":"Lutheran Place","ll_num":"013","repealed":"No","ulurpcpnum":"none","ll_sec":"31","intro_year":"2006","lleffect_dt":"05/23/2006","borough":"Queens","feat_type":"Intersection name"},"geometry":{"type":"Point","coordinates":[-73.85369683928594,40.68197461806553]}},{"type":"Feature","properties":{"ll_type":"Honorary","intro_num":"0289","ll_limits":"The sign pointing south on Bronxwood Avenue","intro_month":"4","amend_dt":null,"limits_er":null,"intro_day":"26","repeal_dt":"12/5/2006","amendt_txt":null,"official_nm":"None","old_name":"Northwest corner of Allerton and Bronxwood Avenues","amdyrllsec":null,"amended":"No","honor_name":"FF Vincent Priciotta Way","ll_num":"013","repealed":"Yes","ulurpcpnum":"none","ll_sec":"32","intro_year":"2006","lleffect_dt":"05/23/2006","borough":"Bronx","feat_type":"Intersection name"},"geometry":{"type":"Point","coordinates":[-73.86173256755738,40.86567877758751]}},{"type":"Feature","properties":{"ll_type":"Honorary","intro_num":"0289","ll_limits":"The sign pointing west on Allerton Avenue","intro_month":"4","amend_dt":null,"limits_er":null,"intro_day":"26","repeal_dt":"12/5/2006","amendt_txt":null,"official_nm":"None","old_name":"None","amdyrllsec":null,"amended":"No","honor_name":"PO John D’ Allara Way","ll_num":"013","repealed":"Yes","ulurpcpnum":"none","ll_sec":"33","intro_year":"2006","lleffect_dt":"05/23/2006","borough":"Bronx","feat_type":"Intersection name"},"geometry":{"type":"Point","coordinates":[-73.86173256755738,40.86567877758751]}},{"type":"Feature","properties":{"ll_type":"Honorary","intro_num":"0289","ll_limits":"Northeast corner of Westchester Avenue and Arnow Place","intro_month":"4","amend_dt":null,"limits_er":null,"intro_day":"26","repeal_dt":"12/5/2006","amendt_txt":null,"official_nm":"None","old_name":"None","amdyrllsec":null,"amended":"No","honor_name":"Police Officer Daniel Enchautegui Way","ll_num":"013","repealed":"Yes","ulurpcpnum":"none","ll_sec":"34","intro_year":"2006","lleffect_dt":"05/23/2006","borough":"Bronx","feat_type":"Intersection name"},"geometry":{"type":"Point","coordinates":[-73.82999909323485,40.850280791107366]}},{"type":"Feature","properties":{"ll_type":"Honorary","intro_num":"0289","ll_limits":"Corner of Buhre Avenue and Jarvis Avenue","intro_month":"4","amend_dt":null,"limits_er":null,"intro_day":"26","repeal_dt":null,"amendt_txt":null,"official_nm":"None","old_name":"None","amdyrllsec":null,"amended":"No","honor_name":"Dr. Salvatore Paul Squitieri Way","ll_num":"013","repealed":"No","ulurpcpnum":"none","ll_sec":"35","intro_year":"2006","lleffect_dt":"05/23/2006","borough":"Bronx","feat_type":"Intersection name"},"geometry":{"type":"Point","coordinates":[-73.83052659225288,40.847661764146714]}},{"type":"Feature","properties":{"ll_type":"Honorary","intro_num":"0289","ll_limits":"Corner of 86th Street and Bay 26th Street","intro_month":"4","amend_dt":null,"limits_er":null,"intro_day":"26","repeal_dt":null,"amendt_txt":null,"official_nm":"None","old_name":"None","amdyrllsec":null,"amended":"No","honor_name":"Herb Berman Way","ll_num":"013","repealed":"No","ulurpcpnum":"none","ll_sec":"36","intro_year":"2006","lleffect_dt":"05/23/2006","borough":"Brooklyn","feat_type":"Intersection name"},"geometry":{"type":"Point","coordinates":[-73.99680000845524,40.6037277459979]}},{"type":"Feature","properties":{"ll_type":"Honorary","intro_num":"0289","ll_limits":"Corner of Willowbrook Road and Crafton Avenue","intro_month":"4","amend_dt":null,"limits_er":null,"intro_day":"26","repeal_dt":null,"amendt_txt":null,"official_nm":"None","old_name":"None","amdyrllsec":null,"amended":"No","honor_name":"Staten Island Special Olympics Coach JoAnn Young Way","ll_num":"013","repealed":"No","ulurpcpnum":"none","ll_sec":"39","intro_year":"2006","lleffect_dt":"05/23/2006","borough":"Staten Island","feat_type":"Intersection name"},"geometry":{"type":"Point","coordinates":[-74.14202810303189,40.603371838120424]}},{"type":"Feature","properties":{"ll_type":"Honorary","intro_num":"0289","ll_limits":"Corner of White and Lafayette","intro_month":"4","amend_dt":null,"limits_er":null,"intro_day":"26","repeal_dt":null,"amendt_txt":null,"official_nm":"None","old_name":"Lafayette Street","amdyrllsec":null,"amended":"No","honor_name":"Court Officer Mitchel Scott Wallace Corner","ll_num":"013","repealed":"No","ulurpcpnum":"none","ll_sec":"42","intro_year":"2006","lleffect_dt":"05/23/2006","borough":"Manhattan","feat_type":"Intersection name"},"geometry":{"type":"Point","coordinates":[-74.00156580216392,40.71729902550051]}},{"type":"Feature","properties":{"ll_type":"Honorary","intro_num":"0289","ll_limits":"Corner of Franklin and Lafayette","intro_month":"4","amend_dt":null,"limits_er":null,"intro_day":"26","repeal_dt":null,"amendt_txt":null,"official_nm":"None","old_name":"Lafayette Street","amdyrllsec":null,"amended":"No","honor_name":"Captain William Thompson Corner","ll_num":"013","repealed":"No","ulurpcpnum":"none","ll_sec":"43","intro_year":"2006","lleffect_dt":"05/23/2006","borough":"Manhattan","feat_type":"Intersection name"},"geometry":{"type":"Point","coordinates":[-74.00207771771674,40.71673089549576]}},{"type":"Feature","properties":{"ll_type":"Honorary","intro_num":"0289","ll_limits":"Corner of Leonard and Lafayette","intro_month":"4","amend_dt":null,"limits_er":null,"intro_day":"26","repeal_dt":null,"amendt_txt":null,"official_nm":"None","old_name":"Lafayette Street","amdyrllsec":null,"amended":"No","honor_name":"Court Officer Thomas Jurgens Corner","ll_num":"013","repealed":"No","ulurpcpnum":"none","ll_sec":"44","intro_year":"2006","lleffect_dt":"05/23/2006","borough":"Manhattan","feat_type":"Intersection name"},"geometry":{"type":"Point","coordinates":[-74.00255806000587,40.716180773180554]}},{"type":"Feature","properties":{"ll_type":"Honorary","intro_num":"0289","ll_limits":"Northwest corner of 7th Avenue and Carroll Street","intro_month":"4","amend_dt":null,"limits_er":null,"intro_day":"26","repeal_dt":null,"amendt_txt":null,"official_nm":"None","old_name":"None","amdyrllsec":null,"amended":"No","honor_name":"Jackie Connor's Corner","ll_num":"013","repealed":"No","ulurpcpnum":"none","ll_sec":"46","intro_year":"2006","lleffect_dt":"05/23/2006","borough":"Brooklyn","feat_type":"Intersection name"},"geometry":{"type":"Point","coordinates":[-73.976378333081,40.67330104858508]}},{"type":"Feature","properties":{"ll_type":"Honorary","intro_num":"0289","ll_limits":"Corner of Edward Curry Avenue and Gulf Avenue","intro_month":"4","amend_dt":null,"limits_er":null,"intro_day":"26","repeal_dt":null,"amendt_txt":null,"official_nm":"None","old_name":"None","amdyrllsec":null,"amended":"No","honor_name":"Richard Addeo Way","ll_num":"013","repealed":"No","ulurpcpnum":"none","ll_sec":"49","intro_year":"2006","lleffect_dt":"05/23/2006","borough":"Staten Island","feat_type":"Intersection name"},"geometry":{"type":"Point","coordinates":[-74.18356192374785,40.61022505748416]}},{"type":"Feature","properties":{"ll_type":"Honorary","intro_num":"0289","ll_limits":"Corner of Hancock Street and Garretson Avenue","intro_month":"4","amend_dt":null,"limits_er":null,"intro_day":"26","repeal_dt":null,"amendt_txt":null,"official_nm":"None","old_name":"None","amdyrllsec":null,"amended":"No","honor_name":"Diego \"Dickie\" Palemine Corner","ll_num":"013","repealed":"No","ulurpcpnum":"none","ll_sec":"50","intro_year":"2006","lleffect_dt":"05/23/2006","borough":"Staten Island","feat_type":"Intersection name"},"geometry":{"type":"Point","coordinates":[-74.09524676552324,40.58892992894664]}},{"type":"Feature","properties":{"ll_type":"Honorary","intro_num":"0457","ll_limits":"Southeast corner of 52nd Avenue at 94th Street","intro_month":"10","amend_dt":null,"limits_er":null,"intro_day":"25","repeal_dt":null,"amendt_txt":null,"official_nm":"None","old_name":"None","amdyrllsec":null,"amended":"No","honor_name":"Florry Burrell Way","ll_num":"050","repealed":"No","ulurpcpnum":"none","ll_sec":"3","intro_year":"2006","lleffect_dt":"12/05/2006","borough":"Queens","feat_type":"Intersection name"},"geometry":{"type":"Point","coordinates":[-73.86884490662348,40.73983530049158]}},{"type":"Feature","properties":{"ll_type":"Honorary","intro_num":"0457","ll_limits":"Post Avenue at the northeast corner of Driprock Street","intro_month":"10","amend_dt":null,"limits_er":null,"intro_day":"25","repeal_dt":null,"amendt_txt":null,"official_nm":"None","old_name":"None","amdyrllsec":null,"amended":"No","honor_name":"Alzheimer's Foundation Way","ll_num":"050","repealed":"No","ulurpcpnum":"none","ll_sec":"4","intro_year":"2006","lleffect_dt":"12/05/2006","borough":"Staten Island","feat_type":"Intersection name"},"geometry":{"type":"Point","coordinates":[-74.12786534151245,40.63121471104739]}},{"type":"Feature","properties":{"ll_type":"Honorary","intro_num":"0457","ll_limits":"Pulaski Avenue at the southeast corner of Walker Street","intro_month":"10","amend_dt":null,"limits_er":null,"intro_day":"25","repeal_dt":null,"amendt_txt":null,"official_nm":"None","old_name":"None","amdyrllsec":null,"amended":"No","honor_name":"Pvt. Leon J. Stasiak Way","ll_num":"050","repealed":"No","ulurpcpnum":"none","ll_sec":"6","intro_year":"2006","lleffect_dt":"12/05/2006","borough":"Staten Island","feat_type":"Intersection name"},"geometry":{"type":"Point","coordinates":[-74.14772681472711,40.631238701200964]}},{"type":"Feature","properties":{"ll_type":"Honorary","intro_num":"0457","ll_limits":"222nd Gibbon Avenue and Baychester Avenue","intro_month":"10","amend_dt":null,"limits_er":null,"intro_day":"25","repeal_dt":null,"amendt_txt":null,"official_nm":"None","old_name":"None","amdyrllsec":null,"amended":"No","honor_name":"Dean Christopher DeSimone Way","ll_num":"050","repealed":"No","ulurpcpnum":"none","ll_sec":"8","intro_year":"2006","lleffect_dt":"12/05/2006","borough":"Bronx","feat_type":"Intersection name"},"geometry":{"type":"Point","coordinates":[-73.83580970117093,40.87597246933554]}},{"type":"Feature","properties":{"ll_type":"Honorary","intro_num":"0457","ll_limits":"Donizetti Loop at the corner of Baychester Avenue","intro_month":"10","amend_dt":null,"limits_er":null,"intro_day":"25","repeal_dt":null,"amendt_txt":null,"official_nm":"None","old_name":"None","amdyrllsec":null,"amended":"No","honor_name":"Gloria Wise Way","ll_num":"050","repealed":"No","ulurpcpnum":"none","ll_sec":"9","intro_year":"2006","lleffect_dt":"12/05/2006","borough":"Bronx","feat_type":"Intersection name"},"geometry":{"type":"Point","coordinates":[-73.83385780788069,40.87602158000131]}},{"type":"Feature","properties":{"ll_type":"Honorary","intro_num":"0457","ll_limits":"Underneath the Bement Avenue sign at the Southeast Corner of Henderson Avenue","intro_month":"10","amend_dt":null,"limits_er":null,"intro_day":"25","repeal_dt":null,"amendt_txt":null,"official_nm":"None","old_name":"None","amdyrllsec":null,"amended":"No","honor_name":"Jose (Joey) Manuel Pellot Way","ll_num":"050","repealed":"No","ulurpcpnum":"none","ll_sec":"10","intro_year":"2006","lleffect_dt":"12/05/2006","borough":"Staten Island","feat_type":"Intersection name"},"geometry":{"type":"Point","coordinates":[-74.11267500369145,40.63746145036897]}},{"type":"Feature","properties":{"ll_type":"Honorary","intro_num":"0457","ll_limits":"Intersection of 127th Street and 11th Avenue","intro_month":"10","amend_dt":null,"limits_er":null,"intro_day":"25","repeal_dt":null,"amendt_txt":null,"official_nm":"None","old_name":"None","amdyrllsec":null,"amended":"No","honor_name":"Thomas J. Shubert Avenue 9-11-01","ll_num":"050","repealed":"No","ulurpcpnum":"none","ll_sec":"11","intro_year":"2006","lleffect_dt":"12/05/2006","borough":"Queens","feat_type":"Intersection name"},"geometry":{"type":"Point","coordinates":[-73.8410210732338,40.78788368276277]}},{"type":"Feature","properties":{"ll_type":"Honorary","intro_num":"0457","ll_limits":"Underneath the Benedict Avenue sign at the Southeast Corner of Manor Road","intro_month":"10","amend_dt":null,"limits_er":null,"intro_day":"25","repeal_dt":null,"amendt_txt":null,"official_nm":"None","old_name":"None","amdyrllsec":null,"amended":"No","honor_name":"Assemblywoman 1973 -2000 Hon. Elizabeth A. Connelly Way","ll_num":"050","repealed":"No","ulurpcpnum":"none","ll_sec":"13","intro_year":"2006","lleffect_dt":"12/05/2006","borough":"Staten Island","feat_type":"Intersection name"},"geometry":{"type":"Point","coordinates":[-74.12439980116025,40.62296749649483]}},{"type":"Feature","properties":{"ll_type":"Honorary","intro_num":"0457","ll_limits":"Underneath the Martling Avenue sign at the Southeast Corner of Manor Road","intro_month":"10","amend_dt":null,"limits_er":null,"intro_day":"25","repeal_dt":null,"amendt_txt":null,"official_nm":"None","old_name":"None","amdyrllsec":null,"amended":"No","honor_name":"Vietnam Veterans Plaza","ll_num":"050","repealed":"No","ulurpcpnum":"none","ll_sec":"14","intro_year":"2006","lleffect_dt":"12/05/2006","borough":"Staten Island","feat_type":"Intersection name"},"geometry":{"type":"Point","coordinates":[-74.1235758594278,40.62097506440839]}},{"type":"Feature","properties":{"ll_type":"Honorary","intro_num":"0457","ll_limits":"Underneath the Henderson Avenue and Tysen Street signs on the South side of Tysen Street","intro_month":"10","amend_dt":null,"limits_er":null,"intro_day":"25","repeal_dt":null,"amendt_txt":null,"official_nm":"None","old_name":"None","amdyrllsec":null,"amended":"No","honor_name":"Brother Kevin McDonnell Way","ll_num":"050","repealed":"No","ulurpcpnum":"none","ll_sec":"16","intro_year":"2006","lleffect_dt":"12/05/2006","borough":"Staten Island","feat_type":"Intersection name"},"geometry":{"type":"Point","coordinates":[-74.09928453091963,40.64013283231747]}},{"type":"Feature","properties":{"ll_type":"Honorary","intro_num":"0457","ll_limits":"On the Corner of Minerva Place and Grand Concourse","intro_month":"10","amend_dt":null,"limits_er":null,"intro_day":"25","repeal_dt":null,"amendt_txt":null,"official_nm":"None","old_name":"None","amdyrllsec":null,"amended":"No","honor_name":"Luke Nee 9-11-01","ll_num":"050","repealed":"No","ulurpcpnum":"none","ll_sec":"18","intro_year":"2006","lleffect_dt":"12/05/2006","borough":"Bronx","feat_type":"Intersection name"},"geometry":{"type":"Point","coordinates":[-73.89042763953506,40.87048705349471]}},{"type":"Feature","properties":{"ll_type":"Honorary","intro_num":"0457","ll_limits":"On the Southwest Corner of 92nd Street and Battery Avenue","intro_month":"10","amend_dt":null,"limits_er":null,"intro_day":"25","repeal_dt":null,"amendt_txt":null,"official_nm":"None","old_name":"None","amdyrllsec":null,"amended":"No","honor_name":"Dr. Pasquale M. Lapalorcia Corner","ll_num":"050","repealed":"No","ulurpcpnum":"none","ll_sec":"19","intro_year":"2006","lleffect_dt":"12/05/2006","borough":"Brooklyn","feat_type":"Intersection name"},"geometry":{"type":"Point","coordinates":[-74.02499530053035,40.61554247315811]}},{"type":"Feature","properties":{"ll_type":"Honorary","intro_num":"0457","ll_limits":"32nd Street and Astoria Blvd.","intro_month":"10","amend_dt":null,"limits_er":null,"intro_day":"25","repeal_dt":null,"amendt_txt":null,"official_nm":"None","old_name":"None","amdyrllsec":null,"amended":"No","honor_name":"Cav. Vincent Iannece Corner","ll_num":"050","repealed":"No","ulurpcpnum":"none","ll_sec":"22","intro_year":"2006","lleffect_dt":"12/05/2006","borough":"Queens","feat_type":"Intersection name"},"geometry":{"type":"Point","coordinates":[-73.91759120480067,40.76990087041208]}},{"type":"Feature","properties":{"ll_type":"Honorary","intro_num":"0457","ll_limits":"On the Southwest Corner of Academy Street and Vermilyea Avenues","intro_month":"10","amend_dt":null,"limits_er":null,"intro_day":"25","repeal_dt":null,"amendt_txt":null,"official_nm":"None","old_name":"None","amdyrllsec":null,"amended":"No","honor_name":"Firefighter Thomas C. Brick Way","ll_num":"050","repealed":"No","ulurpcpnum":"none","ll_sec":"26","intro_year":"2006","lleffect_dt":"12/05/2006","borough":"Manhattan","feat_type":"Intersection name"},"geometry":{"type":"Point","coordinates":[-73.92444794883669,40.86521760279241]}},{"type":"Feature","properties":{"ll_type":"Honorary","intro_num":"0457","ll_limits":"On the Southwest Corner of West 202nd Street and 10th Avenue","intro_month":"10","amend_dt":null,"limits_er":null,"intro_day":"25","repeal_dt":null,"amendt_txt":null,"official_nm":"None","old_name":"None","amdyrllsec":null,"amended":"No","honor_name":"Elouise Carrington Whitehurst Place","ll_num":"050","repealed":"No","ulurpcpnum":"none","ll_sec":"27","intro_year":"2006","lleffect_dt":"12/05/2006","borough":"Manhattan","feat_type":"Intersection name"},"geometry":{"type":"Point","coordinates":[-73.92146564361013,40.86129311605301]}},{"type":"Feature","properties":{"ll_type":"Honorary","intro_num":"0457","ll_limits":"On the Corner of Dawson Place and Hylan Boulevard","intro_month":"10","amend_dt":null,"limits_er":null,"intro_day":"25","repeal_dt":null,"amendt_txt":null,"official_nm":"None","old_name":"None","amdyrllsec":null,"amended":"No","honor_name":"Paula Frassinetti Way","ll_num":"050","repealed":"No","ulurpcpnum":"none","ll_sec":"32","intro_year":"2006","lleffect_dt":"12/05/2006","borough":"Staten Island","feat_type":"Intersection name"},"geometry":{"type":"Point","coordinates":[-74.08587511875717,40.59589012095557]}},{"type":"Feature","properties":{"ll_type":"Honorary","intro_num":"0457","ll_limits":"On the Corner of Longdale Street and Lamberts Lane","intro_month":"10","amend_dt":null,"limits_er":null,"intro_day":"25","repeal_dt":null,"amendt_txt":null,"official_nm":"None","old_name":"None","amdyrllsec":null,"amended":"No","honor_name":"Karl Feldman Way","ll_num":"050","repealed":"No","ulurpcpnum":"none","ll_sec":"33","intro_year":"2006","lleffect_dt":"12/05/2006","borough":"Staten Island","feat_type":"Intersection name"},"geometry":{"type":"Point","coordinates":[-74.16456317847984,40.61613097261141]}},{"type":"Feature","properties":{"ll_type":"Honorary","intro_num":"0457","ll_limits":"On the Corner of Mason Avenue and Greeley Avenue","intro_month":"10","amend_dt":null,"limits_er":null,"intro_day":"25","repeal_dt":null,"amendt_txt":null,"official_nm":"None","old_name":"None","amdyrllsec":null,"amended":"No","honor_name":"Manuel \"Manny\" Dosdantos Corner","ll_num":"050","repealed":"No","ulurpcpnum":"none","ll_sec":"34","intro_year":"2006","lleffect_dt":"12/05/2006","borough":"Staten Island","feat_type":"Intersection name"},"geometry":{"type":"Point","coordinates":[-74.09954097060762,40.57295945967664]}},{"type":"Feature","properties":{"ll_type":"Honorary","intro_num":"0457","ll_limits":"On the Corner of Alexander Avenue at Ibsen Avenue","intro_month":"10","amend_dt":null,"limits_er":null,"intro_day":"25","repeal_dt":null,"amendt_txt":null,"official_nm":"None","old_name":"None","amdyrllsec":null,"amended":"No","honor_name":"Linda Luzzicone Avenue","ll_num":"050","repealed":"No","ulurpcpnum":"none","ll_sec":"38","intro_year":"2006","lleffect_dt":"12/05/2006","borough":"Staten Island","feat_type":"Intersection name"},"geometry":{"type":"Point","coordinates":[-74.17923844493528,40.5571149156102]}},{"type":"Feature","properties":{"ll_type":"Honorary","intro_num":"0457","ll_limits":"Abingdon Avenue at the Northeast Corner of Augusta Avenue","intro_month":"10","amend_dt":null,"limits_er":null,"intro_day":"25","repeal_dt":null,"amendt_txt":null,"official_nm":"None","old_name":"None","amdyrllsec":null,"amended":"No","honor_name":"Joseph Baragozza Avenue","ll_num":"050","repealed":"No","ulurpcpnum":"none","ll_sec":"39","intro_year":"2006","lleffect_dt":"12/05/2006","borough":"Staten Island","feat_type":"Intersection name"},"geometry":{"type":"Point","coordinates":[-74.15728703606099,40.553463879395146]}},{"type":"Feature","properties":{"ll_type":"Honorary","intro_num":"0457","ll_limits":"On the Corner of Beach Road and Hillcrest Street","intro_month":"10","amend_dt":null,"limits_er":null,"intro_day":"25","repeal_dt":null,"amendt_txt":null,"official_nm":"None","old_name":"None","amdyrllsec":null,"amended":"No","honor_name":"James (Jimmy) Carsten Road","ll_num":"050","repealed":"No","ulurpcpnum":"none","ll_sec":"42","intro_year":"2006","lleffect_dt":"12/05/2006","borough":"Staten Island","feat_type":"Intersection name"},"geometry":{"type":"Point","coordinates":[-74.15483446871642,40.53965673640858]}},{"type":"Feature","properties":{"ll_type":"Honorary","intro_num":"0457","ll_limits":"On the Corner of Cody Place and Arthur Kill Road","intro_month":"10","amend_dt":null,"limits_er":null,"intro_day":"25","repeal_dt":null,"amendt_txt":null,"official_nm":"None","old_name":"None","amdyrllsec":null,"amended":"No","honor_name":"Leonard (Lenny) Ingrassia III Place","ll_num":"050","repealed":"No","ulurpcpnum":"none","ll_sec":"43","intro_year":"2006","lleffect_dt":"12/05/2006","borough":"Staten Island","feat_type":"Intersection name"},"geometry":{"type":"Point","coordinates":[-74.20233797820188,40.55591021434436]}},{"type":"Feature","properties":{"ll_type":"Honorary","intro_num":"0457","ll_limits":"On the Corner of Corona Avenue and Boyce Avenue","intro_month":"10","amend_dt":null,"limits_er":null,"intro_day":"25","repeal_dt":null,"amendt_txt":null,"official_nm":"None","old_name":"None","amdyrllsec":null,"amended":"No","honor_name":"Nicholas Alessi Avenue","ll_num":"050","repealed":"No","ulurpcpnum":"none","ll_sec":"44","intro_year":"2006","lleffect_dt":"12/05/2006","borough":"Staten Island","feat_type":"Intersection name"},"geometry":{"type":"Point","coordinates":[-74.13648353653994,40.56524513730933]}},{"type":"Feature","properties":{"ll_type":"Honorary","intro_num":"0457","ll_limits":"On the Corner of Arden Avenue and Hylan Boulevard","intro_month":"10","amend_dt":null,"limits_er":null,"intro_day":"25","repeal_dt":null,"amendt_txt":null,"official_nm":"None","old_name":"None","amdyrllsec":null,"amended":"No","honor_name":"Nicholas Tortorici, Sergeant, NYPD Shield #4114 Avenue","ll_num":"050","repealed":"No","ulurpcpnum":"none","ll_sec":"45","intro_year":"2006","lleffect_dt":"12/05/2006","borough":"Staten Island","feat_type":"Intersection name"},"geometry":{"type":"Point","coordinates":[-74.1613496168548,40.529373423478006]}},{"type":"Feature","properties":{"ll_type":"Honorary","intro_num":"0457","ll_limits":"At the Corner of McKinley Avenue","intro_month":"10","amend_dt":null,"limits_er":null,"intro_day":"25","repeal_dt":null,"amendt_txt":null,"official_nm":"None","old_name":"Ardsley Street","amdyrllsec":null,"amended":"No","honor_name":"Detective Richard J. DeGaetano Street","ll_num":"050","repealed":"No","ulurpcpnum":"none","ll_sec":"46","intro_year":"2006","lleffect_dt":"12/05/2006","borough":"Staten Island","feat_type":"Intersection name"},"geometry":{"type":"Point","coordinates":[-74.1399467545553,40.5710361976212]}},{"type":"Feature","properties":{"ll_type":"Honorary","intro_num":"0457","ll_limits":"On the Corner of Hartford Street and Nelson Avenue","intro_month":"10","amend_dt":null,"limits_er":null,"intro_day":"25","repeal_dt":null,"amendt_txt":null,"official_nm":"None","old_name":"None","amdyrllsec":null,"amended":"No","honor_name":"Christopher Dylan Damiano Avenue","ll_num":"050","repealed":"No","ulurpcpnum":"none","ll_sec":"47","intro_year":"2006","lleffect_dt":"12/05/2006","borough":"Staten Island","feat_type":"Intersection name"},"geometry":{"type":"Point","coordinates":[-74.14537992186155,40.541994800944316]}},{"type":"Feature","properties":{"ll_type":"Honorary","intro_num":"0457","ll_limits":"At the intersection of 3rd Avenue at East 149th Street and Melrose Avenue at East 148th Street and Willis Avenue","intro_month":"10","amend_dt":null,"limits_er":null,"intro_day":"25","repeal_dt":null,"amendt_txt":null,"official_nm":"None","old_name":"None","amdyrllsec":null,"amended":"No","honor_name":"Roberto Clemente Plaza","ll_num":"050","repealed":"No","ulurpcpnum":"none","ll_sec":"49","intro_year":"2006","lleffect_dt":"12/05/2006","borough":"Bronx","feat_type":"Intersection name"},"geometry":{"type":"Point","coordinates":[-73.91768626968717,40.81608124236225]}},{"type":"Feature","properties":{"ll_type":"Honorary","intro_num":"0457","ll_limits":"Placed Underneath the Brabant Street Sign at the Northeast Corner of Union Avenue","intro_month":"10","amend_dt":null,"limits_er":null,"intro_day":"25","repeal_dt":null,"amendt_txt":null,"official_nm":"None","old_name":"None","amdyrllsec":null,"amended":"No","honor_name":"Albert Albanese Way","ll_num":"050","repealed":"No","ulurpcpnum":"none","ll_sec":"55","intro_year":"2006","lleffect_dt":"12/05/2006","borough":"Staten Island","feat_type":"Corner name"},"geometry":{"type":"Point","coordinates":[-74.15800317469534,40.63149668159443]}},{"type":"Feature","properties":{"ll_type":"Honorary","intro_num":"0457","ll_limits":"On the Northeast Corner of 21st Street and 43rd Avenue","intro_month":"10","amend_dt":null,"limits_er":null,"intro_day":"25","repeal_dt":null,"amendt_txt":null,"official_nm":"None","old_name":"None","amdyrllsec":null,"amended":"No","honor_name":"Mason Tenders' Way","ll_num":"050","repealed":"No","ulurpcpnum":"none","ll_sec":"56","intro_year":"2006","lleffect_dt":"12/05/2006","borough":"Queens","feat_type":"Intersection name"},"geometry":{"type":"Point","coordinates":[-73.94542480365307,40.75064573277145]}},{"type":"Feature","properties":{"ll_type":"Honorary","intro_num":"0457","ll_limits":"The sign pointing south on Bronxwood Avenue","intro_month":"10","amend_dt":null,"limits_er":null,"intro_day":"25","repeal_dt":null,"amendt_txt":null,"official_nm":"None","old_name":"Northwest corner of Allerton and Bronxwood Avenues","amdyrllsec":null,"amended":"No","honor_name":"FF Vincent Princiotta 9/11 Memorial Way","ll_num":"050","repealed":"No","ulurpcpnum":"none","ll_sec":"57","intro_year":"2006","lleffect_dt":"12/05/2006","borough":"Bronx","feat_type":"Intersection name"},"geometry":{"type":"Point","coordinates":[-73.86173256755738,40.86567877758751]}},{"type":"Feature","properties":{"ll_type":"Honorary","intro_num":"0457","ll_limits":"The sign pointing west on Allerton Avenue","intro_month":"10","amend_dt":null,"limits_er":null,"intro_day":"25","repeal_dt":null,"amendt_txt":null,"official_nm":"None","old_name":"Northwest corner of Allerton and Bronxwood Avenues","amdyrllsec":null,"amended":"No","honor_name":"PO John D’ Allara 9/11 Memorial Way","ll_num":"050","repealed":"No","ulurpcpnum":"none","ll_sec":"58","intro_year":"2006","lleffect_dt":"12/05/2006","borough":"Bronx","feat_type":"Intersection name"},"geometry":{"type":"Point","coordinates":[-73.86173256755738,40.86567877758751]}},{"type":"Feature","properties":{"ll_type":"Honorary","intro_num":"0457","ll_limits":"At the Northeast Corner of Arnow Place and Westchester Avenue","intro_month":"10","amend_dt":null,"limits_er":null,"intro_day":"25","repeal_dt":null,"amendt_txt":null,"official_nm":"None","old_name":"None","amdyrllsec":null,"amended":"No","honor_name":"Detective Daniel Enchautegui Way","ll_num":"050","repealed":"No","ulurpcpnum":"none","ll_sec":"59","intro_year":"2006","lleffect_dt":"12/05/2006","borough":"Bronx","feat_type":"Intersection name"},"geometry":{"type":"Point","coordinates":[-73.82999909323485,40.850280791107366]}},{"type":"Feature","properties":{"ll_type":"Honorary","intro_num":"0281","ll_limits":"the intersection of 74th Street and 6th Avenue","intro_month":"3","amend_dt":null,"limits_er":null,"intro_day":"10","repeal_dt":null,"amendt_txt":null,"official_nm":"None","old_name":"None","amdyrllsec":null,"amended":"No","honor_name":"John J. DeMartini Way","ll_num":"008","repealed":"No","ulurpcpnum":"none","ll_sec":"5","intro_year":"2004","lleffect_dt":"05/05/2004","borough":"Brooklyn","feat_type":"Intersection name"},"geometry":{"type":"Point","coordinates":[-74.01982886071453,40.62916817809001]}},{"type":"Feature","properties":{"ll_type":"Honorary","intro_num":"0281","ll_limits":"the southwest corner of the intersection of 65th Street and Fort Hamilton Parkway","intro_month":"3","amend_dt":null,"limits_er":null,"intro_day":"10","repeal_dt":null,"amendt_txt":null,"official_nm":"None","old_name":"None","amdyrllsec":null,"amended":"No","honor_name":"Howie Zimmerman Corner","ll_num":"008","repealed":"No","ulurpcpnum":"none","ll_sec":"6","intro_year":"2004","lleffect_dt":"05/05/2004","borough":"Brooklyn","feat_type":"Corner name"},"geometry":{"type":"Point","coordinates":[-74.0094824636782,40.63062764335438]}},{"type":"Feature","properties":{"ll_type":"Honorary","intro_num":"0281","ll_limits":"the intersection of 73rd Street and 3rd Avenue","intro_month":"3","amend_dt":null,"limits_er":null,"intro_day":"10","repeal_dt":null,"amendt_txt":null,"official_nm":"None","old_name":"None","amdyrllsec":null,"amended":"No","honor_name":"Harry G. English Place","ll_num":"008","repealed":"No","ulurpcpnum":"none","ll_sec":"7","intro_year":"2004","lleffect_dt":"05/05/2004","borough":"Brooklyn","feat_type":"Intersection name"},"geometry":{"type":"Point","coordinates":[-74.027229551641,40.632836064187806]}},{"type":"Feature","properties":{"ll_type":"Honorary","intro_num":"0281","ll_limits":"the intersection of 12th Avenue and Bay Ridge Avenue","intro_month":"3","amend_dt":null,"limits_er":null,"intro_day":"10","repeal_dt":null,"amendt_txt":null,"official_nm":"None","old_name":"None","amdyrllsec":null,"amended":"No","honor_name":"Frederick I. Ergang Way","ll_num":"008","repealed":"No","ulurpcpnum":"none","ll_sec":"8","intro_year":"2004","lleffect_dt":"05/05/2004","borough":"Brooklyn","feat_type":"Intersection name"},"geometry":{"type":"Point","coordinates":[-74.00609560875382,40.625032909597074]}},{"type":"Feature","properties":{"ll_type":"Honorary","intro_num":"0281","ll_limits":"the intersection of 72nd Street and 7th Avenue","intro_month":"3","amend_dt":null,"limits_er":null,"intro_day":"10","repeal_dt":null,"amendt_txt":null,"official_nm":"None","old_name":"None","amdyrllsec":null,"amended":"No","honor_name":"Det. Frank P. Collins Avenue","ll_num":"008","repealed":"No","ulurpcpnum":"none","ll_sec":"10","intro_year":"2004","lleffect_dt":"05/05/2004","borough":"Brooklyn","feat_type":"Intersection name"},"geometry":{"type":"Point","coordinates":[-74.01780244149738,40.62936684015063]}},{"type":"Feature","properties":{"ll_type":"Honorary","intro_num":"0281","ll_limits":"the intersection of 86th Street and 15th Avenue","intro_month":"3","amend_dt":null,"limits_er":null,"intro_day":"10","repeal_dt":null,"amendt_txt":null,"official_nm":"None","old_name":"None","amdyrllsec":null,"amended":"No","honor_name":"Giuseppe \"Joe\" Papandrea Way","ll_num":"008","repealed":"No","ulurpcpnum":"none","ll_sec":"11","intro_year":"2004","lleffect_dt":"05/05/2004","borough":"Brooklyn","feat_type":"Intersection name"},"geometry":{"type":"Point","coordinates":[-74.00951152084194,40.61140615276216]}},{"type":"Feature","properties":{"ll_type":"Honorary","intro_num":"0281","ll_limits":"the northeast corner of Park Row and Beekman Street","intro_month":"3","amend_dt":null,"limits_er":null,"intro_day":"10","repeal_dt":null,"amendt_txt":null,"official_nm":"None","old_name":"None","amdyrllsec":null,"amended":"No","honor_name":"Susan B. Anthony and Elizabeth Cady Stanton Corner","ll_num":"008","repealed":"No","ulurpcpnum":"none","ll_sec":"12","intro_year":"2004","lleffect_dt":"05/05/2004","borough":"Manhattan","feat_type":"Corner name"},"geometry":{"type":"Point","coordinates":[-74.00694350134691,40.711900108589845]}},{"type":"Feature","properties":{"ll_type":"Honorary","intro_num":"0281","ll_limits":"the intersection of 60th Street and 6th Avenue","intro_month":"3","amend_dt":null,"limits_er":null,"intro_day":"10","repeal_dt":null,"amendt_txt":null,"official_nm":"None","old_name":"None","amdyrllsec":null,"amended":"No","honor_name":"Sisters of St. Joseph Boulevard","ll_num":"008","repealed":"No","ulurpcpnum":"none","ll_sec":"17","intro_year":"2004","lleffect_dt":"05/05/2004","borough":"Brooklyn","feat_type":"Intersection name"},"geometry":{"type":"Point","coordinates":[-74.01396088654181,40.638153267859636]}},{"type":"Feature","properties":{"ll_type":"Honorary","intro_num":"0281","ll_limits":"the northwest corner of the intersection of West 236th Street and Independence Avenue","intro_month":"3","amend_dt":null,"limits_er":null,"intro_day":"10","repeal_dt":null,"amendt_txt":null,"official_nm":"None","old_name":"None","amdyrllsec":null,"amended":"No","honor_name":"Herb Lieberman Way","ll_num":"008","repealed":"No","ulurpcpnum":"none","ll_sec":"21","intro_year":"2004","lleffect_dt":"05/05/2004","borough":"Bronx","feat_type":"Corner name"},"geometry":{"type":"Point","coordinates":[-73.91346572216797,40.88720661000056]}},{"type":"Feature","properties":{"ll_type":"Honorary","intro_num":"0281","ll_limits":"the intersection of Madison Street and Gouverneur Street","intro_month":"3","amend_dt":null,"limits_er":null,"intro_day":"10","repeal_dt":null,"amendt_txt":null,"official_nm":"None","old_name":"None","amdyrllsec":null,"amended":"No","honor_name":"Ruth Winds Way","ll_num":"008","repealed":"No","ulurpcpnum":"none","ll_sec":"23","intro_year":"2004","lleffect_dt":"05/05/2004","borough":"Manhattan","feat_type":"Intersection name"},"geometry":{"type":"Point","coordinates":[-73.98388229543778,40.71319880391044]}},{"type":"Feature","properties":{"ll_type":"Honorary","intro_num":"0281","ll_limits":"the southeast corner of the intersection of Castleton Avenue and North Burgher Avenue","intro_month":"3","amend_dt":null,"limits_er":null,"intro_day":"10","repeal_dt":null,"amendt_txt":null,"official_nm":"None","old_name":"None","amdyrllsec":null,"amended":"No","honor_name":"Monsignor Andrew F. Quinn Way","ll_num":"008","repealed":"No","ulurpcpnum":"none","ll_sec":"26","intro_year":"2004","lleffect_dt":"05/05/2004","borough":"Staten Island","feat_type":"Corner name"},"geometry":{"type":"Point","coordinates":[-74.11443292687773,40.634707988287]}},{"type":"Feature","properties":{"ll_type":"Honorary","intro_num":"0281","ll_limits":"the southeast corner of Potter Avenue and Fairview Avenue","intro_month":"3","amend_dt":null,"limits_er":null,"intro_day":"10","repeal_dt":null,"amendt_txt":null,"official_nm":"None","old_name":"None","amdyrllsec":null,"amended":"No","honor_name":"James Lane III Way","ll_num":"008","repealed":"No","ulurpcpnum":"none","ll_sec":"27","intro_year":"2004","lleffect_dt":"05/05/2004","borough":"Staten Island","feat_type":"Corner name"},"geometry":{"type":"Point","coordinates":[-74.11867812279628,40.61703110367431]}},{"type":"Feature","properties":{"ll_type":"Honorary","intro_num":"0281","ll_limits":"the southeast corner of the intersection of Bement Avenue and Forest Avenue","intro_month":"3","amend_dt":null,"limits_er":null,"intro_day":"10","repeal_dt":null,"amendt_txt":null,"official_nm":"None","old_name":"None","amdyrllsec":null,"amended":"No","honor_name":"Lou Marli Corner","ll_num":"008","repealed":"No","ulurpcpnum":"none","ll_sec":"28","intro_year":"2004","lleffect_dt":"05/05/2004","borough":"Staten Island","feat_type":"Corner name"},"geometry":{"type":"Point","coordinates":[-74.11108622464789,40.6296176831924]}},{"type":"Feature","properties":{"ll_type":"Honorary","intro_num":"0281","ll_limits":"the southeast corner of the intersection of Lyon Place and Watchogue Road","intro_month":"3","amend_dt":null,"limits_er":null,"intro_day":"10","repeal_dt":null,"amendt_txt":null,"official_nm":"None","old_name":"None","amdyrllsec":null,"amended":"No","honor_name":"Firefighter Daniel Perricone Place","ll_num":"008","repealed":"No","ulurpcpnum":"none","ll_sec":"29","intro_year":"2004","lleffect_dt":"05/05/2004","borough":"Staten Island","feat_type":"Corner name"},"geometry":{"type":"Point","coordinates":[-74.147942645942,40.61700620160609]}},{"type":"Feature","properties":{"ll_type":"Honorary","intro_num":"0281","ll_limits":"the intersection of Schuyler Street and Stuyvesant Street","intro_month":"3","amend_dt":null,"limits_er":null,"intro_day":"10","repeal_dt":null,"amendt_txt":null,"official_nm":"None","old_name":"None","amdyrllsec":null,"amended":"No","honor_name":"Honorable Mario J. Esposito Way","ll_num":"008","repealed":"No","ulurpcpnum":"none","ll_sec":"30","intro_year":"2004","lleffect_dt":"05/05/2004","borough":"Staten Island","feat_type":"Intersection name"},"geometry":{"type":"Point","coordinates":[-74.07704028744237,40.6431235901161]}},{"type":"Feature","properties":{"ll_type":"Honorary","intro_num":"0281","ll_limits":"the southeast corner of the intersection of Castleton Avenue and Bodine Street","intro_month":"3","amend_dt":null,"limits_er":null,"intro_day":"10","repeal_dt":null,"amendt_txt":null,"official_nm":"None","old_name":"None","amdyrllsec":null,"amended":"No","honor_name":"John J. Bruno Way","ll_num":"008","repealed":"No","ulurpcpnum":"none","ll_sec":"31","intro_year":"2004","lleffect_dt":"05/05/2004","borough":"Staten Island","feat_type":"Corner name"},"geometry":{"type":"Point","coordinates":[-74.1250375167824,40.633855705807115]}},{"type":"Feature","properties":{"ll_type":"Honorary","intro_num":"0281","ll_limits":"The southeast corner of the intersection of Richmond Terrace and Schuyler Street","intro_month":"3","amend_dt":null,"limits_er":null,"intro_day":"10","repeal_dt":"5/9/2005","amendt_txt":null,"official_nm":"None","old_name":"None","amdyrllsec":null,"amended":"No","honor_name":"Justice John Leone Way","ll_num":"008","repealed":"Yes","ulurpcpnum":"none","ll_sec":"32","intro_year":"2004","lleffect_dt":"05/05/2004","borough":"Staten Island","feat_type":"Corner name"},"geometry":{"type":"Point","coordinates":[-74.07594216051055,40.643502296080385]}},{"type":"Feature","properties":{"ll_type":"Honorary","intro_num":"0281","ll_limits":"the southeast corner of the intersection of Amity Place and Forest Avenue","intro_month":"3","amend_dt":null,"limits_er":null,"intro_day":"10","repeal_dt":null,"amendt_txt":null,"official_nm":"None","old_name":"None","amdyrllsec":null,"amended":"No","honor_name":"Nicholas Sollazzo Way","ll_num":"008","repealed":"No","ulurpcpnum":"none","ll_sec":"33","intro_year":"2004","lleffect_dt":"05/05/2004","borough":"Staten Island","feat_type":"Corner name"},"geometry":{"type":"Point","coordinates":[-74.16110982464265,40.626461923480555]}},{"type":"Feature","properties":{"ll_type":"Honorary","intro_num":"0281","ll_limits":"the southeast corner of the intersection of Davis Avenue and Forest Avenue","intro_month":"3","amend_dt":null,"limits_er":null,"intro_day":"10","repeal_dt":null,"amendt_txt":null,"official_nm":"None","old_name":"None","amdyrllsec":null,"amended":"No","honor_name":"Charles J. Gregorio, Sr. Way","ll_num":"008","repealed":"No","ulurpcpnum":"none","ll_sec":"34","intro_year":"2004","lleffect_dt":"05/05/2004","borough":"Staten Island","feat_type":"Corner name"},"geometry":{"type":"Point","coordinates":[-74.10817516338562,40.63014673015232]}},{"type":"Feature","properties":{"ll_type":"Honorary","intro_num":"0281","ll_limits":"the intersection of Schuyler Street and Richmond Terrace","intro_month":"3","amend_dt":null,"limits_er":null,"intro_day":"10","repeal_dt":null,"amendt_txt":null,"official_nm":"None","old_name":"None","amdyrllsec":null,"amended":"No","honor_name":"Supreme Court Justice Peter P. Cusick Way","ll_num":"008","repealed":"No","ulurpcpnum":"none","ll_sec":"35","intro_year":"2004","lleffect_dt":"05/05/2004","borough":"Staten Island","feat_type":"Intersection name"},"geometry":{"type":"Point","coordinates":[-74.07615051179843,40.64352199042151]}},{"type":"Feature","properties":{"ll_type":"Honorary","intro_num":"0281","ll_limits":"the northwest corner of the intersection of 69th Street and Madison Avenue","intro_month":"3","amend_dt":null,"limits_er":null,"intro_day":"10","repeal_dt":null,"amendt_txt":null,"official_nm":"None","old_name":"None","amdyrllsec":null,"amended":"No","honor_name":"Janice Caulter Way","ll_num":"008","repealed":"No","ulurpcpnum":"none","ll_sec":"36","intro_year":"2004","lleffect_dt":"05/05/2004","borough":"Manhattan","feat_type":"Corner name"},"geometry":{"type":"Point","coordinates":[-73.96692079083418,40.769964988864004]}},{"type":"Feature","properties":{"ll_type":"Honorary","intro_num":"0281","ll_limits":"the intersection of Otis Avenue and Clawson Street","intro_month":"3","amend_dt":null,"limits_er":null,"intro_day":"10","repeal_dt":null,"amendt_txt":null,"official_nm":"None","old_name":"None","amdyrllsec":null,"amended":"No","honor_name":"P.O. Matthew Dziergowski Lane","ll_num":"008","repealed":"No","ulurpcpnum":"none","ll_sec":"38","intro_year":"2004","lleffect_dt":"05/05/2004","borough":"Staten Island","feat_type":"Intersection name"},"geometry":{"type":"Point","coordinates":[-74.10904763975714,40.57431283710587]}},{"type":"Feature","properties":{"ll_type":"Honorary","intro_num":"0281","ll_limits":"the northwest corner of the intersection of McClean Avenue and Sand Lane","intro_month":"3","amend_dt":null,"limits_er":null,"intro_day":"10","repeal_dt":null,"amendt_txt":null,"official_nm":"None","old_name":"None","amdyrllsec":null,"amended":"No","honor_name":"Theresa Puma Way","ll_num":"008","repealed":"No","ulurpcpnum":"none","ll_sec":"39","intro_year":"2004","lleffect_dt":"05/05/2004","borough":"Staten Island","feat_type":"Corner name"},"geometry":{"type":"Point","coordinates":[-74.07059014163364,40.596782704067074]}},{"type":"Feature","properties":{"ll_type":"Honorary","intro_num":"0281","ll_limits":"the intersection of 122nd Street and Morningside Avenue","intro_month":"3","amend_dt":null,"limits_er":null,"intro_day":"10","repeal_dt":null,"amendt_txt":null,"official_nm":"None","old_name":"None","amdyrllsec":null,"amended":"No","honor_name":"Rev. Dr. James H. Robinson Avenue","ll_num":"008","repealed":"No","ulurpcpnum":"none","ll_sec":"41","intro_year":"2004","lleffect_dt":"05/05/2004","borough":"Manhattan","feat_type":"Intersection name"},"geometry":{"type":"Point","coordinates":[-73.95542974848867,40.80942915302449]}},{"type":"Feature","properties":{"ll_type":"Honorary","intro_num":"0281","ll_limits":"the northwest corner of Morris Park Avenue and Williamsbridge Road","intro_month":"3","amend_dt":null,"limits_er":null,"intro_day":"10","repeal_dt":null,"amendt_txt":null,"official_nm":"None","old_name":"None","amdyrllsec":null,"amended":"No","honor_name":"Michael J. Durso Corner","ll_num":"008","repealed":"No","ulurpcpnum":"none","ll_sec":"45","intro_year":"2004","lleffect_dt":"05/05/2004","borough":"Bronx","feat_type":"Corner name"},"geometry":{"type":"Point","coordinates":[-73.85159677001697,40.85036073636889]}},{"type":"Feature","properties":{"ll_type":"Honorary","intro_num":"0281","ll_limits":"the intersection of Beach 124th Street and the Boardwalk","intro_month":"3","amend_dt":null,"limits_er":null,"intro_day":"10","repeal_dt":null,"amendt_txt":null,"official_nm":"None","old_name":"None","amdyrllsec":null,"amended":"No","honor_name":"Lisa King Johnson Promenade","ll_num":"008","repealed":"No","ulurpcpnum":"none","ll_sec":"54","intro_year":"2004","lleffect_dt":"05/05/2004","borough":"Queens","feat_type":"Intersection name"},"geometry":{"type":"Point","coordinates":[-73.84257397350154,40.57532832654621]}},{"type":"Feature","properties":{"ll_type":"Honorary","intro_num":"0281","ll_limits":"the Boardwalk and Beach 91st Street","intro_month":"3","amend_dt":null,"limits_er":null,"intro_day":"10","repeal_dt":null,"amendt_txt":null,"official_nm":"None","old_name":"None","amdyrllsec":null,"amended":"No","honor_name":"Richie Allen's Way--FDNY 9/11/01","ll_num":"008","repealed":"No","ulurpcpnum":"none","ll_sec":"55","intro_year":"2004","lleffect_dt":"05/05/2004","borough":"Queens","feat_type":"Boardwalk name"},"geometry":{"type":"Point","coordinates":[-73.8127868814842,40.584033201673556]}},{"type":"Feature","properties":{"ll_type":"Honorary","intro_num":"0281","ll_limits":"the intersection of Avenue R and East 37th Street","intro_month":"3","amend_dt":null,"limits_er":null,"intro_day":"10","repeal_dt":null,"amendt_txt":null,"official_nm":"None","old_name":"None","amdyrllsec":null,"amended":"No","honor_name":"Firefighter Robert J. Crawford Corner","ll_num":"008","repealed":"No","ulurpcpnum":"none","ll_sec":"59","intro_year":"2004","lleffect_dt":"05/05/2004","borough":"Brooklyn","feat_type":"Intersection name"},"geometry":{"type":"Point","coordinates":[-73.93423957725052,40.613497441583235]}},{"type":"Feature","properties":{"ll_type":"Honorary","intro_num":"0281","ll_limits":"the southwest corner of the intersection of Avenue M and East 57th Street","intro_month":"3","amend_dt":null,"limits_er":null,"intro_day":"10","repeal_dt":null,"amendt_txt":null,"official_nm":"None","old_name":"None","amdyrllsec":null,"amended":"No","honor_name":"Firefighter Gerald T. Atwood Corner","ll_num":"008","repealed":"No","ulurpcpnum":"none","ll_sec":"60","intro_year":"2004","lleffect_dt":"05/05/2004","borough":"Brooklyn","feat_type":"Corner name"},"geometry":{"type":"Point","coordinates":[-73.92039072025362,40.62166886911884]}},{"type":"Feature","properties":{"ll_type":"Honorary","intro_num":"0281","ll_limits":"the intersection of 53rd Drive and 63rd Place","intro_month":"3","amend_dt":null,"limits_er":null,"intro_day":"10","repeal_dt":null,"amendt_txt":null,"official_nm":"None","old_name":"None","amdyrllsec":null,"amended":"No","honor_name":"Firefighter Matthew E. Barnes Drive","ll_num":"008","repealed":"No","ulurpcpnum":"none","ll_sec":"61","intro_year":"2004","lleffect_dt":"05/05/2004","borough":"Queens","feat_type":"Intersection name"},"geometry":{"type":"Point","coordinates":[-73.902137238257,40.729062497860966]}},{"type":"Feature","properties":{"ll_type":"Honorary","intro_num":"0281","ll_limits":"the intersection of linden Street and Cypress Avenue","intro_month":"3","amend_dt":null,"limits_er":null,"intro_day":"10","repeal_dt":null,"amendt_txt":null,"official_nm":"None","old_name":"None","amdyrllsec":null,"amended":"No","honor_name":"Nancy Muniz Street","ll_num":"008","repealed":"No","ulurpcpnum":"none","ll_sec":"62","intro_year":"2004","lleffect_dt":"05/05/2004","borough":"Queens","feat_type":"Intersection name"},"geometry":{"type":"Point","coordinates":[-73.91032553635718,40.70255924872176]}},{"type":"Feature","properties":{"ll_type":"Honorary","intro_num":"0281","ll_limits":"the southeast corner of the intersection of 96th Street and Marine Avenue","intro_month":"3","amend_dt":null,"limits_er":null,"intro_day":"10","repeal_dt":null,"amendt_txt":null,"official_nm":"None","old_name":"None","amdyrllsec":null,"amended":"No","honor_name":"Muriel Siskopoulos 9/11 Memorial Way","ll_num":"008","repealed":"No","ulurpcpnum":"none","ll_sec":"63","intro_year":"2004","lleffect_dt":"05/05/2004","borough":"Brooklyn","feat_type":"Corner name"},"geometry":{"type":"Point","coordinates":[-74.03571596440307,40.616953784958625]}},{"type":"Feature","properties":{"ll_type":"Honorary","intro_num":"0281","ll_limits":"the west side of the intersection of 12th Avenue and 74th Street","intro_month":"3","amend_dt":null,"limits_er":null,"intro_day":"10","repeal_dt":null,"amendt_txt":null,"official_nm":"None","old_name":"None","amdyrllsec":null,"amended":"No","honor_name":"Jude Safi 9/11 Memorial Way","ll_num":"008","repealed":"No","ulurpcpnum":"none","ll_sec":"64","intro_year":"2004","lleffect_dt":"05/05/2004","borough":"Brooklyn","feat_type":"Intersection name"},"geometry":{"type":"Point","coordinates":[-74.0091776973167,40.62224378506739]}},{"type":"Feature","properties":{"ll_type":"Honorary","intro_num":"0281","ll_limits":"the northwest corner of the intersection of Ovington Avenue and 14th Avenue","intro_month":"3","amend_dt":null,"limits_er":null,"intro_day":"10","repeal_dt":null,"amendt_txt":null,"official_nm":"None","old_name":"None","amdyrllsec":null,"amended":"No","honor_name":"Elaine Cillo 9/11 Memorial Way","ll_num":"008","repealed":"No","ulurpcpnum":"none","ll_sec":"65","intro_year":"2004","lleffect_dt":"05/05/2004","borough":"Brooklyn","feat_type":"Corner name"},"geometry":{"type":"Point","coordinates":[-74.00125576651631,40.62296340984918]}},{"type":"Feature","properties":{"ll_type":"Honorary","intro_num":"0281","ll_limits":"the northwest corner of the intersection of 76th Street and 7th Avenue","intro_month":"3","amend_dt":null,"limits_er":null,"intro_day":"10","repeal_dt":null,"amendt_txt":null,"official_nm":"None","old_name":"None","amdyrllsec":null,"amended":"No","honor_name":"Donald Richard Gavigan, Jr. 9/11 Memorial Way","ll_num":"008","repealed":"No","ulurpcpnum":"none","ll_sec":"66","intro_year":"2004","lleffect_dt":"05/05/2004","borough":"Brooklyn","feat_type":"Corner name"},"geometry":{"type":"Point","coordinates":[-74.01902158145624,40.6264316160952]}},{"type":"Feature","properties":{"ll_type":"Honorary","intro_num":"0281","ll_limits":"the intersection of 94th Street and Gelston Avenue","intro_month":"3","amend_dt":null,"limits_er":null,"intro_day":"10","repeal_dt":null,"amendt_txt":null,"official_nm":"None","old_name":"None","amdyrllsec":null,"amended":"No","honor_name":"Suzanne Geraty 9/11 Memorial Way","ll_num":"008","repealed":"No","ulurpcpnum":"none","ll_sec":"67","intro_year":"2004","lleffect_dt":"05/05/2004","borough":"Brooklyn","feat_type":"Intersection name"},"geometry":{"type":"Point","coordinates":[-74.02957542715322,40.61606623388311]}},{"type":"Feature","properties":{"ll_type":"Honorary","intro_num":"0281","ll_limits":"the southeast corner of the intersection of Ridge Boulevard and 84th Street","intro_month":"3","amend_dt":null,"limits_er":null,"intro_day":"10","repeal_dt":null,"amendt_txt":null,"official_nm":"None","old_name":"None","amdyrllsec":null,"amended":"No","honor_name":"Constantine \"Gus\" Economos 9/11 Memorial Way","ll_num":"008","repealed":"No","ulurpcpnum":"none","ll_sec":"68","intro_year":"2004","lleffect_dt":"05/05/2004","borough":"Brooklyn","feat_type":"Corner name"},"geometry":{"type":"Point","coordinates":[-74.03301530822998,40.62554458167344]}},{"type":"Feature","properties":{"ll_type":"Honorary","intro_num":"0281","ll_limits":"the southwest corner of the intersection of 71st Street and 3rd Avenue","intro_month":"3","amend_dt":null,"limits_er":null,"intro_day":"10","repeal_dt":null,"amendt_txt":null,"official_nm":"None","old_name":"None","amdyrllsec":null,"amended":"No","honor_name":"Firefighter Billy Lake Place","ll_num":"008","repealed":"No","ulurpcpnum":"none","ll_sec":"69","intro_year":"2004","lleffect_dt":"05/05/2004","borough":"Brooklyn","feat_type":"Corner name"},"geometry":{"type":"Point","coordinates":[-74.02685699878326,40.63409727403283]}},{"type":"Feature","properties":{"ll_type":"Honorary","intro_num":"0281","ll_limits":"the intersection of 48th Street and 7th Avenue","intro_month":"3","amend_dt":null,"limits_er":null,"intro_day":"10","repeal_dt":null,"amendt_txt":null,"official_nm":"None","old_name":"None","amdyrllsec":null,"amended":"No","honor_name":"Firefighter David Paul De Rubbio Street","ll_num":"008","repealed":"No","ulurpcpnum":"none","ll_sec":"72","intro_year":"2004","lleffect_dt":"05/05/2004","borough":"Brooklyn","feat_type":"Intersection name"},"geometry":{"type":"Point","coordinates":[-74.00474646755083,40.643566979710144]}},{"type":"Feature","properties":{"ll_type":"Honorary","intro_num":"0281","ll_limits":"the intersection of 43rd Street and 8th Avenue","intro_month":"3","amend_dt":null,"limits_er":null,"intro_day":"10","repeal_dt":null,"amendt_txt":null,"official_nm":"None","old_name":"None","amdyrllsec":null,"amended":"No","honor_name":"Marlyn Carmen Garcia Way","ll_num":"008","repealed":"No","ulurpcpnum":"none","ll_sec":"73","intro_year":"2004","lleffect_dt":"05/05/2004","borough":"Brooklyn","feat_type":"Intersection name"},"geometry":{"type":"Point","coordinates":[-73.99963885933298,40.645041887099765]}},{"type":"Feature","properties":{"ll_type":"Honorary","intro_num":"0281","ll_limits":"the southwest corner of the intersection of West 215th Street and Park Terrace West","intro_month":"3","amend_dt":null,"limits_er":null,"intro_day":"10","repeal_dt":null,"amendt_txt":null,"official_nm":"None","old_name":"None","amdyrllsec":null,"amended":"No","honor_name":"Jimmy McAlary Way","ll_num":"008","repealed":"No","ulurpcpnum":"none","ll_sec":"74","intro_year":"2004","lleffect_dt":"05/05/2004","borough":"Manhattan","feat_type":"Corner name"},"geometry":{"type":"Point","coordinates":[-73.91805999573116,40.87092629344706]}},{"type":"Feature","properties":{"ll_type":"Honorary","intro_num":"0281","ll_limits":"the southwest corner of the intersection of West 218th Street and Seaman Avenue","intro_month":"3","amend_dt":null,"limits_er":null,"intro_day":"10","repeal_dt":null,"amendt_txt":null,"official_nm":"None","old_name":"None","amdyrllsec":null,"amended":"No","honor_name":"Brian Patrick Monaghan Way","ll_num":"008","repealed":"No","ulurpcpnum":"none","ll_sec":"75","intro_year":"2004","lleffect_dt":"05/05/2004","borough":"Manhattan","feat_type":"Corner name"},"geometry":{"type":"Point","coordinates":[-73.91740720212537,40.87247455862689]}},{"type":"Feature","properties":{"ll_type":"Honorary","intro_num":"0281","ll_limits":"the northwest corner of the intersection of Amber Street and Andrews Street","intro_month":"3","amend_dt":null,"limits_er":null,"intro_day":"10","repeal_dt":null,"amendt_txt":null,"official_nm":"None","old_name":"None","amdyrllsec":null,"amended":"No","honor_name":"Alan Palumbo Way","ll_num":"008","repealed":"No","ulurpcpnum":"none","ll_sec":"78","intro_year":"2004","lleffect_dt":"05/05/2004","borough":"Staten Island","feat_type":"Corner name"},"geometry":{"type":"Point","coordinates":[-74.13615598806062,40.56807879112866]}},{"type":"Feature","properties":{"ll_type":"Honorary","intro_num":"0281","ll_limits":"the southeast corner of the intersection of Richmond Avenue and Armand Street","intro_month":"3","amend_dt":null,"limits_er":null,"intro_day":"10","repeal_dt":null,"amendt_txt":null,"official_nm":"None","old_name":"None","amdyrllsec":null,"amended":"No","honor_name":"Eddie Zambrana Jr. Way","ll_num":"008","repealed":"No","ulurpcpnum":"none","ll_sec":"80","intro_year":"2004","lleffect_dt":"05/05/2004","borough":"Staten Island","feat_type":"Corner name"},"geometry":{"type":"Point","coordinates":[-74.15476128688316,40.61864628600896]}},{"type":"Feature","properties":{"ll_type":"Honorary","intro_num":"0281","ll_limits":"the intersection of 111th Street and Roosevelt Avenue","intro_month":"3","amend_dt":null,"limits_er":null,"intro_day":"10","repeal_dt":null,"amendt_txt":null,"official_nm":"None","old_name":"None","amdyrllsec":null,"amended":"No","honor_name":"Francisco Munoz Way","ll_num":"008","repealed":"No","ulurpcpnum":"none","ll_sec":"81","intro_year":"2004","lleffect_dt":"05/05/2004","borough":"Queens","feat_type":"Intersection name"},"geometry":{"type":"Point","coordinates":[-73.85583495604043,40.75157727205279]}},{"type":"Feature","properties":{"ll_type":"Honorary","intro_num":"0281","ll_limits":"the northeast corner of the intersection of Penn Avenue and Tenth Street","intro_month":"3","amend_dt":null,"limits_er":null,"intro_day":"10","repeal_dt":null,"amendt_txt":null,"official_nm":"None","old_name":"None","amdyrllsec":null,"amended":"No","honor_name":"Eugene J. Raggio Place","ll_num":"008","repealed":"No","ulurpcpnum":"none","ll_sec":"83","intro_year":"2004","lleffect_dt":"05/05/2004","borough":"Staten Island","feat_type":"Corner name"},"geometry":{"type":"Point","coordinates":[-74.12062149447287,40.56564258123145]}},{"type":"Feature","properties":{"ll_type":"Honorary","intro_num":"0281","ll_limits":"the intersection of Jefferson Avenue and Husson Street","intro_month":"3","amend_dt":null,"limits_er":null,"intro_day":"10","repeal_dt":null,"amendt_txt":null,"official_nm":"None","old_name":"None","amdyrllsec":null,"amended":"No","honor_name":"Patricia A. Kuras 9/11 Memorial Way","ll_num":"008","repealed":"No","ulurpcpnum":"none","ll_sec":"84","intro_year":"2004","lleffect_dt":"05/05/2004","borough":"Staten Island","feat_type":"Intersection name"},"geometry":{"type":"Point","coordinates":[-74.10061310927993,40.582711190723856]}},{"type":"Feature","properties":{"ll_type":"Honorary","intro_num":"0281","ll_limits":"the intersection of Hunter Avenue and Father Capodanno Boulevard","intro_month":"3","amend_dt":null,"limits_er":null,"intro_day":"10","repeal_dt":null,"amendt_txt":null,"official_nm":"None","old_name":"None","amdyrllsec":null,"amended":"No","honor_name":"Lt. Stephen Harrell - FDNY 157 Hangdown Highway","ll_num":"008","repealed":"No","ulurpcpnum":"none","ll_sec":"85","intro_year":"2004","lleffect_dt":"05/05/2004","borough":"Staten Island","feat_type":"Intersection name"},"geometry":{"type":"Point","coordinates":[-74.08769737650937,40.57306188373556]}},{"type":"Feature","properties":{"ll_type":"Honorary","intro_num":"0281","ll_limits":"the intersection of Withers Street and Union Avenue","intro_month":"3","amend_dt":null,"limits_er":null,"intro_day":"10","repeal_dt":null,"amendt_txt":null,"official_nm":"None","old_name":"None","amdyrllsec":null,"amended":"No","honor_name":"FDNY Lt. John A. Crisci Street","ll_num":"008","repealed":"No","ulurpcpnum":"none","ll_sec":"94","intro_year":"2004","lleffect_dt":"05/05/2004","borough":"Brooklyn","feat_type":"Intersection name"},"geometry":{"type":"Point","coordinates":[-73.95205080895956,40.71667004119263]}},{"type":"Feature","properties":{"ll_type":"Honorary","intro_num":"0281","ll_limits":"Williamsbridge Square in front of Engine 62/Ladder 32 Fire House","intro_month":"3","amend_dt":null,"limits_er":null,"intro_day":"10","repeal_dt":null,"amendt_txt":null,"official_nm":"None","old_name":"Williamsbridge Square","amdyrllsec":null,"amended":"No","honor_name":"Firefighter Michael F. Lynch Square","ll_num":"008","repealed":"No","ulurpcpnum":"none","ll_sec":"91","intro_year":"2004","lleffect_dt":"05/05/2004","borough":"Bronx","feat_type":"Square name"},"geometry":{"type":"Point","coordinates":[-73.86698435522908,40.877751011022276]}},{"type":"Feature","properties":{"ll_type":"Honorary","intro_num":"0281","ll_limits":"the intersection of Boston Post Road and Eastchester Road","intro_month":"3","amend_dt":null,"limits_er":null,"intro_day":"10","repeal_dt":null,"amendt_txt":null,"official_nm":"None","old_name":"None","amdyrllsec":null,"amended":"No","honor_name":"Firefighter Robert W. McPadden Square","ll_num":"008","repealed":"No","ulurpcpnum":"none","ll_sec":"90","intro_year":"2004","lleffect_dt":"05/05/2004","borough":"Bronx","feat_type":"Intersection name"},"geometry":{"type":"Point","coordinates":[-73.8463678397225,40.87703471749669]}},{"type":"Feature","properties":{"ll_type":"Honorary","intro_num":"0590","ll_limits":"At the intersection of East 147th Street and Southern Boulevard","intro_month":"6","amend_dt":null,"limits_er":null,"intro_day":"14","repeal_dt":null,"amendt_txt":null,"official_nm":"None","old_name":"None","amdyrllsec":null,"amended":"No","honor_name":"Police Officer Kenneth Mahon Place","ll_num":"047","repealed":"No","ulurpcpnum":"none","ll_sec":"1","intro_year":"2011","lleffect_dt":"07/11/2011","borough":"Bronx","feat_type":"Intersection name"},"geometry":{"type":"Point","coordinates":[-73.90583758036169,40.81099768987802]}},{"type":"Feature","properties":{"ll_type":"Honorary","intro_num":"0590","ll_limits":"At the intersection of Williams Avenue and Riverdale Avenues","intro_month":"6","amend_dt":null,"limits_er":null,"intro_day":"14","repeal_dt":null,"amendt_txt":null,"official_nm":"None","old_name":"None","amdyrllsec":null,"amended":"No","honor_name":"Richard Akbar Salahuddin Drive","ll_num":"047","repealed":"No","ulurpcpnum":"none","ll_sec":"2","intro_year":"2011","lleffect_dt":"07/11/2011","borough":"Brooklyn","feat_type":"Intersection name"},"geometry":{"type":"Point","coordinates":[-73.89736883751091,40.66267293470314]}},{"type":"Feature","properties":{"ll_type":"Honorary","intro_num":"0590","ll_limits":"At the intersection of Lenox Avenue and 142nd Street","intro_month":"6","amend_dt":null,"limits_er":null,"intro_day":"14","repeal_dt":null,"amendt_txt":null,"official_nm":"None","old_name":"None","amdyrllsec":null,"amended":"No","honor_name":"Jack Johnson Plaza","ll_num":"047","repealed":"No","ulurpcpnum":"none","ll_sec":"5","intro_year":"2011","lleffect_dt":"07/11/2011","borough":"Manhattan","feat_type":"Intersection name"},"geometry":{"type":"Point","coordinates":[-73.9376437347053,40.818510592112325]}},{"type":"Feature","properties":{"ll_type":"Honorary","intro_num":"0590","ll_limits":"At the northwest corner of 37th Avenue and 83rd Street","intro_month":"6","amend_dt":null,"limits_er":null,"intro_day":"14","repeal_dt":null,"amendt_txt":null,"official_nm":"None","old_name":"None","amdyrllsec":null,"amended":"No","honor_name":"Richard Cecere Corner","ll_num":"047","repealed":"No","ulurpcpnum":"none","ll_sec":"7","intro_year":"2011","lleffect_dt":"07/11/2011","borough":"Queens","feat_type":"Intersection name"},"geometry":{"type":"Point","coordinates":[-73.8835017991531,40.74992747008312]}},{"type":"Feature","properties":{"ll_type":"Honorary","intro_num":"0590","ll_limits":"At the southeast corner of 35th Avenue and 81st Street","intro_month":"6","amend_dt":null,"limits_er":null,"intro_day":"14","repeal_dt":null,"amendt_txt":null,"official_nm":"None","old_name":"None","amdyrllsec":null,"amended":"No","honor_name":"35th Avenue","ll_num":"047","repealed":"No","ulurpcpnum":"none","ll_sec":"8","intro_year":"2011","lleffect_dt":"07/11/2011","borough":"Queens","feat_type":"Intersection name"},"geometry":{"type":"Point","coordinates":[-73.88548963579153,40.75160294696759]}},{"type":"Feature","properties":{"ll_type":"Honorary","intro_num":"0590","ll_limits":"At the intersection of 104th Street and Corona Avenue","intro_month":"6","amend_dt":null,"limits_er":null,"intro_day":"14","repeal_dt":null,"amendt_txt":null,"official_nm":"None","old_name":"None","amdyrllsec":null,"amended":"No","honor_name":"Pietro Cesare Alberti Way","ll_num":"047","repealed":"No","ulurpcpnum":"none","ll_sec":"10","intro_year":"2011","lleffect_dt":"07/11/2011","borough":"Queens","feat_type":"Intersection name"},"geometry":{"type":"Point","coordinates":[-73.85868083156608,40.74403113360191]}},{"type":"Feature","properties":{"ll_type":"Honorary","intro_num":"0590","ll_limits":"At the intersection of 108th Street and 49th Avenue","intro_month":"6","amend_dt":null,"limits_er":null,"intro_day":"14","repeal_dt":null,"amendt_txt":null,"official_nm":"None","old_name":"None","amdyrllsec":null,"amended":"No","honor_name":"SFC Luis M. Gonzalez Street","ll_num":"047","repealed":"No","ulurpcpnum":"none","ll_sec":"11","intro_year":"2011","lleffect_dt":"07/11/2011","borough":"Queens","feat_type":"Intersection name"},"geometry":{"type":"Point","coordinates":[-73.85595057906458,40.745266976107665]}},{"type":"Feature","properties":{"ll_type":"Honorary","intro_num":"0590","ll_limits":"At the intersection of East 38th Street and Quentin Road","intro_month":"6","amend_dt":null,"limits_er":null,"intro_day":"14","repeal_dt":null,"amendt_txt":null,"official_nm":"None","old_name":"None","amdyrllsec":null,"amended":"No","honor_name":"Police Officer Vito S. Mauro - 9/11 Memorial Way","ll_num":"047","repealed":"No","ulurpcpnum":"none","ll_sec":"12","intro_year":"2011","lleffect_dt":"07/11/2011","borough":"Brooklyn","feat_type":"Intersection name"},"geometry":{"type":"Point","coordinates":[-73.9353481626593,40.61558455917437]}},{"type":"Feature","properties":{"ll_type":"Honorary","intro_num":"0590","ll_limits":"At the intersection of 77th Street and 14th Avenue","intro_month":"6","amend_dt":null,"limits_er":null,"intro_day":"14","repeal_dt":null,"amendt_txt":null,"official_nm":"None","old_name":"None","amdyrllsec":null,"amended":"No","honor_name":"Dr. Giacomo J. Buscaino Place","ll_num":"047","repealed":"No","ulurpcpnum":"none","ll_sec":"13","intro_year":"2011","lleffect_dt":"07/11/2011","borough":"Brooklyn","feat_type":"Intersection name"},"geometry":{"type":"Point","coordinates":[-74.00643395044385,40.617814716492845]}},{"type":"Feature","properties":{"ll_type":"Honorary","intro_num":"0590","ll_limits":"At the intersection of 27th Street and 4th Avenue","intro_month":"6","amend_dt":null,"limits_er":null,"intro_day":"14","repeal_dt":null,"amendt_txt":null,"official_nm":"None","old_name":"None","amdyrllsec":null,"amended":"No","honor_name":"Andrew DiOrio Boulevard","ll_num":"047","repealed":"No","ulurpcpnum":"none","ll_sec":"14","intro_year":"2011","lleffect_dt":"07/11/2011","borough":"Brooklyn","feat_type":"Intersection name"},"geometry":{"type":"Point","coordinates":[-73.99919008493505,40.65935784407705]}},{"type":"Feature","properties":{"ll_type":"Honorary","intro_num":"0590","ll_limits":"at the intersection of Smith Street and Lorraine Street","intro_month":"6","amend_dt":null,"limits_er":null,"intro_day":"14","repeal_dt":null,"amendt_txt":null,"official_nm":"None","old_name":"None","amdyrllsec":null,"amended":"No","honor_name":"Red Hook Heroes Run","ll_num":"047","repealed":"No","ulurpcpnum":"none","ll_sec":"15","intro_year":"2011","lleffect_dt":"07/11/2011","borough":"Brooklyn","feat_type":"Intersection name"},"geometry":{"type":"Point","coordinates":[-73.99934695849039,40.67227260157708]}},{"type":"Feature","properties":{"ll_type":"Honorary","intro_num":"0590","ll_limits":"At the intersection of 65th Street and 4th Avenue","intro_month":"6","amend_dt":null,"limits_er":null,"intro_day":"14","repeal_dt":null,"amendt_txt":null,"official_nm":"None","old_name":"None","amdyrllsec":null,"amended":"No","honor_name":"Abe Kanter Way","ll_num":"047","repealed":"No","ulurpcpnum":"none","ll_sec":"16","intro_year":"2011","lleffect_dt":"07/11/2011","borough":"Brooklyn","feat_type":"Intersection name"},"geometry":{"type":"Point","coordinates":[-74.02137518819637,40.6379985361847]}},{"type":"Feature","properties":{"ll_type":"Honorary","intro_num":"0590","ll_limits":"At the northeast corner of 52nd Street and Old New Utrecht Road","intro_month":"6","amend_dt":null,"limits_er":null,"intro_day":"14","repeal_dt":null,"amendt_txt":null,"official_nm":"None","old_name":"None","amdyrllsec":null,"amended":"No","honor_name":"Rabbi Zvi Florence Way","ll_num":"047","repealed":"No","ulurpcpnum":"none","ll_sec":"17","intro_year":"2011","lleffect_dt":"07/11/2011","borough":"Brooklyn","feat_type":"Intersection name"},"geometry":{"type":"Point","coordinates":[-73.9830961248915,40.626948750795826]}},{"type":"Feature","properties":{"ll_type":"Honorary","intro_num":"0590","ll_limits":"At the north corner of Merry Mount Street and Klondike Avenue","intro_month":"6","amend_dt":null,"limits_er":null,"intro_day":"14","repeal_dt":null,"amendt_txt":null,"official_nm":"None","old_name":"None","amdyrllsec":null,"amended":"No","honor_name":"Crossing Guard Susan Healy Way","ll_num":"047","repealed":"No","ulurpcpnum":"none","ll_sec":"20","intro_year":"2011","lleffect_dt":"07/11/2011","borough":"Staten Island","feat_type":"Intersection name"},"geometry":{"type":"Point","coordinates":[-74.15925310666226,40.59028418980701]}},{"type":"Feature","properties":{"ll_type":"Honorary","intro_num":"0590","ll_limits":"At the intersection of Union Street and 38th Avenue","intro_month":"6","amend_dt":null,"limits_er":null,"intro_day":"14","repeal_dt":null,"amendt_txt":null,"official_nm":"None","old_name":"None","amdyrllsec":null,"amended":"No","honor_name":"Macedonia A.M.E. Church Way","ll_num":"047","repealed":"No","ulurpcpnum":"none","ll_sec":"23","intro_year":"2011","lleffect_dt":"07/11/2011","borough":"Queens","feat_type":"Intersection name"},"geometry":{"type":"Point","coordinates":[-73.82713925060364,40.76165204183898]}},{"type":"Feature","properties":{"ll_type":"Honorary","intro_num":"0590","ll_limits":"At the intersection of Austin Street and Ascan Avenue","intro_month":"6","amend_dt":null,"limits_er":null,"intro_day":"14","repeal_dt":null,"amendt_txt":null,"official_nm":"None","old_name":"None","amdyrllsec":null,"amended":"No","honor_name":"Geraldine Ferraro Way","ll_num":"047","repealed":"No","ulurpcpnum":"none","ll_sec":"25","intro_year":"2011","lleffect_dt":"07/11/2011","borough":"Queens","feat_type":"Intersection name"},"geometry":{"type":"Point","coordinates":[-73.8405575155186,40.71836861443848]}},{"type":"Feature","properties":{"ll_type":"Honorary","intro_num":"0590","ll_limits":"At the intersection of East 111th Street and Lexington Avenue","intro_month":"6","amend_dt":null,"limits_er":null,"intro_day":"14","repeal_dt":null,"amendt_txt":null,"official_nm":"None","old_name":"None","amdyrllsec":null,"amended":"No","honor_name":"Young Lords Way","ll_num":"047","repealed":"No","ulurpcpnum":"none","ll_sec":"31","intro_year":"2011","lleffect_dt":"07/11/2011","borough":"Manhattan","feat_type":"Intersection name"},"geometry":{"type":"Point","coordinates":[-73.94394771046605,40.79543553962938]}},{"type":"Feature","properties":{"ll_type":"Honorary","intro_num":"0590","ll_limits":"On the southwest corner of Amsterdam Avenue and West 103rd Street","intro_month":"6","amend_dt":null,"limits_er":null,"intro_day":"14","repeal_dt":null,"amendt_txt":null,"official_nm":"None","old_name":"None","amdyrllsec":null,"amended":"No","honor_name":"Odessa Steward Street","ll_num":"047","repealed":"No","ulurpcpnum":"none","ll_sec":"32","intro_year":"2011","lleffect_dt":"07/11/2011","borough":"Manhattan","feat_type":"Intersection name"},"geometry":{"type":"Point","coordinates":[-73.96731813759979,40.798504494388254]}},{"type":"Feature","properties":{"ll_type":"Honorary","intro_num":"0590","ll_limits":"At the intersection of Brighton 1st Place and Brighton Beach Avenue","intro_month":"6","amend_dt":null,"limits_er":null,"intro_day":"14","repeal_dt":null,"amendt_txt":null,"official_nm":"None","old_name":"None","amdyrllsec":null,"amended":"No","honor_name":"Fran Kaplan Way","ll_num":"047","repealed":"No","ulurpcpnum":"none","ll_sec":"37","intro_year":"2011","lleffect_dt":"07/11/2011","borough":"Brooklyn","feat_type":"Intersection name"},"geometry":{"type":"Point","coordinates":[-73.96586699825336,40.576655887546835]}},{"type":"Feature","properties":{"ll_type":"Honorary","intro_num":"0590","ll_limits":"At the intersection of East 17th Street and Kings Highway","intro_month":"6","amend_dt":null,"limits_er":null,"intro_day":"14","repeal_dt":null,"amendt_txt":null,"official_nm":"None","old_name":"None","amdyrllsec":null,"amended":"No","honor_name":"Stephen J. Solarz Way","ll_num":"047","repealed":"No","ulurpcpnum":"none","ll_sec":"38","intro_year":"2011","lleffect_dt":"07/11/2011","borough":"Brooklyn","feat_type":"Intersection name"},"geometry":{"type":"Point","coordinates":[-73.9565018882073,40.60953951435339]}},{"type":"Feature","properties":{"ll_type":"Honorary","intro_num":"0590","ll_limits":"At the intersection of Brielle Avenue and Gansevoort Boulevard","intro_month":"6","amend_dt":null,"limits_er":null,"intro_day":"14","repeal_dt":null,"amendt_txt":null,"official_nm":"None","old_name":"None","amdyrllsec":null,"amended":"No","honor_name":"Amanda Sue Forsyth Gift of Life Way","ll_num":"047","repealed":"No","ulurpcpnum":"none","ll_sec":"39","intro_year":"2011","lleffect_dt":"07/11/2011","borough":"Staten Island","feat_type":"Intersection name"},"geometry":{"type":"Point","coordinates":[-74.12545223514445,40.598137349902956]}},{"type":"Feature","properties":{"ll_type":"Honorary","intro_num":"0590","ll_limits":"At the intersection of Steele Avenue and 3rd Street","intro_month":"6","amend_dt":null,"limits_er":null,"intro_day":"14","repeal_dt":null,"amendt_txt":null,"official_nm":"None","old_name":"None","amdyrllsec":null,"amended":"No","honor_name":"Deborah L. Macula Way","ll_num":"047","repealed":"No","ulurpcpnum":"none","ll_sec":"40","intro_year":"2011","lleffect_dt":"07/11/2011","borough":"Staten Island","feat_type":"Intersection name"},"geometry":{"type":"Point","coordinates":[-74.11735167269636,40.57600612476851]}},{"type":"Feature","properties":{"ll_type":"Honorary","intro_num":"0590","ll_limits":"At the intersection of Bay 34th Street and 86th Street","intro_month":"6","amend_dt":null,"limits_er":null,"intro_day":"14","repeal_dt":null,"amendt_txt":null,"official_nm":"None","old_name":"None","amdyrllsec":null,"amended":"No","honor_name":"Anthony Neglia Way","ll_num":"047","repealed":"No","ulurpcpnum":"none","ll_sec":"42","intro_year":"2011","lleffect_dt":"07/11/2011","borough":"Brooklyn","feat_type":"Intersection name"},"geometry":{"type":"Point","coordinates":[-73.99086378735593,40.600134029026215]}},{"type":"Feature","properties":{"ll_type":"Honorary","intro_num":"0590","ll_limits":"At the intersection of Broadway and 165th Street","intro_month":"6","amend_dt":null,"limits_er":null,"intro_day":"14","repeal_dt":null,"amendt_txt":null,"official_nm":"None","old_name":"None","amdyrllsec":null,"amended":"No","honor_name":"Dr. Betty Shabazz Way","ll_num":"047","repealed":"No","ulurpcpnum":"none","ll_sec":"44","intro_year":"2011","lleffect_dt":"07/11/2011","borough":"Manhattan","feat_type":"Intersection name"},"geometry":{"type":"Point","coordinates":[-73.94113608555446,40.839178894613084]}},{"type":"Feature","properties":{"ll_type":"Honorary","intro_num":"0590","ll_limits":"At the intersection of Bidwell Avenue and Lathrop Avenue","intro_month":"6","amend_dt":null,"limits_er":null,"intro_day":"14","repeal_dt":null,"amendt_txt":null,"official_nm":"None","old_name":"None","amdyrllsec":null,"amended":"No","honor_name":"Daniel P. Rieu Way","ll_num":"047","repealed":"No","ulurpcpnum":"none","ll_sec":"45","intro_year":"2011","lleffect_dt":"07/11/2011","borough":"Staten Island","feat_type":"Intersection name"},"geometry":{"type":"Point","coordinates":[-74.13673684196044,40.61903777170279]}},{"type":"Feature","properties":{"ll_type":"Honorary","intro_num":"0590","ll_limits":"On the northwest side of Morrison Avenue and Bement Avenue","intro_month":"6","amend_dt":null,"limits_er":null,"intro_day":"14","repeal_dt":"10/2/2012","amendt_txt":null,"official_nm":"None","old_name":"None","amdyrllsec":null,"amended":"No","honor_name":"D.A. Bill Murphy Way","ll_num":"047","repealed":"Yes","ulurpcpnum":"none","ll_sec":"46","intro_year":"2011","lleffect_dt":"07/11/2011","borough":"Staten Island","feat_type":"Intersection name"},"geometry":{"type":"Point","coordinates":[-74.1112482602475,40.62887488994318]}},{"type":"Feature","properties":{"ll_type":"Honorary","intro_num":"0590","ll_limits":"At the intersection of B43rd Street and Beach Channel Drive","intro_month":"6","amend_dt":null,"limits_er":null,"intro_day":"14","repeal_dt":null,"amendt_txt":null,"official_nm":"None","old_name":"None","amdyrllsec":null,"amended":"No","honor_name":"Lizzie Ruth Brown Way","ll_num":"047","repealed":"No","ulurpcpnum":"none","ll_sec":"47","intro_year":"2011","lleffect_dt":"07/11/2011","borough":"Queens","feat_type":"Intersection name"},"geometry":{"type":"Point","coordinates":[-73.7747712458882,40.59573537698427]}},{"type":"Feature","properties":{"ll_type":"Honorary","intro_num":"0590","ll_limits":"At the southeast corner of Beach 130th Street and Cronston Avenue","intro_month":"6","amend_dt":null,"limits_er":null,"intro_day":"14","repeal_dt":null,"amendt_txt":null,"official_nm":"None","old_name":"None","amdyrllsec":null,"amended":"No","honor_name":"Jack King Way","ll_num":"047","repealed":"No","ulurpcpnum":"none","ll_sec":"48","intro_year":"2011","lleffect_dt":"07/11/2011","borough":"Queens","feat_type":"Intersection name"},"geometry":{"type":"Point","coordinates":[-73.85085957372142,40.579356771123535]}},{"type":"Feature","properties":{"ll_type":"Honorary","intro_num":"0590","ll_limits":"At the intersection of 30th Road and 21st Street","intro_month":"6","amend_dt":null,"limits_er":null,"intro_day":"14","repeal_dt":null,"amendt_txt":null,"official_nm":"None","old_name":"None","amdyrllsec":null,"amended":"No","honor_name":"Ann Buehler Way","ll_num":"047","repealed":"No","ulurpcpnum":"none","ll_sec":"49","intro_year":"2011","lleffect_dt":"07/11/2011","borough":"Queens","feat_type":"Intersection name"},"geometry":{"type":"Point","coordinates":[-73.92847136516458,40.76906017026258]}},{"type":"Feature","properties":{"ll_type":"Honorary","intro_num":"0590","ll_limits":"At the intersection of 43rd Street and 48th Avenue","intro_month":"6","amend_dt":null,"limits_er":null,"intro_day":"14","repeal_dt":null,"amendt_txt":null,"official_nm":"None","old_name":"None","amdyrllsec":null,"amended":"No","honor_name":"Winged Fist Way","ll_num":"047","repealed":"No","ulurpcpnum":"none","ll_sec":"50","intro_year":"2011","lleffect_dt":"07/11/2011","borough":"Queens","feat_type":"Intersection name"},"geometry":{"type":"Point","coordinates":[-73.92224893085836,40.739631853698036]}},{"type":"Feature","properties":{"ll_type":"Honorary","intro_num":"0590","ll_limits":"At the southeast corner of Bergen Street and Utica Avenue","intro_month":"6","amend_dt":null,"limits_er":null,"intro_day":"14","repeal_dt":null,"amendt_txt":null,"official_nm":"None","old_name":"None","amdyrllsec":null,"amended":"No","honor_name":"Moses P. Cobb Way","ll_num":"047","repealed":"No","ulurpcpnum":"none","ll_sec":"51","intro_year":"2011","lleffect_dt":"07/11/2011","borough":"Brooklyn","feat_type":"Intersection name"},"geometry":{"type":"Point","coordinates":[-73.93040273371527,40.674941053176305]}},{"type":"Feature","properties":{"ll_type":"Honorary","intro_num":"0590","ll_limits":"At the intersection of Wellbrook Avenue and Holden Boulevard","intro_month":"6","amend_dt":null,"limits_er":null,"intro_day":"14","repeal_dt":null,"amendt_txt":null,"official_nm":"None","old_name":"None","amdyrllsec":null,"amended":"No","honor_name":"Monsignor Paul M. Andrews Way","ll_num":"047","repealed":"No","ulurpcpnum":"none","ll_sec":"55","intro_year":"2011","lleffect_dt":"07/11/2011","borough":"Staten Island","feat_type":"Intersection name"},"geometry":{"type":"Point","coordinates":[-74.13062829326839,40.60388303538134]}},{"type":"Feature","properties":{"ll_type":"Honorary","intro_num":"0590","ll_limits":"At the southeast corner of 35th Street and Ditmars Boulevard","intro_month":"6","amend_dt":null,"limits_er":null,"intro_day":"14","repeal_dt":null,"amendt_txt":null,"official_nm":"None","old_name":"None","amdyrllsec":null,"amended":"No","honor_name":"Frank Justich Way","ll_num":"047","repealed":"No","ulurpcpnum":"none","ll_sec":"56","intro_year":"2011","lleffect_dt":"07/11/2011","borough":"Queens","feat_type":"Intersection name"},"geometry":{"type":"Point","coordinates":[-73.90889606479142,40.774724986044625]}},{"type":"Feature","properties":{"ll_type":"Honorary","intro_num":"0761","ll_limits":"At the southwest corner of East 156th Street and Prospect Avenue","intro_month":"2","amend_dt":null,"limits_er":null,"intro_day":"1","repeal_dt":null,"amendt_txt":null,"official_nm":"None","old_name":"None","amdyrllsec":null,"amended":"No","honor_name":"Dra. Evelina Antonetty Way","ll_num":"014","repealed":"No","ulurpcpnum":"none","ll_sec":"1","intro_year":"2012","lleffect_dt":"03/07/2012","borough":"Bronx","feat_type":"Intersection name"},"geometry":{"type":"Point","coordinates":[-73.9027727360644,40.81731869454111]}},{"type":"Feature","properties":{"ll_type":"Honorary","intro_num":"0761","ll_limits":"At the intersection of Sedgwick Avenue and Fordham Road","intro_month":"2","amend_dt":null,"limits_er":null,"intro_day":"1","repeal_dt":null,"amendt_txt":null,"official_nm":"None","old_name":"None","amdyrllsec":null,"amended":"No","honor_name":"Ozzie Brown Triangle","ll_num":"014","repealed":"No","ulurpcpnum":"none","ll_sec":"3","intro_year":"2012","lleffect_dt":"03/07/2012","borough":"Bronx","feat_type":"Intersection name"},"geometry":{"type":"Point","coordinates":[-73.90903950876864,40.86267886364219]}},{"type":"Feature","properties":{"ll_type":"Honorary","intro_num":"0761","ll_limits":"At the intersection of 188th Street and Fordham Road","intro_month":"2","amend_dt":null,"limits_er":null,"intro_day":"1","repeal_dt":null,"amendt_txt":null,"official_nm":"None","old_name":"None","amdyrllsec":null,"amended":"No","honor_name":"Dr. Michael Lancelot Marcano Way","ll_num":"014","repealed":"No","ulurpcpnum":"none","ll_sec":"4","intro_year":"2012","lleffect_dt":"03/07/2012","borough":"Bronx","feat_type":"Intersection name"},"geometry":{"type":"Point","coordinates":[-73.89943670880204,40.86211691118666]}},{"type":"Feature","properties":{"ll_type":"Honorary","intro_num":"0761","ll_limits":"At the intersection of 88th Street and Third Avenue","intro_month":"2","amend_dt":null,"limits_er":null,"intro_day":"1","repeal_dt":null,"amendt_txt":null,"official_nm":"None","old_name":"None","amdyrllsec":null,"amended":"No","honor_name":"Frank Griffin Way","ll_num":"014","repealed":"No","ulurpcpnum":"none","ll_sec":"11","intro_year":"2012","lleffect_dt":"03/07/2012","borough":"Brooklyn","feat_type":"Intersection name"},"geometry":{"type":"Point","coordinates":[-74.03163907998064,40.62204849112868]}},{"type":"Feature","properties":{"ll_type":"Honorary","intro_num":"0761","ll_limits":"At the intersection of Bay Ridge Parkway and 14th Avenue","intro_month":"2","amend_dt":null,"limits_er":null,"intro_day":"1","repeal_dt":null,"amendt_txt":null,"official_nm":"None","old_name":"None","amdyrllsec":null,"amended":"No","honor_name":"Joe ‘The Great’ Rollino Corner","ll_num":"014","repealed":"No","ulurpcpnum":"none","ll_sec":"12","intro_year":"2012","lleffect_dt":"03/07/2012","borough":"Brooklyn","feat_type":"Intersection name"},"geometry":{"type":"Point","coordinates":[-74.00522665943119,40.61897315339953]}},{"type":"Feature","properties":{"ll_type":"Honorary","intro_num":"0761","ll_limits":"At the northwest corner of 149th Street and Roosevelt Avenue","intro_month":"2","amend_dt":null,"limits_er":null,"intro_day":"1","repeal_dt":null,"amendt_txt":null,"official_nm":"None","old_name":"None","amdyrllsec":null,"amended":"No","honor_name":"First United Methodist Church Way","ll_num":"014","repealed":"No","ulurpcpnum":"none","ll_sec":"16","intro_year":"2012","lleffect_dt":"03/07/2012","borough":"Queens","feat_type":"Intersection name"},"geometry":{"type":"Point","coordinates":[-73.8165521336246,40.76321873103797]}},{"type":"Feature","properties":{"ll_type":"Honorary","intro_num":"0761","ll_limits":"At the southwest corner of East Mosholu Parkway North and Webster Avenue","intro_month":"2","amend_dt":null,"limits_er":null,"intro_day":"1","repeal_dt":null,"amendt_txt":null,"official_nm":"None","old_name":"None","amdyrllsec":null,"amended":"No","honor_name":"Police Officer Eric Hernandez Memorial Corner","ll_num":"014","repealed":"No","ulurpcpnum":"none","ll_sec":"17","intro_year":"2012","lleffect_dt":"03/07/2012","borough":"Bronx","feat_type":"Intersection name"},"geometry":{"type":"Point","coordinates":[-73.87979653831624,40.869326344328194]}},{"type":"Feature","properties":{"ll_type":"Honorary","intro_num":"0761","ll_limits":"At the intersection of Metropolitan Avenue and Ascan Avenue","intro_month":"2","amend_dt":null,"limits_er":null,"intro_day":"1","repeal_dt":null,"amendt_txt":null,"official_nm":"None","old_name":"None","amdyrllsec":null,"amended":"No","honor_name":"Thomas X. Winberry Way","ll_num":"014","repealed":"No","ulurpcpnum":"none","ll_sec":"18","intro_year":"2012","lleffect_dt":"03/07/2012","borough":"Queens","feat_type":"Intersection name"},"geometry":{"type":"Point","coordinates":[-73.8460268210661,40.709688731316454]}},{"type":"Feature","properties":{"ll_type":"Honorary","intro_num":"0761","ll_limits":"At the northwest corner of East 21st Street and 2nd Avenue","intro_month":"2","amend_dt":null,"limits_er":null,"intro_day":"1","repeal_dt":"7/1/2013","amendt_txt":null,"official_nm":"None","old_name":"None","amdyrllsec":null,"amended":"No","honor_name":"Officer Glen Pettit Corner","ll_num":"014","repealed":"Yes","ulurpcpnum":"none","ll_sec":"24","intro_year":"2012","lleffect_dt":"03/07/2012","borough":"Manhattan","feat_type":"Intersection name"},"geometry":{"type":"Point","coordinates":[-73.98194089903251,40.73673092646668]}},{"type":"Feature","properties":{"ll_type":"Honorary","intro_num":"0761","ll_limits":"At the intersection of Overlook Terrace and Windemere Road","intro_month":"2","amend_dt":null,"limits_er":null,"intro_day":"1","repeal_dt":null,"amendt_txt":null,"official_nm":"None","old_name":"None","amdyrllsec":null,"amended":"No","honor_name":"Jonathan M. Acierno Way","ll_num":"014","repealed":"No","ulurpcpnum":"none","ll_sec":"25","intro_year":"2012","lleffect_dt":"03/07/2012","borough":"Staten Island","feat_type":"Intersection name"},"geometry":{"type":"Point","coordinates":[-74.07794811100106,40.60208382118005]}},{"type":"Feature","properties":{"ll_type":"Honorary","intro_num":"0761","ll_limits":"On the southeast corner of Ausable Avenue and Conyingham Avenue","intro_month":"2","amend_dt":null,"limits_er":null,"intro_day":"1","repeal_dt":null,"amendt_txt":null,"official_nm":"None","old_name":"None","amdyrllsec":null,"amended":"No","honor_name":"Joseph Mandarino Way","ll_num":"014","repealed":"No","ulurpcpnum":"none","ll_sec":"27","intro_year":"2012","lleffect_dt":"03/07/2012","borough":"Staten Island","feat_type":"Intersection name"},"geometry":{"type":"Point","coordinates":[-74.10287257550212,40.636857110274605]}},{"type":"Feature","properties":{"ll_type":"Honorary","intro_num":"0761","ll_limits":"At the northwest corner of Forest Avenue and Pelton Avenue","intro_month":"2","amend_dt":null,"limits_er":null,"intro_day":"1","repeal_dt":null,"amendt_txt":null,"official_nm":"None","old_name":"None","amdyrllsec":null,"amended":"No","honor_name":"Det. Raymond \"Pally\" Taylor Way","ll_num":"014","repealed":"No","ulurpcpnum":"none","ll_sec":"28","intro_year":"2012","lleffect_dt":"03/07/2012","borough":"Staten Island","feat_type":"Intersection name"},"geometry":{"type":"Point","coordinates":[-74.10937177528038,40.63009175328761]}},{"type":"Feature","properties":{"ll_type":"Honorary","intro_num":"0761","ll_limits":"At the intersection of Matthews Avenue and Astor Avenue","intro_month":"2","amend_dt":null,"limits_er":null,"intro_day":"1","repeal_dt":null,"amendt_txt":null,"official_nm":"None","old_name":"None","amdyrllsec":null,"amended":"No","honor_name":"Peggy Braverman Way","ll_num":"014","repealed":"No","ulurpcpnum":"none","ll_sec":"29","intro_year":"2012","lleffect_dt":"03/07/2012","borough":"Bronx","feat_type":"Intersection name"},"geometry":{"type":"Point","coordinates":[-73.86276453221085,40.8596377461637]}},{"type":"Feature","properties":{"ll_type":"Honorary","intro_num":"0761","ll_limits":"Between 40th Avenue and 12th Street","intro_month":"2","amend_dt":null,"limits_er":null,"intro_day":"1","repeal_dt":null,"amendt_txt":null,"official_nm":"None","old_name":"None","amdyrllsec":null,"amended":"No","honor_name":"Bishop Moses Taylor Way","ll_num":"014","repealed":"No","ulurpcpnum":"none","ll_sec":"30","intro_year":"2012","lleffect_dt":"03/07/2012","borough":"Queens","feat_type":"Intersection name"},"geometry":{"type":"Point","coordinates":[-73.94282212899014,40.75605857087448]}},{"type":"Feature","properties":{"ll_type":"Honorary","intro_num":"1103","ll_limits":"At the intersection of 12th Avenue and College Place","intro_month":"12","amend_dt":null,"limits_er":null,"intro_day":"9","repeal_dt":null,"amendt_txt":null,"official_nm":"None","old_name":"None","amdyrllsec":null,"amended":"No","honor_name":"Betty Pegen Way","ll_num":"092","repealed":"No","ulurpcpnum":"none","ll_sec":"2","intro_year":"2009","lleffect_dt":"12/28/2009","borough":"Queens","feat_type":"Intersection name"},"geometry":{"type":"Point","coordinates":[-73.84590913829345,40.78772827641525]}},{"type":"Feature","properties":{"ll_type":"Honorary","intro_num":"1103","ll_limits":"At the intersection of West 61st Street and Amsterdam Avenue","intro_month":"12","amend_dt":null,"limits_er":null,"intro_day":"9","repeal_dt":null,"amendt_txt":null,"official_nm":"None","old_name":"None","amdyrllsec":null,"amended":"No","honor_name":"Power Memorial Way","ll_num":"092","repealed":"No","ulurpcpnum":"none","ll_sec":"5","intro_year":"2009","lleffect_dt":"12/28/2009","borough":"Manhattan","feat_type":"Intersection name"},"geometry":{"type":"Point","coordinates":[-73.98669559355295,40.77166818368762]}},{"type":"Feature","properties":{"ll_type":"Honorary","intro_num":"1103","ll_limits":"At the corner of Central Avenue and Palmetto Street","intro_month":"12","amend_dt":null,"limits_er":null,"intro_day":"9","repeal_dt":null,"amendt_txt":null,"official_nm":"None","old_name":"None","amdyrllsec":null,"amended":"No","honor_name":"Anthony Aristedes Delgado Way","ll_num":"092","repealed":"No","ulurpcpnum":"none","ll_sec":"9","intro_year":"2009","lleffect_dt":"12/28/2009","borough":"Brooklyn","feat_type":"Intersection name"},"geometry":{"type":"Point","coordinates":[-73.91700932070968,40.693448569786206]}},{"type":"Feature","properties":{"ll_type":"Honorary","intro_num":"1103","ll_limits":"At the southwest corner of 82nd Street and 11th Avenue","intro_month":"12","amend_dt":null,"limits_er":null,"intro_day":"9","repeal_dt":null,"amendt_txt":null,"official_nm":"None","old_name":"None","amdyrllsec":null,"amended":"No","honor_name":"Walter L. Johnson Corner Developer of Dyker Heights","ll_num":"092","repealed":"No","ulurpcpnum":"none","ll_sec":"15","intro_year":"2009","lleffect_dt":"12/28/2009","borough":"Brooklyn","feat_type":"Intersection name"},"geometry":{"type":"Point","coordinates":[-74.01612779521777,40.61901278228921]}},{"type":"Feature","properties":{"ll_type":"Honorary","intro_num":"1103","ll_limits":"At the intersection of Bay Ridge Parkway and 5th Avenue","intro_month":"12","amend_dt":null,"limits_er":null,"intro_day":"9","repeal_dt":null,"amendt_txt":null,"official_nm":"None","old_name":"None","amdyrllsec":null,"amended":"No","honor_name":"Rosemarie O'Keefe Way","ll_num":"092","repealed":"No","ulurpcpnum":"none","ll_sec":"16","intro_year":"2009","lleffect_dt":"12/28/2009","borough":"Brooklyn","feat_type":"Intersection name"},"geometry":{"type":"Point","coordinates":[-74.0226379226929,40.62948628115752]}},{"type":"Feature","properties":{"ll_type":"Honorary","intro_num":"1103","ll_limits":"At the intersection of 85th Street and 7th Avenue","intro_month":"12","amend_dt":null,"limits_er":null,"intro_day":"9","repeal_dt":null,"amendt_txt":null,"official_nm":"None","old_name":"None","amdyrllsec":null,"amended":"No","honor_name":"Hank Vogt Way","ll_num":"092","repealed":"No","ulurpcpnum":"none","ll_sec":"17","intro_year":"2009","lleffect_dt":"12/28/2009","borough":"Brooklyn","feat_type":"Intersection name"},"geometry":{"type":"Point","coordinates":[-74.0208993824776,40.619262654818826]}},{"type":"Feature","properties":{"ll_type":"Honorary","intro_num":"1103","ll_limits":"At the intersection of 15th Avenue and Cropsey Avenue","intro_month":"12","amend_dt":null,"limits_er":null,"intro_day":"9","repeal_dt":null,"amendt_txt":null,"official_nm":"None","old_name":"None","amdyrllsec":null,"amended":"No","honor_name":"Dr. Michael Brienza Way","ll_num":"092","repealed":"No","ulurpcpnum":"none","ll_sec":"18","intro_year":"2009","lleffect_dt":"12/28/2009","borough":"Brooklyn","feat_type":"Intersection name"},"geometry":{"type":"Point","coordinates":[-74.01469487596684,40.6064242832129]}},{"type":"Feature","properties":{"ll_type":"Honorary","intro_num":"1103","ll_limits":"Underneath the Canal Street sign on the Southeast corner of Canal and Cortland Alley","intro_month":"12","amend_dt":null,"limits_er":null,"intro_day":"9","repeal_dt":null,"amendt_txt":null,"official_nm":"None","old_name":"None","amdyrllsec":null,"amended":"No","honor_name":"Hon. Thomas Tam Way","ll_num":"092","repealed":"No","ulurpcpnum":"none","ll_sec":"19","intro_year":"2009","lleffect_dt":"12/28/2009","borough":"Manhattan","feat_type":"Intersection name"},"geometry":{"type":"Point","coordinates":[-74.0013452893502,40.718832276158615]}},{"type":"Feature","properties":{"ll_type":"Honorary","intro_num":"1103","ll_limits":"Between Rivington Street and Stanton Street","intro_month":"12","amend_dt":null,"limits_er":null,"intro_day":"9","repeal_dt":null,"amendt_txt":null,"official_nm":"227 Bowery at the intersection with Prince Street","old_name":"none","amdyrllsec":null,"amended":"No","honor_name":"The Bowery Mission Way","ll_num":"092","repealed":"No","ulurpcpnum":"none","ll_sec":"20","intro_year":"2009","lleffect_dt":"12/28/2009","borough":"Manhattan","feat_type":"Corner name"},"geometry":{"type":"Point","coordinates":[-73.99325915455002,40.72235330994746]}},{"type":"Feature","properties":{"ll_type":"Honorary","intro_num":"1103","ll_limits":"At the intersection of 29th Street and 39th Avenue","intro_month":"12","amend_dt":null,"limits_er":null,"intro_day":"9","repeal_dt":null,"amendt_txt":null,"official_nm":"None","old_name":"None","amdyrllsec":null,"amended":"No","honor_name":"Roger Laghezza Place","ll_num":"092","repealed":"No","ulurpcpnum":"none","ll_sec":"21","intro_year":"2009","lleffect_dt":"12/28/2009","borough":"Queens","feat_type":"Intersection name"},"geometry":{"type":"Point","coordinates":[-73.9344702649955,40.7535213866753]}},{"type":"Feature","properties":{"ll_type":"Honorary","intro_num":"1103","ll_limits":"At the intersection of Crescent Street and 40th Avenue","intro_month":"12","amend_dt":null,"limits_er":null,"intro_day":"9","repeal_dt":null,"amendt_txt":null,"official_nm":"None","old_name":"None","amdyrllsec":null,"amended":"No","honor_name":"Nicolas A. Nowillo Place","ll_num":"092","repealed":"No","ulurpcpnum":"none","ll_sec":"22","intro_year":"2009","lleffect_dt":"12/28/2009","borough":"Queens","feat_type":"Intersection name"},"geometry":{"type":"Point","coordinates":[-73.93793982388326,40.75348897190548]}},{"type":"Feature","properties":{"ll_type":"Honorary","intro_num":"1103","ll_limits":"At the intersection of 63rd Street and 14th Avenue","intro_month":"12","amend_dt":null,"limits_er":null,"intro_day":"9","repeal_dt":null,"amendt_txt":null,"official_nm":"None","old_name":"None","amdyrllsec":null,"amended":"No","honor_name":"Francesco \"Frankie\" Loccisano Way","ll_num":"092","repealed":"No","ulurpcpnum":"none","ll_sec":"23","intro_year":"2009","lleffect_dt":"12/28/2009","borough":"Brooklyn","feat_type":"Intersection name"},"geometry":{"type":"Point","coordinates":[-73.99811614337021,40.62581570664488]}},{"type":"Feature","properties":{"ll_type":"Honorary","intro_num":"1103","ll_limits":"At the intersection of Amboy Road and Arden Avenue","intro_month":"12","amend_dt":null,"limits_er":null,"intro_day":"9","repeal_dt":null,"amendt_txt":null,"official_nm":"None","old_name":"None","amdyrllsec":null,"amended":"No","honor_name":"Dr. Jitendra Sukhadia Crossing","ll_num":"092","repealed":"No","ulurpcpnum":"none","ll_sec":"24","intro_year":"2009","lleffect_dt":"12/28/2009","borough":"Staten Island","feat_type":"Intersection name"},"geometry":{"type":"Point","coordinates":[-74.1689630425189,40.54009794840747]}},{"type":"Feature","properties":{"ll_type":"Honorary","intro_num":"1103","ll_limits":"At the northeast corner of Lincoln Place and New York Avenue","intro_month":"12","amend_dt":null,"limits_er":null,"intro_day":"9","repeal_dt":null,"amendt_txt":null,"official_nm":"None","old_name":"None","amdyrllsec":null,"amended":"No","honor_name":"Benny A. Lyde Place","ll_num":"092","repealed":"No","ulurpcpnum":"none","ll_sec":"25","intro_year":"2009","lleffect_dt":"12/28/2009","borough":"Brooklyn","feat_type":"Intersection name"},"geometry":{"type":"Point","coordinates":[-73.94749680226825,40.67073076743792]}},{"type":"Feature","properties":{"ll_type":"Honorary","intro_num":"1103","ll_limits":"At the intersection of Wythe Avenue and North 6th Street","intro_month":"12","amend_dt":null,"limits_er":null,"intro_day":"9","repeal_dt":null,"amendt_txt":null,"official_nm":"None","old_name":"None","amdyrllsec":null,"amended":"No","honor_name":"Mike Lee Corner","ll_num":"092","repealed":"No","ulurpcpnum":"none","ll_sec":"64","intro_year":"2009","lleffect_dt":"12/28/2009","borough":"Brooklyn","feat_type":"Intersection name"},"geometry":{"type":"Point","coordinates":[-73.96102862385966,40.71896767784693]}},{"type":"Feature","properties":{"ll_type":"Honorary","intro_num":"1103","ll_limits":"At the intersection of the Hutchinson River Parkway and East Tremont Avenue","intro_month":"12","amend_dt":null,"limits_er":null,"intro_day":"9","repeal_dt":null,"amendt_txt":null,"official_nm":"None","old_name":"None","amdyrllsec":null,"amended":"No","honor_name":"Officer Dominick Pezzulo Triangle","ll_num":"092","repealed":"No","ulurpcpnum":"none","ll_sec":"60","intro_year":"2009","lleffect_dt":"12/28/2009","borough":"Bronx","feat_type":"Intersection name"},"geometry":{"type":"Point","coordinates":[-73.83839056275275,40.840676813437426]}},{"type":"Feature","properties":{"ll_type":"Honorary","intro_num":"1103","ll_limits":"At the intersection of Crosby Avenue and Roberts Avenue","intro_month":"12","amend_dt":null,"limits_er":null,"intro_day":"9","repeal_dt":null,"amendt_txt":null,"official_nm":"None","old_name":"None","amdyrllsec":null,"amended":"No","honor_name":"Charles Carroccetto Corner","ll_num":"092","repealed":"No","ulurpcpnum":"none","ll_sec":"59","intro_year":"2009","lleffect_dt":"12/28/2009","borough":"Bronx","feat_type":"Intersection name"},"geometry":{"type":"Point","coordinates":[-73.83113240523893,40.845307474722524]}},{"type":"Feature","properties":{"ll_type":"Honorary","intro_num":"1103","ll_limits":"At the intersection of Aldrich Street and Asch Loop","intro_month":"12","amend_dt":null,"limits_er":null,"intro_day":"9","repeal_dt":null,"amendt_txt":null,"official_nm":"None","old_name":"None","amdyrllsec":null,"amended":"No","honor_name":"Christian Regenhard Way","ll_num":"092","repealed":"No","ulurpcpnum":"none","ll_sec":"58","intro_year":"2009","lleffect_dt":"12/28/2009","borough":"Bronx","feat_type":"Intersection name"},"geometry":{"type":"Point","coordinates":[-73.83096442367895,40.870250184165464]}},{"type":"Feature","properties":{"ll_type":"Honorary","intro_num":"1103","ll_limits":"Edenwald Avenue and East 233rd Street","intro_month":"12","amend_dt":null,"limits_er":null,"intro_day":"9","repeal_dt":"12/20/2010","amendt_txt":null,"official_nm":"None","old_name":"None","amdyrllsec":null,"amended":"No","honor_name":"Dorothy Gomes Way","ll_num":"092","repealed":"Yes","ulurpcpnum":"none","ll_sec":"57","intro_year":"2009","lleffect_dt":"12/28/2009","borough":"Bronx","feat_type":"Intersection name"},"geometry":{"type":"Point","coordinates":[-73.85069084083285,40.89130277124614]}},{"type":"Feature","properties":{"ll_type":"Honorary","intro_num":"1103","ll_limits":"At the intersection of Schieffelin Avenue and Baychester Avenue","intro_month":"12","amend_dt":null,"limits_er":null,"intro_day":"9","repeal_dt":null,"amendt_txt":null,"official_nm":"None","old_name":"None","amdyrllsec":null,"amended":"No","honor_name":"Det. Rudolph Vinston Edwards, Sr. Way","ll_num":"092","repealed":"No","ulurpcpnum":"none","ll_sec":"55","intro_year":"2009","lleffect_dt":"12/28/2009","borough":"Bronx","feat_type":"Intersection name"},"geometry":{"type":"Point","coordinates":[-73.8411796311799,40.8864079701978]}},{"type":"Feature","properties":{"ll_type":"Honorary","intro_num":"1103","ll_limits":"At the intersection of Tilden Street and Barnes Avenue","intro_month":"12","amend_dt":null,"limits_er":null,"intro_day":"9","repeal_dt":null,"amendt_txt":null,"official_nm":"None","old_name":"None","amdyrllsec":null,"amended":"No","honor_name":"Edith Copeland Baldwin Way","ll_num":"092","repealed":"No","ulurpcpnum":"none","ll_sec":"54","intro_year":"2009","lleffect_dt":"12/28/2009","borough":"Bronx","feat_type":"Intersection name"},"geometry":{"type":"Point","coordinates":[-73.8616444166125,40.876856611725785]}},{"type":"Feature","properties":{"ll_type":"Honorary","intro_num":"1103","ll_limits":"At the intersection of Arthur Avenue and East 187th Street","intro_month":"12","amend_dt":null,"limits_er":null,"intro_day":"9","repeal_dt":null,"amendt_txt":null,"official_nm":"None","old_name":"None","amdyrllsec":null,"amended":"No","honor_name":"Mr. Joseph Zinzi Place","ll_num":"092","repealed":"No","ulurpcpnum":"none","ll_sec":"52","intro_year":"2009","lleffect_dt":"12/28/2009","borough":"Bronx","feat_type":"Intersection name"},"geometry":{"type":"Point","coordinates":[-73.88756727049208,40.8555555415727]}},{"type":"Feature","properties":{"ll_type":"Honorary","intro_num":"1103","ll_limits":"At the intersection of East 187th Street and Park Avenue","intro_month":"12","amend_dt":null,"limits_er":null,"intro_day":"9","repeal_dt":null,"amendt_txt":null,"official_nm":"None","old_name":"None","amdyrllsec":null,"amended":"No","honor_name":"Lance Corporal Alberto Francesconi Place","ll_num":"092","repealed":"No","ulurpcpnum":"none","ll_sec":"50","intro_year":"2009","lleffect_dt":"12/28/2009","borough":"Bronx","feat_type":"Intersection name"},"geometry":{"type":"Point","coordinates":[-73.89280459348171,40.858314928667234]}},{"type":"Feature","properties":{"ll_type":"Honorary","intro_num":"1103","ll_limits":"At the intersection of New Dorp Lane and Hylan Boulevard","intro_month":"12","amend_dt":null,"limits_er":null,"intro_day":"9","repeal_dt":null,"amendt_txt":null,"official_nm":"None","old_name":"None","amdyrllsec":null,"amended":"No","honor_name":"Sal Somma Way","ll_num":"092","repealed":"No","ulurpcpnum":"none","ll_sec":"46","intro_year":"2009","lleffect_dt":"12/28/2009","borough":"Staten Island","feat_type":"Intersection name"},"geometry":{"type":"Point","coordinates":[-74.10976111215297,40.57046797718212]}},{"type":"Feature","properties":{"ll_type":"Honorary","intro_num":"1103","ll_limits":"At the intersection of Todt Hill Road and Flagg Place","intro_month":"12","amend_dt":null,"limits_er":null,"intro_day":"9","repeal_dt":null,"amendt_txt":null,"official_nm":"None","old_name":"None","amdyrllsec":null,"amended":"No","honor_name":"Eugene S. Devlin III Way","ll_num":"092","repealed":"No","ulurpcpnum":"none","ll_sec":"44","intro_year":"2009","lleffect_dt":"12/28/2009","borough":"Staten Island","feat_type":"Intersection name"},"geometry":{"type":"Point","coordinates":[-74.11252368078175,40.582756794290994]}},{"type":"Feature","properties":{"ll_type":"Honorary","intro_num":"1103","ll_limits":"At the intersection of Cromwell Avenue and Hylan Boulevard","intro_month":"12","amend_dt":null,"limits_er":null,"intro_day":"9","repeal_dt":null,"amendt_txt":null,"official_nm":"None","old_name":"None","amdyrllsec":null,"amended":"No","honor_name":"P.O. Kevin M. Lee Way","ll_num":"092","repealed":"No","ulurpcpnum":"none","ll_sec":"43","intro_year":"2009","lleffect_dt":"12/28/2009","borough":"Staten Island","feat_type":"Intersection name"},"geometry":{"type":"Point","coordinates":[-74.09111747732021,40.58763459625211]}},{"type":"Feature","properties":{"ll_type":"Honorary","intro_num":"1103","ll_limits":"At the intersection of East 21st Street and Emmons Avenue","intro_month":"12","amend_dt":null,"limits_er":null,"intro_day":"9","repeal_dt":null,"amendt_txt":null,"official_nm":"None","old_name":"None","amdyrllsec":null,"amended":"No","honor_name":"Sheila Nelson Way","ll_num":"092","repealed":"No","ulurpcpnum":"none","ll_sec":"42","intro_year":"2009","lleffect_dt":"12/28/2009","borough":"Brooklyn","feat_type":"Intersection name"},"geometry":{"type":"Point","coordinates":[-73.94738175450482,40.583711736052976]}},{"type":"Feature","properties":{"ll_type":"Honorary","intro_num":"1103","ll_limits":"At the intersection of West End Avenue and Cass Place","intro_month":"12","amend_dt":null,"limits_er":null,"intro_day":"9","repeal_dt":null,"amendt_txt":null,"official_nm":"None","old_name":"None","amdyrllsec":null,"amended":"No","honor_name":"Rabbi Dr. Joseph I. Singer Way","ll_num":"092","repealed":"No","ulurpcpnum":"none","ll_sec":"41","intro_year":"2009","lleffect_dt":"12/28/2009","borough":"Brooklyn","feat_type":"Intersection name"},"geometry":{"type":"Point","coordinates":[-73.95383801686044,40.58174555196677]}},{"type":"Feature","properties":{"ll_type":"Honorary","intro_num":"1103","ll_limits":"At the intersection of St. Mary’s Avenue and Ormond Place","intro_month":"12","amend_dt":null,"limits_er":null,"intro_day":"9","repeal_dt":null,"amendt_txt":null,"official_nm":"None","old_name":"None","amdyrllsec":null,"amended":"No","honor_name":"Michael Cocozza Way","ll_num":"092","repealed":"No","ulurpcpnum":"none","ll_sec":"40","intro_year":"2009","lleffect_dt":"12/28/2009","borough":"Staten Island","feat_type":"Intersection name"},"geometry":{"type":"Point","coordinates":[-74.06852470869899,40.61590097411343]}},{"type":"Feature","properties":{"ll_type":"Honorary","intro_num":"1103","ll_limits":"At the intersection of Nicholas Street and St. Marks Place","intro_month":"12","amend_dt":null,"limits_er":null,"intro_day":"9","repeal_dt":null,"amendt_txt":null,"official_nm":"None","old_name":"None","amdyrllsec":null,"amended":"No","honor_name":"Curtis High School Alumni Way","ll_num":"092","repealed":"No","ulurpcpnum":"none","ll_sec":"39","intro_year":"2009","lleffect_dt":"12/28/2009","borough":"Staten Island","feat_type":"Intersection name"},"geometry":{"type":"Point","coordinates":[-74.08143374340601,40.646023450793784]}},{"type":"Feature","properties":{"ll_type":"Honorary","intro_num":"1103","ll_limits":"At the intersection of Lawrence Avenue and Forest Avenue","intro_month":"12","amend_dt":null,"limits_er":null,"intro_day":"9","repeal_dt":null,"amendt_txt":null,"official_nm":"None","old_name":"None","amdyrllsec":null,"amended":"No","honor_name":"Bobby Smith Court","ll_num":"092","repealed":"No","ulurpcpnum":"none","ll_sec":"38","intro_year":"2009","lleffect_dt":"12/28/2009","borough":"Staten Island","feat_type":"Intersection name"},"geometry":{"type":"Point","coordinates":[-74.10746311888948,40.63036687805093]}},{"type":"Feature","properties":{"ll_type":"Honorary","intro_num":"1103","ll_limits":"At the intersection of Maple Parkway and Walloon Avenue","intro_month":"12","amend_dt":null,"limits_er":null,"intro_day":"9","repeal_dt":null,"amendt_txt":null,"official_nm":"None","old_name":"None","amdyrllsec":null,"amended":"No","honor_name":"Carmine Narducci Way","ll_num":"092","repealed":"No","ulurpcpnum":"none","ll_sec":"37","intro_year":"2009","lleffect_dt":"12/28/2009","borough":"Staten Island","feat_type":"Intersection name"},"geometry":{"type":"Point","coordinates":[-74.15639270712606,40.63249339872332]}},{"type":"Feature","properties":{"ll_type":"Honorary","intro_num":"1103","ll_limits":"At the intersection of Floyd Street and Raymond Place","intro_month":"12","amend_dt":null,"limits_er":null,"intro_day":"9","repeal_dt":null,"amendt_txt":null,"official_nm":"None","old_name":"None","amdyrllsec":null,"amended":"No","honor_name":"Sergeant Gerald A. Johnson Corner","ll_num":"092","repealed":"No","ulurpcpnum":"none","ll_sec":"36","intro_year":"2009","lleffect_dt":"12/28/2009","borough":"Staten Island","feat_type":"Intersection name"},"geometry":{"type":"Point","coordinates":[-74.12496281667511,40.628990241714874]}},{"type":"Feature","properties":{"ll_type":"Honorary","intro_num":"1103","ll_limits":"At the intersection of Benziger Avenue and Daniel Low Terrace","intro_month":"12","amend_dt":null,"limits_er":null,"intro_day":"9","repeal_dt":null,"amendt_txt":null,"official_nm":"None","old_name":"None","amdyrllsec":null,"amended":"No","honor_name":"Custodian Martin T. Cavanagh Way","ll_num":"092","repealed":"No","ulurpcpnum":"none","ll_sec":"35","intro_year":"2009","lleffect_dt":"12/28/2009","borough":"Staten Island","feat_type":"Intersection name"},"geometry":{"type":"Point","coordinates":[-74.08016921669724,40.64005656647246]}},{"type":"Feature","properties":{"ll_type":"Honorary","intro_num":"1103","ll_limits":"At the intersection of Curtis Avenue and Manor Road","intro_month":"12","amend_dt":null,"limits_er":null,"intro_day":"9","repeal_dt":null,"amendt_txt":null,"official_nm":"None","old_name":"None","amdyrllsec":null,"amended":"No","honor_name":"Corporal John C. Johnson, Sr. Road","ll_num":"092","repealed":"No","ulurpcpnum":"none","ll_sec":"34","intro_year":"2009","lleffect_dt":"12/28/2009","borough":"Staten Island","feat_type":"Intersection name"},"geometry":{"type":"Point","coordinates":[-74.12474598487236,40.62437965793499]}},{"type":"Feature","properties":{"ll_type":"Honorary","intro_num":"1103","ll_limits":"At the intersection of Kingsley Avenue and Manor Road","intro_month":"12","amend_dt":null,"limits_er":null,"intro_day":"9","repeal_dt":null,"amendt_txt":null,"official_nm":"None","old_name":"None","amdyrllsec":null,"amended":"No","honor_name":"FDNY Lt. John \"Muzz\" Murray Way","ll_num":"092","repealed":"No","ulurpcpnum":"none","ll_sec":"33","intro_year":"2009","lleffect_dt":"12/28/2009","borough":"Staten Island","feat_type":"Intersection name"},"geometry":{"type":"Point","coordinates":[-74.12426770960798,40.62230951871328]}},{"type":"Feature","properties":{"ll_type":"Honorary","intro_num":"1103","ll_limits":"At the intersection of Henderson Avenue and Broadway","intro_month":"12","amend_dt":null,"limits_er":null,"intro_day":"9","repeal_dt":null,"amendt_txt":null,"official_nm":"None","old_name":"None","amdyrllsec":null,"amended":"No","honor_name":"Arthur F. Newcombe Sr. Way","ll_num":"092","repealed":"No","ulurpcpnum":"none","ll_sec":"32","intro_year":"2009","lleffect_dt":"12/28/2009","borough":"Staten Island","feat_type":"Intersection name"},"geometry":{"type":"Point","coordinates":[-74.11754902353665,40.63695363271203]}},{"type":"Feature","properties":{"ll_type":"Honorary","intro_num":"1103","ll_limits":"At the intersection of Richmond Terrace and Jersey Street","intro_month":"12","amend_dt":null,"limits_er":null,"intro_day":"9","repeal_dt":null,"amendt_txt":null,"official_nm":"None","old_name":"None","amdyrllsec":null,"amended":"No","honor_name":"Elizabeth Stanton Way","ll_num":"092","repealed":"No","ulurpcpnum":"none","ll_sec":"31","intro_year":"2009","lleffect_dt":"12/28/2009","borough":"Staten Island","feat_type":"Intersection name"},"geometry":{"type":"Point","coordinates":[-74.08893333109931,40.64666442206838]}},{"type":"Feature","properties":{"ll_type":"Honorary","intro_num":"1103","ll_limits":"At the intersection of Mountainview Avenue and Purdy Avenue","intro_month":"12","amend_dt":null,"limits_er":null,"intro_day":"9","repeal_dt":null,"amendt_txt":null,"official_nm":"None","old_name":"None","amdyrllsec":null,"amended":"No","honor_name":"Catherine Vanden-Heuvel Way","ll_num":"092","repealed":"No","ulurpcpnum":"none","ll_sec":"30","intro_year":"2009","lleffect_dt":"12/28/2009","borough":"Staten Island","feat_type":"Intersection name"},"geometry":{"type":"Point","coordinates":[-74.12658631869392,40.61071162827361]}},{"type":"Feature","properties":{"ll_type":"Honorary","intro_num":"1103","ll_limits":"At the intersection of East 30th Street and First Avenue","intro_month":"12","amend_dt":null,"limits_er":null,"intro_day":"9","repeal_dt":null,"amendt_txt":null,"official_nm":"None","old_name":"None","amdyrllsec":null,"amended":"No","honor_name":"Dr. Saul J. Farber Way","ll_num":"092","repealed":"No","ulurpcpnum":"none","ll_sec":"28","intro_year":"2009","lleffect_dt":"12/28/2009","borough":"Manhattan","feat_type":"Intersection name"},"geometry":{"type":"Point","coordinates":[-73.97534263623236,40.741274679778954]}},{"type":"Feature","properties":{"ll_type":"Honorary","intro_num":"1103","ll_limits":"At the intersection of Parsons Boulevard and 24th Avenue","intro_month":"12","amend_dt":null,"limits_er":null,"intro_day":"9","repeal_dt":null,"amendt_txt":null,"official_nm":"None","old_name":"None","amdyrllsec":null,"amended":"No","honor_name":"Bernard L. Shapiro Boulevard","ll_num":"092","repealed":"No","ulurpcpnum":"none","ll_sec":"26","intro_year":"2009","lleffect_dt":"12/28/2009","borough":"Queens","feat_type":"Intersection name"},"geometry":{"type":"Point","coordinates":[-73.82405384537824,40.777717829727095]}},{"type":"Feature","properties":{"ll_type":"Honorary","intro_num":"1033","ll_limits":"At the intersection of 205th Street and Hollis Avenue","intro_month":"6","amend_dt":null,"limits_er":null,"intro_day":"30","repeal_dt":null,"amendt_txt":null,"official_nm":"None","old_name":"None","amdyrllsec":null,"amended":"No","honor_name":"Run D.M.C. JMJ Way","ll_num":"046","repealed":"No","ulurpcpnum":"none","ll_sec":"3","intro_year":"2009","lleffect_dt":"07/17/2009","borough":"Queens","feat_type":"Intersection name"},"geometry":{"type":"Point","coordinates":[-73.75292644247466,40.70694278863071]}},{"type":"Feature","properties":{"ll_type":"Honorary","intro_num":"1033","ll_limits":"At the intersection of 109th Street and 86th Avenue","intro_month":"6","amend_dt":null,"limits_er":null,"intro_day":"30","repeal_dt":null,"amendt_txt":null,"official_nm":"None","old_name":"None","amdyrllsec":null,"amended":"No","honor_name":"Nancy Cataldi Way","ll_num":"046","repealed":"No","ulurpcpnum":"none","ll_sec":"4","intro_year":"2009","lleffect_dt":"07/17/2009","borough":"Queens","feat_type":"Intersection name"},"geometry":{"type":"Point","coordinates":[-73.83977367589283,40.69817928585127]}},{"type":"Feature","properties":{"ll_type":"Honorary","intro_num":"1033","ll_limits":"At the intersection of 124th Street and Lenox Avenue","intro_month":"6","amend_dt":null,"limits_er":null,"intro_day":"30","repeal_dt":"12/28/2009","amendt_txt":null,"official_nm":"None","old_name":"None","amdyrllsec":null,"amended":"No","honor_name":"Sugar Ray Robinson Way","ll_num":"046","repealed":"Yes","ulurpcpnum":"none","ll_sec":"7","intro_year":"2009","lleffect_dt":"07/17/2009","borough":"Manhattan","feat_type":"Intersection name"},"geometry":{"type":"Point","coordinates":[-73.9459776597656,40.80709814403943]}},{"type":"Feature","properties":{"ll_type":"Honorary","intro_num":"1033","ll_limits":"At the intersection of 135th Street and Adam Clayton Powell Jr. Boulevard","intro_month":"6","amend_dt":null,"limits_er":null,"intro_day":"30","repeal_dt":null,"amendt_txt":null,"official_nm":"None","old_name":"None","amdyrllsec":null,"amended":"No","honor_name":"James Weldon Johnson Plaza","ll_num":"046","repealed":"No","ulurpcpnum":"none","ll_sec":"8","intro_year":"2009","lleffect_dt":"07/17/2009","borough":"Manhattan","feat_type":"Intersection name"},"geometry":{"type":"Point","coordinates":[-73.94369913620099,40.81530637744512]}},{"type":"Feature","properties":{"ll_type":"Honorary","intro_num":"1033","ll_limits":"At the intersection of 83rd Street and 18th Avenue","intro_month":"6","amend_dt":null,"limits_er":null,"intro_day":"30","repeal_dt":null,"amendt_txt":null,"official_nm":"None","old_name":"None","amdyrllsec":null,"amended":"No","honor_name":"Robert M. Buonvino Place","ll_num":"046","repealed":"No","ulurpcpnum":"none","ll_sec":"9","intro_year":"2009","lleffect_dt":"07/17/2009","borough":"Brooklyn","feat_type":"Intersection name"},"geometry":{"type":"Point","coordinates":[-74.00065405190587,40.60886040222944]}},{"type":"Feature","properties":{"ll_type":"Honorary","intro_num":"1033","ll_limits":"At the Southeast comer of Canal Street and Cortland Alley","intro_month":"6","amend_dt":null,"limits_er":null,"intro_day":"30","repeal_dt":"12/28/2009","amendt_txt":null,"official_nm":"None","old_name":"None","amdyrllsec":null,"amended":"No","honor_name":"Dr. Thomas Tam Way","ll_num":"046","repealed":"Yes","ulurpcpnum":"none","ll_sec":"10","intro_year":"2009","lleffect_dt":"07/17/2009","borough":"Manhattan","feat_type":"Intersection name"},"geometry":{"type":"Point","coordinates":[-74.0013452893502,40.718832276158615]}},{"type":"Feature","properties":{"ll_type":"Honorary","intro_num":"1033","ll_limits":"At the intersection of Amsterdam Avenue and 190th Street","intro_month":"6","amend_dt":null,"limits_er":null,"intro_day":"30","repeal_dt":null,"amendt_txt":null,"official_nm":"None","old_name":"None","amdyrllsec":null,"amended":"No","honor_name":"Professor Juan Bosch Way","ll_num":"046","repealed":"No","ulurpcpnum":"none","ll_sec":"11","intro_year":"2009","lleffect_dt":"07/17/2009","borough":"Manhattan","feat_type":"Intersection name"},"geometry":{"type":"Point","coordinates":[-73.92679937943448,40.8537171443842]}},{"type":"Feature","properties":{"ll_type":"Honorary","intro_num":"1033","ll_limits":"At the intersection of Victory Boulevard and St. Marks","intro_month":"6","amend_dt":null,"limits_er":null,"intro_day":"30","repeal_dt":null,"amendt_txt":null,"official_nm":"None","old_name":"None","amdyrllsec":null,"amended":"No","honor_name":"Mr. Joe Marotta Way","ll_num":"046","repealed":"No","ulurpcpnum":"none","ll_sec":"12","intro_year":"2009","lleffect_dt":"07/17/2009","borough":"Staten Island","feat_type":"Intersection name"},"geometry":{"type":"Point","coordinates":[-74.0769836222734,40.63779569401455]}},{"type":"Feature","properties":{"ll_type":"Honorary","intro_num":"1033","ll_limits":"At the northeast corner of Forest Avenue and Burnside Avenue","intro_month":"6","amend_dt":null,"limits_er":null,"intro_day":"30","repeal_dt":null,"amendt_txt":null,"official_nm":"None","old_name":"None","amdyrllsec":null,"amended":"No","honor_name":"John A. Nappi Flag Way","ll_num":"046","repealed":"No","ulurpcpnum":"none","ll_sec":"13","intro_year":"2009","lleffect_dt":"07/17/2009","borough":"Staten Island","feat_type":"Corner name"},"geometry":{"type":"Point","coordinates":[-74.13532147673457,40.62527436350017]}},{"type":"Feature","properties":{"ll_type":"Honorary","intro_num":"1033","ll_limits":"At the intersection of Josephine Street and Manor Road","intro_month":"6","amend_dt":null,"limits_er":null,"intro_day":"30","repeal_dt":null,"amendt_txt":null,"official_nm":"None","old_name":"None","amdyrllsec":null,"amended":"No","honor_name":"Sgt. Kenneth C. Amatrudo Way","ll_num":"046","repealed":"No","ulurpcpnum":"none","ll_sec":"14","intro_year":"2009","lleffect_dt":"07/17/2009","borough":"Staten Island","feat_type":"Intersection name"},"geometry":{"type":"Point","coordinates":[-74.12236161649226,40.61257480800142]}},{"type":"Feature","properties":{"ll_type":"Honorary","intro_num":"1033","ll_limits":"At the intersection of Whitewood Avenue and Hart Avenue","intro_month":"6","amend_dt":null,"limits_er":null,"intro_day":"30","repeal_dt":null,"amendt_txt":null,"official_nm":"None","old_name":"None","amdyrllsec":null,"amended":"No","honor_name":"James \"Skippy\" Pryor Way","ll_num":"046","repealed":"No","ulurpcpnum":"none","ll_sec":"15","intro_year":"2009","lleffect_dt":"07/17/2009","borough":"Staten Island","feat_type":"Intersection name"},"geometry":{"type":"Point","coordinates":[-74.10544805735836,40.62440162541398]}},{"type":"Feature","properties":{"ll_type":"Honorary","intro_num":"1033","ll_limits":"At the intersection of Harvest Avenue and North \tBurgher Avenue","intro_month":"6","amend_dt":null,"limits_er":null,"intro_day":"30","repeal_dt":null,"amendt_txt":null,"official_nm":"None","old_name":"None","amdyrllsec":null,"amended":"No","honor_name":"Jimmy O' Hanlon Way","ll_num":"046","repealed":"No","ulurpcpnum":"none","ll_sec":"16","intro_year":"2009","lleffect_dt":"07/17/2009","borough":"Staten Island","feat_type":"Intersection name"},"geometry":{"type":"Point","coordinates":[-74.11291813062155,40.627135788004985]}},{"type":"Feature","properties":{"ll_type":"Honorary","intro_num":"1033","ll_limits":"At the intersection of St.Peter's Place and Richmond Terrace","intro_month":"6","amend_dt":null,"limits_er":null,"intro_day":"30","repeal_dt":null,"amendt_txt":null,"official_nm":"None","old_name":"None","amdyrllsec":null,"amended":"No","honor_name":"Lisa Moudatsos Way","ll_num":"046","repealed":"No","ulurpcpnum":"none","ll_sec":"18","intro_year":"2009","lleffect_dt":"07/17/2009","borough":"Staten Island","feat_type":"Intersection name"},"geometry":{"type":"Point","coordinates":[-74.08450007888408,40.64822811076009]}},{"type":"Feature","properties":{"ll_type":"Honorary","intro_num":"1033","ll_limits":"At the intersection of Grandview Avenue and Richmond Terrace","intro_month":"6","amend_dt":null,"limits_er":null,"intro_day":"30","repeal_dt":null,"amendt_txt":null,"official_nm":"None","old_name":"None","amdyrllsec":null,"amended":"No","honor_name":"Pfc. Ronald Jones Way","ll_num":"046","repealed":"No","ulurpcpnum":"none","ll_sec":"19","intro_year":"2009","lleffect_dt":"07/17/2009","borough":"Staten Island","feat_type":"Intersection name"},"geometry":{"type":"Point","coordinates":[-74.1647340589363,40.63978222511128]}},{"type":"Feature","properties":{"ll_type":"Honorary","intro_num":"1033","ll_limits":"At the intersection of Pelton Avenue and Henderson Avenue","intro_month":"6","amend_dt":null,"limits_er":null,"intro_day":"30","repeal_dt":null,"amendt_txt":null,"official_nm":"None","old_name":"None","amdyrllsec":null,"amended":"No","honor_name":"Police Officer Gerard L. Carter Avenue","ll_num":"046","repealed":"No","ulurpcpnum":"none","ll_sec":"20","intro_year":"2009","lleffect_dt":"07/17/2009","borough":"Staten Island","feat_type":"Intersection name"},"geometry":{"type":"Point","coordinates":[-74.11080847881571,40.63774561847283]}},{"type":"Feature","properties":{"ll_type":"Honorary","intro_num":"1033","ll_limits":"At the intersection of Tompkins Avenue and St. Mary's Avenue","intro_month":"6","amend_dt":null,"limits_er":null,"intro_day":"30","repeal_dt":null,"amendt_txt":null,"official_nm":"None","old_name":"None","amdyrllsec":null,"amended":"No","honor_name":"Monsignor John T. Servodidio Way","ll_num":"046","repealed":"No","ulurpcpnum":"none","ll_sec":"21","intro_year":"2009","lleffect_dt":"07/17/2009","borough":"Staten Island","feat_type":"Intersection name"},"geometry":{"type":"Point","coordinates":[-74.07245782028295,40.61407824951121]}},{"type":"Feature","properties":{"ll_type":"Honorary","intro_num":"1033","ll_limits":"At the intersection of Royal Oak Road and Rice Avenue","intro_month":"6","amend_dt":null,"limits_er":null,"intro_day":"30","repeal_dt":null,"amendt_txt":null,"official_nm":"None","old_name":"None","amdyrllsec":null,"amended":"No","honor_name":"Arielle Newman Run","ll_num":"046","repealed":"No","ulurpcpnum":"none","ll_sec":"22","intro_year":"2009","lleffect_dt":"07/17/2009","borough":"Staten Island","feat_type":"Intersection name"},"geometry":{"type":"Point","coordinates":[-74.11485743326685,40.618179114291905]}},{"type":"Feature","properties":{"ll_type":"Honorary","intro_num":"1033","ll_limits":"At the intersection of Bedford Street and Barrow Street","intro_month":"6","amend_dt":null,"limits_er":null,"intro_day":"30","repeal_dt":null,"amendt_txt":null,"official_nm":"None","old_name":"None","amdyrllsec":null,"amended":"No","honor_name":"Firefighter Bobby Beddia Way","ll_num":"046","repealed":"No","ulurpcpnum":"none","ll_sec":"23","intro_year":"2009","lleffect_dt":"07/17/2009","borough":"Manhattan","feat_type":"Intersection name"},"geometry":{"type":"Point","coordinates":[-74.00510707270729,40.731835383049166]}},{"type":"Feature","properties":{"ll_type":"Honorary","intro_num":"1033","ll_limits":"At the intersection of East 188th Street and Webster Avenue","intro_month":"6","amend_dt":null,"limits_er":null,"intro_day":"30","repeal_dt":null,"amendt_txt":null,"official_nm":"None","old_name":"None","amdyrllsec":null,"amended":"No","honor_name":"Donnette and Sean Sanz Place","ll_num":"046","repealed":"No","ulurpcpnum":"none","ll_sec":"28","intro_year":"2009","lleffect_dt":"07/17/2009","borough":"Bronx","feat_type":"Intersection name"},"geometry":{"type":"Point","coordinates":[-73.89321520814426,40.85987420599136]}},{"type":"Feature","properties":{"ll_type":"Honorary","intro_num":"1033","ll_limits":"At the northeast corner of 75th Street and 37th Avenue","intro_month":"6","amend_dt":null,"limits_er":null,"intro_day":"30","repeal_dt":null,"amendt_txt":null,"official_nm":"None","old_name":"None","amdyrllsec":null,"amended":"No","honor_name":"Corporal Jonathan Rivadeneira Corner","ll_num":"046","repealed":"No","ulurpcpnum":"none","ll_sec":"32","intro_year":"2009","lleffect_dt":"07/17/2009","borough":"Queens","feat_type":"Intersection name"},"geometry":{"type":"Point","coordinates":[-73.89081892317822,40.74906070998678]}},{"type":"Feature","properties":{"ll_type":"Honorary","intro_num":"0931","ll_limits":"At the southwest corner of West 161'' Street and Riverside Drive","intro_month":"2","amend_dt":null,"limits_er":null,"intro_day":"26","repeal_dt":"7/17/2009","amendt_txt":null,"official_nm":"None","old_name":"None","amdyrllsec":null,"amended":"No","honor_name":"Alexander Felix Place","ll_num":"025","repealed":"Yes","ulurpcpnum":"none","ll_sec":"10","intro_year":"2009","lleffect_dt":"04/20/2009","borough":"Manhattan","feat_type":"Intersection name"},"geometry":{"type":"Point","coordinates":[-73.94728387001044,40.837806350768716]}},{"type":"Feature","properties":{"ll_type":"Honorary","intro_num":"0931","ll_limits":"At the intersection of Prospect Avenue and Kelly Street","intro_month":"2","amend_dt":null,"limits_er":null,"intro_day":"26","repeal_dt":null,"amendt_txt":null,"official_nm":"None","old_name":"None","amdyrllsec":null,"amended":"No","honor_name":"Firefighter Peter A. Bielfeld Way","ll_num":"025","repealed":"No","ulurpcpnum":"none","ll_sec":"1","intro_year":"2009","lleffect_dt":"04/20/2009","borough":"Bronx","feat_type":"Intersection name"},"geometry":{"type":"Point","coordinates":[-73.90326729872596,40.81512623735444]}},{"type":"Feature","properties":{"ll_type":"Honorary","intro_num":"0931","ll_limits":"At the intersection of Rossville Avenue and Veterans Road East","intro_month":"2","amend_dt":null,"limits_er":null,"intro_day":"26","repeal_dt":null,"amendt_txt":null,"official_nm":"None","old_name":"None","amdyrllsec":null,"amended":"No","honor_name":"Lt. Brendan D. Pearson EMS STA 23 Way","ll_num":"025","repealed":"No","ulurpcpnum":"none","ll_sec":"6","intro_year":"2009","lleffect_dt":"04/20/2009","borough":"Staten Island","feat_type":"Intersection name"},"geometry":{"type":"Point","coordinates":[-74.21291558227163,40.55426073854701]}},{"type":"Feature","properties":{"ll_type":"Honorary","intro_num":"0931","ll_limits":"At the southeast corner of Indian Road at West 218th Street","intro_month":"2","amend_dt":null,"limits_er":null,"intro_day":"26","repeal_dt":null,"amendt_txt":null,"official_nm":"None","old_name":"None","amdyrllsec":null,"amended":"No","honor_name":"Homer Young Kennedy Way","ll_num":"025","repealed":"No","ulurpcpnum":"none","ll_sec":"8","intro_year":"2009","lleffect_dt":"04/20/2009","borough":"Manhattan","feat_type":"Intersection name"},"geometry":{"type":"Point","coordinates":[-73.91843620828617,40.87290781132357]}},{"type":"Feature","properties":{"ll_type":"Honorary","intro_num":"1033","ll_limits":"At the intersection of West 161st Street and Riverside Drive","intro_month":"6","amend_dt":null,"limits_er":null,"intro_day":"30","repeal_dt":null,"amendt_txt":null,"official_nm":"None","old_name":"None","amdyrllsec":null,"amended":"No","honor_name":"Alexander Felix Place","ll_num":"046","repealed":"No","ulurpcpnum":"none","ll_sec":"35","intro_year":"2009","lleffect_dt":"07/17/2009","borough":"Manhattan","feat_type":"Intersection name"},"geometry":{"type":"Point","coordinates":[-73.94678770497659,40.83802991272332]}},{"type":"Feature","properties":{"ll_type":"Honorary","intro_num":"0931","ll_limits":"At the intersection of Theriot Avenue and Randall Avenue","intro_month":"2","amend_dt":null,"limits_er":null,"intro_day":"26","repeal_dt":null,"amendt_txt":null,"official_nm":"None","old_name":"None","amdyrllsec":null,"amended":"No","honor_name":"Franciscan Way","ll_num":"025","repealed":"No","ulurpcpnum":"none","ll_sec":"12","intro_year":"2009","lleffect_dt":"04/20/2009","borough":"Bronx","feat_type":"Intersection name"},"geometry":{"type":"Point","coordinates":[-73.86104712300309,40.8172645407929]}},{"type":"Feature","properties":{"ll_type":"Honorary","intro_num":"0931","ll_limits":"At the intersection of Homer Avenue and Castle Hill Avenue","intro_month":"2","amend_dt":null,"limits_er":null,"intro_day":"26","repeal_dt":null,"amendt_txt":null,"official_nm":"None","old_name":"None","amdyrllsec":null,"amended":"No","honor_name":"Reverend Dr. Jerry Mosby Way","ll_num":"025","repealed":"No","ulurpcpnum":"none","ll_sec":"13","intro_year":"2009","lleffect_dt":"04/20/2009","borough":"Bronx","feat_type":"Intersection name"},"geometry":{"type":"Point","coordinates":[-73.84869086356727,40.82185523067362]}},{"type":"Feature","properties":{"ll_type":"Honorary","intro_num":"0931","ll_limits":"At the intersection of Bushwick Avenue and Kossuth Place","intro_month":"2","amend_dt":null,"limits_er":null,"intro_day":"26","repeal_dt":null,"amendt_txt":null,"official_nm":"None","old_name":"None","amdyrllsec":null,"amended":"No","honor_name":"Jose SucuzhaÑay Place","ll_num":"025","repealed":"No","ulurpcpnum":"none","ll_sec":"14","intro_year":"2009","lleffect_dt":"04/20/2009","borough":"Brooklyn","feat_type":"Intersection name"},"geometry":{"type":"Point","coordinates":[-73.92648129215215,40.69414089524068]}},{"type":"Feature","properties":{"ll_type":"Honorary","intro_num":"0931","ll_limits":"At the intersection of Brookville Boulevard and Hook Creek Boulevard","intro_month":"2","amend_dt":null,"limits_er":null,"intro_day":"26","repeal_dt":null,"amendt_txt":null,"official_nm":"None","old_name":"None","amdyrllsec":null,"amended":"No","honor_name":"Joseph Albergo Way","ll_num":"025","repealed":"No","ulurpcpnum":"none","ll_sec":"15","intro_year":"2009","lleffect_dt":"04/20/2009","borough":"Queens","feat_type":"Intersection name"},"geometry":{"type":"Point","coordinates":[-73.72586264217124,40.683241080599494]}},{"type":"Feature","properties":{"ll_type":"Honorary","intro_num":"0931","ll_limits":"At the intersection of Lydig Avenue and Holland Avenue","intro_month":"2","amend_dt":null,"limits_er":null,"intro_day":"26","repeal_dt":null,"amendt_txt":null,"official_nm":"None","old_name":"None","amdyrllsec":null,"amended":"No","honor_name":"Mother Teresa Way","ll_num":"025","repealed":"No","ulurpcpnum":"none","ll_sec":"17","intro_year":"2009","lleffect_dt":"04/20/2009","borough":"Bronx","feat_type":"Intersection name"},"geometry":{"type":"Point","coordinates":[-73.86575295121027,40.85446040057031]}},{"type":"Feature","properties":{"ll_type":"Honorary","intro_num":"0877","ll_limits":"On the southeast corner of Rockaway Beach Boulevard and Beach 144th Street","intro_month":"12","amend_dt":null,"limits_er":null,"intro_day":"9","repeal_dt":null,"amendt_txt":null,"official_nm":"None","old_name":"None","amdyrllsec":null,"amended":"No","honor_name":"Barbara's Way","ll_num":"064","repealed":"No","ulurpcpnum":"none","ll_sec":"1","intro_year":"2008","lleffect_dt":"12/29/2008","borough":"Queens","feat_type":"Intersection name"},"geometry":{"type":"Point","coordinates":[-73.85987929670794,40.57093017918664]}},{"type":"Feature","properties":{"ll_type":"Honorary","intro_num":"0877","ll_limits":"At the intersection of 164th Street and 107th Avenue","intro_month":"12","amend_dt":null,"limits_er":null,"intro_day":"9","repeal_dt":null,"amendt_txt":null,"official_nm":"None","old_name":"None","amdyrllsec":null,"amended":"No","honor_name":"Reverend Gene McGhee Street","ll_num":"064","repealed":"No","ulurpcpnum":"none","ll_sec":"5","intro_year":"2008","lleffect_dt":"12/29/2008","borough":"Queens","feat_type":"Intersection name"},"geometry":{"type":"Point","coordinates":[-73.79158445825358,40.69849568163823]}},{"type":"Feature","properties":{"ll_type":"Honorary","intro_num":"0877","ll_limits":"At the intersection of 135th Street and Lenox Avenue","intro_month":"12","amend_dt":null,"limits_er":null,"intro_day":"9","repeal_dt":null,"amendt_txt":null,"official_nm":"None","old_name":"None","amdyrllsec":null,"amended":"No","honor_name":"Samuel J. Battle Plaza","ll_num":"064","repealed":"No","ulurpcpnum":"none","ll_sec":"8","intro_year":"2008","lleffect_dt":"12/29/2008","borough":"Manhattan","feat_type":"Intersection name"},"geometry":{"type":"Point","coordinates":[-73.94085555139354,40.814105941770016]}},{"type":"Feature","properties":{"ll_type":"Honorary","intro_num":"0877","ll_limits":"Lenox Terrace at 135th Street","intro_month":"12","amend_dt":null,"limits_er":null,"intro_day":"9","repeal_dt":null,"amendt_txt":null,"official_nm":"None","old_name":"None","amdyrllsec":null,"amended":"No","honor_name":"Ella Baker Terrace","ll_num":"064","repealed":"No","ulurpcpnum":"none","ll_sec":"9","intro_year":"2008","lleffect_dt":"12/29/2008","borough":"Manhattan","feat_type":"Intersection name"},"geometry":{"type":"Point","coordinates":[-73.93932481535882,40.8134579589055]}},{"type":"Feature","properties":{"ll_type":"Honorary","intro_num":"0877","ll_limits":"At the intersection of Wexford Terrace and Edgerton Boulevard","intro_month":"12","amend_dt":null,"limits_er":null,"intro_day":"9","repeal_dt":null,"amendt_txt":null,"official_nm":"None","old_name":"None","amdyrllsec":null,"amended":"No","honor_name":"Mother Mary Louis Way","ll_num":"064","repealed":"No","ulurpcpnum":"none","ll_sec":"13","intro_year":"2008","lleffect_dt":"12/29/2008","borough":"Queens","feat_type":"Intersection name"},"geometry":{"type":"Point","coordinates":[-73.78571900366609,40.71317205181154]}},{"type":"Feature","properties":{"ll_type":"Honorary","intro_num":"0877","ll_limits":"The west side of Shore Road and 83rd Street","intro_month":"12","amend_dt":null,"limits_er":null,"intro_day":"9","repeal_dt":null,"amendt_txt":null,"official_nm":"None","old_name":"None","amdyrllsec":null,"amended":"No","honor_name":"Richard Sherry Way","ll_num":"064","repealed":"No","ulurpcpnum":"none","ll_sec":"14","intro_year":"2008","lleffect_dt":"12/29/2008","borough":"Brooklyn","feat_type":"Intersection name"},"geometry":{"type":"Point","coordinates":[-74.04012133646272,40.62801677092819]}},{"type":"Feature","properties":{"ll_type":"Honorary","intro_num":"0877","ll_limits":"At the corner of Church Street and Leonard Street","intro_month":"12","amend_dt":null,"limits_er":null,"intro_day":"9","repeal_dt":null,"amendt_txt":null,"official_nm":"None","old_name":"None","amdyrllsec":null,"amended":"No","honor_name":"Lorenzo Da Ponte Way","ll_num":"064","repealed":"No","ulurpcpnum":"none","ll_sec":"15","intro_year":"2008","lleffect_dt":"12/29/2008","borough":"Manhattan","feat_type":"Intersection name"},"geometry":{"type":"Point","coordinates":[-74.00577729818428,40.71767664704201]}},{"type":"Feature","properties":{"ll_type":"Honorary","intro_num":"0877","ll_limits":"At the intersection of King Street and Osborne Avenue","intro_month":"12","amend_dt":null,"limits_er":null,"intro_day":"9","repeal_dt":null,"amendt_txt":null,"official_nm":"None","old_name":"None","amdyrllsec":null,"amended":"No","honor_name":"James \"Pop\" Colon Way","ll_num":"064","repealed":"No","ulurpcpnum":"none","ll_sec":"19","intro_year":"2008","lleffect_dt":"12/29/2008","borough":"Staten Island","feat_type":"Intersection name"},"geometry":{"type":"Point","coordinates":[-74.14956091424648,40.540470843303225]}},{"type":"Feature","properties":{"ll_type":"Honorary","intro_num":"0877","ll_limits":"At the intersection of Amber Street and Clarke Avenue","intro_month":"12","amend_dt":null,"limits_er":null,"intro_day":"9","repeal_dt":null,"amendt_txt":null,"official_nm":"None","old_name":"None","amdyrllsec":null,"amended":"No","honor_name":"Police Officer Edmund F. Lewis Way","ll_num":"064","repealed":"No","ulurpcpnum":"none","ll_sec":"20","intro_year":"2008","lleffect_dt":"12/29/2008","borough":"Staten Island","feat_type":"Intersection name"},"geometry":{"type":"Point","coordinates":[-74.13768350987579,40.56671786663597]}},{"type":"Feature","properties":{"ll_type":"Honorary","intro_num":"0877","ll_limits":"At the intersection of 45th Avenue and Kissena Boulevard","intro_month":"12","amend_dt":null,"limits_er":null,"intro_day":"9","repeal_dt":null,"amendt_txt":null,"official_nm":"None","old_name":"None","amdyrllsec":null,"amended":"No","honor_name":"Corporal Julian Alberto Ramon Avenue","ll_num":"064","repealed":"No","ulurpcpnum":"none","ll_sec":"26","intro_year":"2008","lleffect_dt":"12/29/2008","borough":"Queens","feat_type":"Intersection name"},"geometry":{"type":"Point","coordinates":[-73.82084928864039,40.75224154406081]}},{"type":"Feature","properties":{"ll_type":"Honorary","intro_num":"0877","ll_limits":"Underneath the Forest Avenue sign at the northwest corner of Richmond Avenue","intro_month":"12","amend_dt":null,"limits_er":null,"intro_day":"9","repeal_dt":null,"amendt_txt":null,"official_nm":"None","old_name":"None","amdyrllsec":null,"amended":"No","honor_name":"Granite Athletic Club Way","ll_num":"064","repealed":"No","ulurpcpnum":"none","ll_sec":"28","intro_year":"2008","lleffect_dt":"12/29/2008","borough":"Staten Island","feat_type":"Intersection name"},"geometry":{"type":"Point","coordinates":[-74.14885277800906,40.62524460523565]}},{"type":"Feature","properties":{"ll_type":"Honorary","intro_num":"0877","ll_limits":"Underneath the Campus Road sign at the southwest corner of Howard Avenue","intro_month":"12","amend_dt":null,"limits_er":null,"intro_day":"9","repeal_dt":null,"amendt_txt":null,"official_nm":"None","old_name":"None","amdyrllsec":null,"amended":"No","honor_name":"Augustinian Academy Way","ll_num":"064","repealed":"No","ulurpcpnum":"none","ll_sec":"29","intro_year":"2008","lleffect_dt":"12/29/2008","borough":"Staten Island","feat_type":"Intersection name"},"geometry":{"type":"Point","coordinates":[-74.09640814810155,40.61552002162728]}},{"type":"Feature","properties":{"ll_type":"Honorary","intro_num":"0877","ll_limits":"Underneath the Beach Street sign at the northwest corner of Jackson Street","intro_month":"12","amend_dt":null,"limits_er":null,"intro_day":"9","repeal_dt":"12/20/2010","amendt_txt":null,"official_nm":"None","old_name":"None","amdyrllsec":null,"amended":"No","honor_name":"Michael \"Tiger\" Heaney Street","ll_num":"064","repealed":"Yes","ulurpcpnum":"none","ll_sec":"30","intro_year":"2008","lleffect_dt":"12/29/2008","borough":"Staten Island","feat_type":"Intersection name"},"geometry":{"type":"Point","coordinates":[-74.0807726461899,40.62959807722771]}},{"type":"Feature","properties":{"ll_type":"Honorary","intro_num":"0877","ll_limits":"At the corner of East 27th Street and Avenue Z","intro_month":"12","amend_dt":null,"limits_er":null,"intro_day":"9","repeal_dt":null,"amendt_txt":null,"official_nm":"None","old_name":"None","amdyrllsec":null,"amended":"No","honor_name":"Michael Fischetti Way","ll_num":"064","repealed":"No","ulurpcpnum":"none","ll_sec":"31","intro_year":"2008","lleffect_dt":"12/29/2008","borough":"Brooklyn","feat_type":"Intersection name"},"geometry":{"type":"Point","coordinates":[-73.94268053635798,40.589247373113785]}},{"type":"Feature","properties":{"ll_type":"Honorary","intro_num":"0877","ll_limits":"At the corner of East 15th Street and Avenue X","intro_month":"12","amend_dt":null,"limits_er":null,"intro_day":"9","repeal_dt":null,"amendt_txt":null,"official_nm":"None","old_name":"None","amdyrllsec":null,"amended":"No","honor_name":"Mother Maria J. Fisher Way","ll_num":"064","repealed":"No","ulurpcpnum":"none","ll_sec":"32","intro_year":"2008","lleffect_dt":"12/29/2008","borough":"Brooklyn","feat_type":"Intersection name"},"geometry":{"type":"Point","coordinates":[-73.95514745784705,40.59220701102719]}},{"type":"Feature","properties":{"ll_type":"Honorary","intro_num":"0877","ll_limits":"At the corner of Westwood Avenue and Bradley Avenue","intro_month":"12","amend_dt":null,"limits_er":null,"intro_day":"9","repeal_dt":null,"amendt_txt":null,"official_nm":"None","old_name":"None","amdyrllsec":null,"amended":"No","honor_name":"William E. Rios Circle","ll_num":"064","repealed":"No","ulurpcpnum":"none","ll_sec":"33","intro_year":"2008","lleffect_dt":"12/29/2008","borough":"Staten Island","feat_type":"Intersection name"},"geometry":{"type":"Point","coordinates":[-74.13177398127537,40.605593495398594]}},{"type":"Feature","properties":{"ll_type":"Honorary","intro_num":"0877","ll_limits":"At the corner of Willowbrook Road and Sheraden Avenue","intro_month":"12","amend_dt":null,"limits_er":null,"intro_day":"9","repeal_dt":null,"amendt_txt":null,"official_nm":"None","old_name":"None","amdyrllsec":null,"amended":"No","honor_name":"Turid S. Brandt Road","ll_num":"064","repealed":"No","ulurpcpnum":"none","ll_sec":"34","intro_year":"2008","lleffect_dt":"12/29/2008","borough":"Staten Island","feat_type":"Intersection name"},"geometry":{"type":"Point","coordinates":[-74.13765274646862,40.60325522290878]}},{"type":"Feature","properties":{"ll_type":"Honorary","intro_num":"0877","ll_limits":"At the corner of Dongan Hills Avenue and Mason Avenue","intro_month":"12","amend_dt":null,"limits_er":null,"intro_day":"9","repeal_dt":null,"amendt_txt":null,"official_nm":"None","old_name":"None","amdyrllsec":null,"amended":"No","honor_name":"Kim Magrone Courtney Place","ll_num":"064","repealed":"No","ulurpcpnum":"none","ll_sec":"35","intro_year":"2008","lleffect_dt":"12/29/2008","borough":"Staten Island","feat_type":"Intersection name"},"geometry":{"type":"Point","coordinates":[-74.09030626034773,40.582797829647106]}},{"type":"Feature","properties":{"ll_type":"Honorary","intro_num":"0877","ll_limits":"At the northwest corner of 75th Street and 37th Avenue","intro_month":"12","amend_dt":null,"limits_er":null,"intro_day":"9","repeal_dt":"7/17/2009","amendt_txt":null,"official_nm":"None","old_name":"None","amdyrllsec":null,"amended":"No","honor_name":"Corporal Jonathan Rivadeneira Corner","ll_num":"064","repealed":"Yes","ulurpcpnum":"none","ll_sec":"38","intro_year":"2008","lleffect_dt":"12/29/2008","borough":"Queens","feat_type":"Intersection name"},"geometry":{"type":"Point","coordinates":[-73.8909416515146,40.74914613846627]}},{"type":"Feature","properties":{"ll_type":"Honorary","intro_num":"0877","ll_limits":"At the intersection of Frisby Avenue and Benson Avenue","intro_month":"12","amend_dt":null,"limits_er":null,"intro_day":"9","repeal_dt":null,"amendt_txt":null,"official_nm":"None","old_name":"None","amdyrllsec":null,"amended":"No","honor_name":"Larry Lusk Way","ll_num":"064","repealed":"No","ulurpcpnum":"none","ll_sec":"41","intro_year":"2008","lleffect_dt":"12/29/2008","borough":"Bronx","feat_type":"Intersection name"},"geometry":{"type":"Point","coordinates":[-73.84483424124477,40.84121164965839]}},{"type":"Feature","properties":{"ll_type":"Honorary","intro_num":"0877","ll_limits":"At the northeast corner of Nostrand Avenue and Park Place","intro_month":"12","amend_dt":null,"limits_er":null,"intro_day":"9","repeal_dt":null,"amendt_txt":null,"official_nm":"None","old_name":"None","amdyrllsec":null,"amended":"No","honor_name":"Syl Williamson Way","ll_num":"064","repealed":"No","ulurpcpnum":"none","ll_sec":"42","intro_year":"2008","lleffect_dt":"12/29/2008","borough":"Brooklyn","feat_type":"Intersection name"},"geometry":{"type":"Point","coordinates":[-73.95003654725667,40.67349564129276]}},{"type":"Feature","properties":{"ll_type":"Honorary","intro_num":"0877","ll_limits":"At the southwest corner of Park Place and Kingston Avenue","intro_month":"12","amend_dt":null,"limits_er":null,"intro_day":"9","repeal_dt":null,"amendt_txt":null,"official_nm":"None","old_name":"None","amdyrllsec":null,"amended":"No","honor_name":"Shirley Chisholm Place","ll_num":"064","repealed":"No","ulurpcpnum":"none","ll_sec":"43","intro_year":"2008","lleffect_dt":"12/29/2008","borough":"Brooklyn","feat_type":"Intersection name"},"geometry":{"type":"Point","coordinates":[-73.94198232689135,40.6728820056889]}},{"type":"Feature","properties":{"ll_type":"Honorary","intro_num":"0877","ll_limits":"The northeast corner of Prospect Place and Nostrand Avenue","intro_month":"12","amend_dt":null,"limits_er":null,"intro_day":"9","repeal_dt":null,"amendt_txt":null,"official_nm":"None","old_name":"None","amdyrllsec":null,"amended":"No","honor_name":"Dr. Susan Smith McKinney-Steward Place","ll_num":"064","repealed":"No","ulurpcpnum":"none","ll_sec":"44","intro_year":"2008","lleffect_dt":"12/29/2008","borough":"Brooklyn","feat_type":"Intersection name"},"geometry":{"type":"Point","coordinates":[-73.9499482310645,40.67439147409916]}},{"type":"Feature","properties":{"ll_type":"Honorary","intro_num":"0877","ll_limits":"At the northeast corner of St. Marks Avenue and Nostrand Avenue","intro_month":"12","amend_dt":null,"limits_er":null,"intro_day":"9","repeal_dt":null,"amendt_txt":null,"official_nm":"None","old_name":"None","amdyrllsec":null,"amended":"No","honor_name":"Damon S. Allen Place","ll_num":"064","repealed":"No","ulurpcpnum":"none","ll_sec":"45","intro_year":"2008","lleffect_dt":"12/29/2008","borough":"Brooklyn","feat_type":"Intersection name"},"geometry":{"type":"Point","coordinates":[-73.94987530369707,40.67529872207197]}},{"type":"Feature","properties":{"ll_type":"Honorary","intro_num":"0877","ll_limits":"At the Northwest corner of Atlantic Avenue and Court Street","intro_month":"12","amend_dt":null,"limits_er":null,"intro_day":"9","repeal_dt":null,"amendt_txt":null,"official_nm":"None","old_name":"None","amdyrllsec":null,"amended":"No","honor_name":"Reverend Manuel T. Sanchez Corner","ll_num":"064","repealed":"No","ulurpcpnum":"none","ll_sec":"47","intro_year":"2008","lleffect_dt":"12/29/2008","borough":"Brooklyn","feat_type":"Intersection name"},"geometry":{"type":"Point","coordinates":[-73.99242253508068,40.68983128266356]}},{"type":"Feature","properties":{"ll_type":"Honorary","intro_num":"0252","ll_limits":"the southeast corner of the intersection of Freeborn Street and Lincoln Avenue","intro_month":"8","amend_dt":null,"limits_er":null,"intro_day":"15","repeal_dt":null,"amendt_txt":null,"official_nm":"None","old_name":"None","amdyrllsec":null,"amended":"No","honor_name":"Martin J. Egan Jr. Corner","ll_num":"028","repealed":"No","ulurpcpnum":"none","ll_sec":"1","intro_year":"2002","lleffect_dt":"09/27/2002","borough":"Staten Island","feat_type":"Corner name"},"geometry":{"type":"Point","coordinates":[-74.09488235101999,40.57191223694926]}},{"type":"Feature","properties":{"ll_type":"Honorary","intro_num":"0252","ll_limits":"the southeast corner of the intersection of Hartford Avenue and Matthews Avenue","intro_month":"8","amend_dt":null,"limits_er":null,"intro_day":"15","repeal_dt":null,"amendt_txt":null,"official_nm":"None","old_name":"None","amdyrllsec":null,"amended":"No","honor_name":"Jason DeFazio Way","ll_num":"028","repealed":"No","ulurpcpnum":"none","ll_sec":"11","intro_year":"2002","lleffect_dt":"09/27/2002","borough":"Staten Island","feat_type":"Corner name"},"geometry":{"type":"Point","coordinates":[-74.10991988333409,40.62553681973863]}},{"type":"Feature","properties":{"ll_type":"Honorary","intro_num":"0252","ll_limits":"Kramer Avenue at the intersection of Winant Avenue","intro_month":"8","amend_dt":null,"limits_er":null,"intro_day":"15","repeal_dt":null,"amendt_txt":null,"official_nm":"None","old_name":"Kramer Avenue","amdyrllsec":null,"amended":"No","honor_name":"Steven M. Hagis Way","ll_num":"028","repealed":"No","ulurpcpnum":"none","ll_sec":"21","intro_year":"2002","lleffect_dt":"09/27/2002","borough":"Staten Island","feat_type":"Intersection name"},"geometry":{"type":"Point","coordinates":[-74.21502891634091,40.54210369142652]}},{"type":"Feature","properties":{"ll_type":"Honorary","intro_num":"0252","ll_limits":"at the intersection of Morrison Avenue and North Burgher Avenue","intro_month":"8","amend_dt":null,"limits_er":null,"intro_day":"15","repeal_dt":null,"amendt_txt":null,"official_nm":"None","old_name":"None","amdyrllsec":null,"amended":"No","honor_name":"Shawn E. Bowman, Jr. Way","ll_num":"028","repealed":"No","ulurpcpnum":"none","ll_sec":"50","intro_year":"2002","lleffect_dt":"09/27/2002","borough":"Staten Island","feat_type":"Intersection name"},"geometry":{"type":"Point","coordinates":[-74.11321503917102,40.62856231665388]}},{"type":"Feature","properties":{"ll_type":"Honorary","intro_num":"0252","ll_limits":"at the intersection Jewett Avenue and Waters Avenue","intro_month":"8","amend_dt":null,"limits_er":null,"intro_day":"15","repeal_dt":null,"amendt_txt":null,"official_nm":"None","old_name":"None","amdyrllsec":null,"amended":"No","honor_name":"Firefighter Thomas P. Hannafin Place","ll_num":"028","repealed":"No","ulurpcpnum":"none","ll_sec":"51","intro_year":"2002","lleffect_dt":"09/27/2002","borough":"Staten Island","feat_type":"Intersection name"},"geometry":{"type":"Point","coordinates":[-74.13112126539278,40.61646103258483]}},{"type":"Feature","properties":{"ll_type":"Honorary","intro_num":"0252","ll_limits":"at the intersection of Bosworth and Bement Avenue","intro_month":"8","amend_dt":null,"limits_er":null,"intro_day":"15","repeal_dt":null,"amendt_txt":null,"official_nm":"None","old_name":"None","amdyrllsec":null,"amended":"No","honor_name":"Robert J. Shay, Jr. Way","ll_num":"028","repealed":"No","ulurpcpnum":"none","ll_sec":"52","intro_year":"2002","lleffect_dt":"09/27/2002","borough":"Staten Island","feat_type":"Intersection name"},"geometry":{"type":"Point","coordinates":[-74.11086770233555,40.62662383847147]}},{"type":"Feature","properties":{"ll_type":"Honorary","intro_num":"0252","ll_limits":"the northeast corner of the intersection of New York Avenue and Montgomery Street","intro_month":"8","amend_dt":null,"limits_er":null,"intro_day":"15","repeal_dt":null,"amendt_txt":null,"official_nm":"None","old_name":"None","amdyrllsec":null,"amended":"No","honor_name":"Benjamin Keefe Clark Way","ll_num":"028","repealed":"No","ulurpcpnum":"none","ll_sec":"54","intro_year":"2002","lleffect_dt":"09/27/2002","borough":"Brooklyn","feat_type":"Corner name"},"geometry":{"type":"Point","coordinates":[-73.94802735730727,40.665333093324364]}},{"type":"Feature","properties":{"ll_type":"Honorary","intro_num":"0252","ll_limits":"the southeast corner of the intersection of Purcell Street and Clove Road","intro_month":"8","amend_dt":null,"limits_er":null,"intro_day":"15","repeal_dt":null,"amendt_txt":null,"official_nm":"None","old_name":"None","amdyrllsec":null,"amended":"No","honor_name":"Lt. Joseph Gullickson Way","ll_num":"028","repealed":"No","ulurpcpnum":"none","ll_sec":"68","intro_year":"2002","lleffect_dt":"09/27/2002","borough":"Staten Island","feat_type":"Corner name"},"geometry":{"type":"Point","coordinates":[-74.11900414038986,40.62585020149854]}},{"type":"Feature","properties":{"ll_type":"Honorary","intro_num":"0252","ll_limits":"the intersection of Jewett Avenue and Victory Boulevard","intro_month":"8","amend_dt":null,"limits_er":null,"intro_day":"15","repeal_dt":null,"amendt_txt":null,"official_nm":"None","old_name":"None","amdyrllsec":null,"amended":"No","honor_name":"Brian Nunez Way","ll_num":"028","repealed":"No","ulurpcpnum":"none","ll_sec":"70","intro_year":"2002","lleffect_dt":"09/27/2002","borough":"Staten Island","feat_type":"Intersection name"},"geometry":{"type":"Point","coordinates":[-74.13071879160168,40.6125578453122]}},{"type":"Feature","properties":{"ll_type":"Honorary","intro_num":"0252","ll_limits":"the southeast corner of the intersection of Cary Avenue and Bement Avenue","intro_month":"8","amend_dt":null,"limits_er":null,"intro_day":"15","repeal_dt":null,"amendt_txt":null,"official_nm":"None","old_name":"None","amdyrllsec":null,"amended":"No","honor_name":"Anne Marie Martino-Cramer Way","ll_num":"028","repealed":"No","ulurpcpnum":"none","ll_sec":"74","intro_year":"2002","lleffect_dt":"09/27/2002","borough":"Staten Island","feat_type":"Intersection name"},"geometry":{"type":"Point","coordinates":[-74.11183663418146,40.63318063884403]}},{"type":"Feature","properties":{"ll_type":"Honorary","intro_num":"0252","ll_limits":"the southeast corner of the intersection of Maryland Avenue and Foxhill Terrace","intro_month":"8","amend_dt":null,"limits_er":"Error: it should be the northwest corner","intro_day":"15","repeal_dt":null,"amendt_txt":null,"official_nm":"None","old_name":"None","amdyrllsec":null,"amended":"No","honor_name":"Kristen L. Montanaro Way","ll_num":"028","repealed":"No","ulurpcpnum":"none","ll_sec":"75","intro_year":"2002","lleffect_dt":"09/27/2002","borough":"Staten Island","feat_type":"Corner name"},"geometry":{"type":"Point","coordinates":[-74.07188810705067,40.610300660263185]}},{"type":"Feature","properties":{"ll_type":"Honorary","intro_num":"0252","ll_limits":"the southeast corner of the intersection of Martin Avenue and Victory Boulevard","intro_month":"8","amend_dt":null,"limits_er":null,"intro_day":"15","repeal_dt":"1/7/2003","amendt_txt":null,"official_nm":"None","old_name":"None","amdyrllsec":null,"amended":"No","honor_name":"Firefighter Lenny Ragaglia Way","ll_num":"028","repealed":"Yes","ulurpcpnum":"none","ll_sec":"76","intro_year":"2002","lleffect_dt":"09/27/2002","borough":"Staten Island","feat_type":"Corner name"},"geometry":{"type":"Point","coordinates":[-74.14017133227291,40.611411458968156]}},{"type":"Feature","properties":{"ll_type":"Honorary","intro_num":"0252","ll_limits":"the southeast corner of the intersection of Ingram Avenue and Victory Boulevard","intro_month":"8","amend_dt":null,"limits_er":null,"intro_day":"15","repeal_dt":null,"amendt_txt":null,"official_nm":"None","old_name":"None","amdyrllsec":null,"amended":"No","honor_name":"Lt. Chuck Margiotta Way","ll_num":"028","repealed":"No","ulurpcpnum":"none","ll_sec":"77","intro_year":"2002","lleffect_dt":"09/27/2002","borough":"Staten Island","feat_type":"Corner name"},"geometry":{"type":"Point","coordinates":[-74.13593791653703,40.612179979371874]}},{"type":"Feature","properties":{"ll_type":"Honorary","intro_num":"0252","ll_limits":"the southeast corner of the intersection of Sanford Place and Slosson Avenue","intro_month":"8","amend_dt":null,"limits_er":null,"intro_day":"15","repeal_dt":null,"amendt_txt":null,"official_nm":"None","old_name":"None","amdyrllsec":null,"amended":"No","honor_name":"Lt. Michael T. Quilty Way","ll_num":"028","repealed":"No","ulurpcpnum":"none","ll_sec":"79","intro_year":"2002","lleffect_dt":"09/27/2002","borough":"Staten Island","feat_type":"Corner name"},"geometry":{"type":"Point","coordinates":[-74.116833803235,40.614867264555826]}},{"type":"Feature","properties":{"ll_type":"Honorary","intro_num":"0252","ll_limits":"the northeast corner of the intersection of Martling Avenue and Slosson Avenue","intro_month":"8","amend_dt":null,"limits_er":"Error: It should be the southeast corner","intro_day":"15","repeal_dt":null,"amendt_txt":null,"official_nm":"None","old_name":"None","amdyrllsec":null,"amended":"No","honor_name":"Assistant Chief Gerard A. Barbara Way","ll_num":"028","repealed":"No","ulurpcpnum":"none","ll_sec":"80","intro_year":"2002","lleffect_dt":"09/27/2002","borough":"Staten Island","feat_type":"Corner name"},"geometry":{"type":"Point","coordinates":[-74.1195234359247,40.62169117148407]}},{"type":"Feature","properties":{"ll_type":"Honorary","intro_num":"0252","ll_limits":"between Myrtle Avenue and Central Avenue","intro_month":"8","amend_dt":null,"limits_er":null,"intro_day":"15","repeal_dt":null,"amendt_txt":null,"official_nm":"None","old_name":"None","amdyrllsec":null,"amended":"No","honor_name":"E.M.T. David Marc Sullins Place","ll_num":"028","repealed":"No","ulurpcpnum":"none","ll_sec":"81","intro_year":"2002","lleffect_dt":"09/27/2002","borough":"Queens","feat_type":"Corner name"},"geometry":{"type":"Point","coordinates":[-73.89359431905969,40.700969621127555]}},{"type":"Feature","properties":{"ll_type":"Honorary","intro_num":"0428","ll_limits":"At the intersection of 156th Street and Courtlandt Avenue","intro_month":"11","amend_dt":null,"limits_er":null,"intro_day":"29","repeal_dt":null,"amendt_txt":null,"official_nm":"None","old_name":"None","amdyrllsec":null,"amended":"No","honor_name":"Sergeant Jose Velez Avenue","ll_num":"003","repealed":"No","ulurpcpnum":"none","ll_sec":"2","intro_year":"2010","lleffect_dt":"12/20/2010","borough":"Bronx","feat_type":"Intersection name"},"geometry":{"type":"Point","coordinates":[-73.91741655908068,40.82127725849896]}},{"type":"Feature","properties":{"ll_type":"Honorary","intro_num":"0428","ll_limits":"At the intersection of Wortman Avenue and Vermont Street","intro_month":"11","amend_dt":null,"limits_er":null,"intro_day":"29","repeal_dt":null,"amendt_txt":null,"official_nm":"None","old_name":"None","amdyrllsec":null,"amended":"No","honor_name":"Kevin Oslen Hill Way","ll_num":"003","repealed":"No","ulurpcpnum":"none","ll_sec":"5","intro_year":"2010","lleffect_dt":"12/20/2010","borough":"Brooklyn","feat_type":"Intersection name"},"geometry":{"type":"Point","coordinates":[-73.8866890487264,40.656205102818994]}},{"type":"Feature","properties":{"ll_type":"Honorary","intro_num":"0428","ll_limits":"At the intersection of Davidson Avenue and West Kingsbridge Road","intro_month":"11","amend_dt":null,"limits_er":null,"intro_day":"29","repeal_dt":null,"amendt_txt":null,"official_nm":"None","old_name":"None","amdyrllsec":null,"amended":"No","honor_name":"Phyllis Yvonne Reed Plaza","ll_num":"003","repealed":"No","ulurpcpnum":"none","ll_sec":"9","intro_year":"2010","lleffect_dt":"12/20/2010","borough":"Bronx","feat_type":"Intersection name"},"geometry":{"type":"Point","coordinates":[-73.89854344078012,40.86767696959353]}},{"type":"Feature","properties":{"ll_type":"Honorary","intro_num":"0428","ll_limits":"At the intersection of 112th Street and 86th Avenue","intro_month":"11","amend_dt":null,"limits_er":null,"intro_day":"29","repeal_dt":null,"amendt_txt":null,"official_nm":"None","old_name":"None","amdyrllsec":null,"amended":"No","honor_name":"Church of the Holy Child Jesus Plaza","ll_num":"003","repealed":"No","ulurpcpnum":"none","ll_sec":"12","intro_year":"2010","lleffect_dt":"12/20/2010","borough":"Queens","feat_type":"Intersection name"},"geometry":{"type":"Point","coordinates":[-73.83716738260061,40.69894213637895]}},{"type":"Feature","properties":{"ll_type":"Honorary","intro_num":"0428","ll_limits":"At the intersection of Lenox Avenue and 142nd Street","intro_month":"11","amend_dt":null,"limits_er":null,"intro_day":"29","repeal_dt":"7/11/2011","amendt_txt":null,"official_nm":"None","old_name":"None","amdyrllsec":null,"amended":"No","honor_name":"Jack Johnson Place","ll_num":"003","repealed":"Yes","ulurpcpnum":"none","ll_sec":"14","intro_year":"2010","lleffect_dt":"12/20/2010","borough":"Manhattan","feat_type":"Intersection name"},"geometry":{"type":"Point","coordinates":[-73.9376437347053,40.818510592112325]}},{"type":"Feature","properties":{"ll_type":"Honorary","intro_num":"0428","ll_limits":"At the intersection of Bleecker Street and Knickerbocker Avenue","intro_month":"11","amend_dt":null,"limits_er":null,"intro_day":"29","repeal_dt":null,"amendt_txt":null,"official_nm":"None","old_name":"None","amdyrllsec":null,"amended":"No","honor_name":"Anna Chineda Carter Square","ll_num":"003","repealed":"No","ulurpcpnum":"none","ll_sec":"17","intro_year":"2010","lleffect_dt":"12/20/2010","borough":"Brooklyn","feat_type":"Intersection name"},"geometry":{"type":"Point","coordinates":[-73.91787128374719,40.69853669903802]}},{"type":"Feature","properties":{"ll_type":"Honorary","intro_num":"0428","ll_limits":"At the southeast corner 108th Street and 49th Avenue","intro_month":"11","amend_dt":null,"limits_er":null,"intro_day":"29","repeal_dt":"7/11/2011","amendt_txt":null,"official_nm":"None","old_name":"None","amdyrllsec":null,"amended":"No","honor_name":"Staff Sergeant Luis Manuel Gonzalez Street","ll_num":"003","repealed":"Yes","ulurpcpnum":"none","ll_sec":"18","intro_year":"2010","lleffect_dt":"12/20/2010","borough":"Queens","feat_type":"Intersection name"},"geometry":{"type":"Point","coordinates":[-73.85578755360078,40.74522968648553]}},{"type":"Feature","properties":{"ll_type":"Honorary","intro_num":"0428","ll_limits":"At the intersection of 76th Street and 14th Avenue","intro_month":"11","amend_dt":null,"limits_er":null,"intro_day":"29","repeal_dt":"7/11/2011","amendt_txt":null,"official_nm":"None","old_name":"None","amdyrllsec":null,"amended":"No","honor_name":"Dr. Giacomo J. Buscaino Place","ll_num":"003","repealed":"Yes","ulurpcpnum":"none","ll_sec":"21","intro_year":"2010","lleffect_dt":"12/20/2010","borough":"Brooklyn","feat_type":"Intersection name"},"geometry":{"type":"Point","coordinates":[-74.00585319959886,40.618370476823486]}},{"type":"Feature","properties":{"ll_type":"Honorary","intro_num":"0428","ll_limits":"At the southwest corner of Bay Ridge Parkway and 14th Avenue","intro_month":"11","amend_dt":null,"limits_er":null,"intro_day":"29","repeal_dt":"3/7/2012","amendt_txt":null,"official_nm":"None","old_name":"None","amdyrllsec":null,"amended":"No","honor_name":"Joe 'The Great' Rollino Corner","ll_num":"003","repealed":"Yes","ulurpcpnum":"none","ll_sec":"22","intro_year":"2010","lleffect_dt":"12/20/2010","borough":"Brooklyn","feat_type":"Intersection name"},"geometry":{"type":"Point","coordinates":[-74.00543941234208,40.61893596013542]}},{"type":"Feature","properties":{"ll_type":"Honorary","intro_num":"0428","ll_limits":"At the northeast corner of Shore Road and 74th Street","intro_month":"11","amend_dt":null,"limits_er":null,"intro_day":"29","repeal_dt":null,"amendt_txt":null,"official_nm":"None","old_name":"None","amdyrllsec":null,"amended":"No","honor_name":"Auxiliary Captain Linying Gong Way","ll_num":"003","repealed":"No","ulurpcpnum":"none","ll_sec":"23","intro_year":"2010","lleffect_dt":"12/20/2010","borough":"Brooklyn","feat_type":"Intersection name"},"geometry":{"type":"Point","coordinates":[-74.0366426270759,40.63441455613674]}},{"type":"Feature","properties":{"ll_type":"Honorary","intro_num":"0428","ll_limits":"At the intersection of 84th Street and Ridge Boulevard","intro_month":"11","amend_dt":null,"limits_er":null,"intro_day":"29","repeal_dt":null,"amendt_txt":null,"official_nm":"None","old_name":"None","amdyrllsec":null,"amended":"No","honor_name":"Angela Piccini Canade Way","ll_num":"003","repealed":"No","ulurpcpnum":"none","ll_sec":"24","intro_year":"2010","lleffect_dt":"12/20/2010","borough":"Brooklyn","feat_type":"Intersection name"},"geometry":{"type":"Point","coordinates":[-74.03310842044337,40.62564705118137]}},{"type":"Feature","properties":{"ll_type":"Honorary","intro_num":"0428","ll_limits":"At the intersection of Richards Street and Seabring Street","intro_month":"11","amend_dt":null,"limits_er":null,"intro_day":"29","repeal_dt":null,"amendt_txt":null,"official_nm":"None","old_name":"None","amdyrllsec":null,"amended":"No","honor_name":"Seven In Heaven Way","ll_num":"003","repealed":"No","ulurpcpnum":"none","ll_sec":"25","intro_year":"2010","lleffect_dt":"12/20/2010","borough":"Brooklyn","feat_type":"Intersection name"},"geometry":{"type":"Point","coordinates":[-74.0064369405163,40.68057336818725]}},{"type":"Feature","properties":{"ll_type":"Honorary","intro_num":"0428","ll_limits":"At the intersection of Lorraine Street and Smith Street","intro_month":"11","amend_dt":null,"limits_er":null,"intro_day":"29","repeal_dt":null,"amendt_txt":null,"official_nm":"None","old_name":"None","amdyrllsec":null,"amended":"No","honor_name":"FF Ronnie L. Henderson Way","ll_num":"003","repealed":"No","ulurpcpnum":"none","ll_sec":"26","intro_year":"2010","lleffect_dt":"12/20/2010","borough":"Brooklyn","feat_type":"Intersection name"},"geometry":{"type":"Point","coordinates":[-73.99934695849039,40.67227260157708]}},{"type":"Feature","properties":{"ll_type":"Honorary","intro_num":"0428","ll_limits":"At the intersection of 56th Street and 3rd Avenue","intro_month":"11","amend_dt":null,"limits_er":null,"intro_day":"29","repeal_dt":null,"amendt_txt":null,"official_nm":"None","old_name":"None","amdyrllsec":null,"amended":"No","honor_name":"Basil 'Bob' Stonbely Way","ll_num":"003","repealed":"No","ulurpcpnum":"none","ll_sec":"28","intro_year":"2010","lleffect_dt":"12/20/2010","borough":"Brooklyn","feat_type":"Intersection name"},"geometry":{"type":"Point","coordinates":[-74.0180600446744,40.64432628219947]}},{"type":"Feature","properties":{"ll_type":"Honorary","intro_num":"0428","ll_limits":"At the intersection of 26th Street and 4th Avenue","intro_month":"11","amend_dt":null,"limits_er":null,"intro_day":"29","repeal_dt":"7/11/2011","amendt_txt":null,"official_nm":"None","old_name":"None","amdyrllsec":null,"amended":"No","honor_name":"Andrew DiOrio Boulevard","ll_num":"003","repealed":"Yes","ulurpcpnum":"none","ll_sec":"29","intro_year":"2010","lleffect_dt":"12/20/2010","borough":"Brooklyn","feat_type":"Intersection name"},"geometry":{"type":"Point","coordinates":[-73.99859766648572,40.659911629028414]}},{"type":"Feature","properties":{"ll_type":"Honorary","intro_num":"0428","ll_limits":"At the intersection of 21st Street and 4th Avenue","intro_month":"11","amend_dt":null,"limits_er":null,"intro_day":"29","repeal_dt":null,"amendt_txt":null,"official_nm":"None","old_name":"None","amdyrllsec":null,"amended":"No","honor_name":"Anthony J. Leone Way","ll_num":"003","repealed":"No","ulurpcpnum":"none","ll_sec":"30","intro_year":"2010","lleffect_dt":"12/20/2010","borough":"Brooklyn","feat_type":"Intersection name"},"geometry":{"type":"Point","coordinates":[-73.99569722606402,40.66269515220326]}},{"type":"Feature","properties":{"ll_type":"Honorary","intro_num":"0428","ll_limits":"At the intersection of 66th Street and 4th Avenue","intro_month":"11","amend_dt":null,"limits_er":null,"intro_day":"29","repeal_dt":"7/11/2011","amendt_txt":null,"official_nm":"None","old_name":"None","amdyrllsec":null,"amended":"No","honor_name":"Abe Kanter Way","ll_num":"003","repealed":"Yes","ulurpcpnum":"none","ll_sec":"31","intro_year":"2010","lleffect_dt":"12/20/2010","borough":"Brooklyn","feat_type":"Intersection name"},"geometry":{"type":"Point","coordinates":[-74.02195278020552,40.637452235711905]}},{"type":"Feature","properties":{"ll_type":"Honorary","intro_num":"0428","ll_limits":"At the intersection of Colon Avenue and Gurley Avenue","intro_month":"11","amend_dt":null,"limits_er":null,"intro_day":"29","repeal_dt":null,"amendt_txt":null,"official_nm":"None","old_name":"None","amdyrllsec":null,"amended":"No","honor_name":"Rafael Vega Way","ll_num":"003","repealed":"No","ulurpcpnum":"none","ll_sec":"34","intro_year":"2010","lleffect_dt":"12/20/2010","borough":"Staten Island","feat_type":"Intersection name"},"geometry":{"type":"Point","coordinates":[-74.15853876164144,40.56054573558048]}},{"type":"Feature","properties":{"ll_type":"Honorary","intro_num":"0428","ll_limits":"At the intersection of Parkinson Avenue and Hylan Boulevard","intro_month":"11","amend_dt":null,"limits_er":null,"intro_day":"29","repeal_dt":null,"amendt_txt":null,"official_nm":"None","old_name":"None","amdyrllsec":null,"amended":"No","honor_name":"Dr. Gianpaolo Maestrone Corner","ll_num":"003","repealed":"No","ulurpcpnum":"none","ll_sec":"38","intro_year":"2010","lleffect_dt":"12/20/2010","borough":"Staten Island","feat_type":"Intersection name"},"geometry":{"type":"Point","coordinates":[-74.08360775116246,40.59791241337214]}},{"type":"Feature","properties":{"ll_type":"Honorary","intro_num":"0428","ll_limits":"At the intersection of Cedar Grove Avenue and Marine Way","intro_month":"11","amend_dt":null,"limits_er":null,"intro_day":"29","repeal_dt":null,"amendt_txt":null,"official_nm":"None","old_name":"None","amdyrllsec":null,"amended":"No","honor_name":"Father Gannon Court","ll_num":"003","repealed":"No","ulurpcpnum":"none","ll_sec":"39","intro_year":"2010","lleffect_dt":"12/20/2010","borough":"Staten Island","feat_type":"Intersection name"},"geometry":{"type":"Point","coordinates":[-74.0999637551211,40.561884567587335]}},{"type":"Feature","properties":{"ll_type":"Honorary","intro_num":"0428","ll_limits":"At the intersection of Hawthorne Avenue and Watchogue Road","intro_month":"11","amend_dt":null,"limits_er":null,"intro_day":"29","repeal_dt":null,"amendt_txt":null,"official_nm":"None","old_name":"None","amdyrllsec":null,"amended":"No","honor_name":"John “Jack” P. Meade Way","ll_num":"003","repealed":"No","ulurpcpnum":"none","ll_sec":"40","intro_year":"2010","lleffect_dt":"12/20/2010","borough":"Staten Island","feat_type":"Intersection name"},"geometry":{"type":"Point","coordinates":[-74.14709669902838,40.61706028743573]}},{"type":"Feature","properties":{"ll_type":"Honorary","intro_num":"0428","ll_limits":"At the intersection of Thurston Street and Hawthorne Avenue","intro_month":"11","amend_dt":null,"limits_er":null,"intro_day":"29","repeal_dt":null,"amendt_txt":null,"official_nm":"None","old_name":"None","amdyrllsec":null,"amended":"No","honor_name":"Dominick S. Florio Way","ll_num":"003","repealed":"No","ulurpcpnum":"none","ll_sec":"41","intro_year":"2010","lleffect_dt":"12/20/2010","borough":"Staten Island","feat_type":"Intersection name"},"geometry":{"type":"Point","coordinates":[-74.14817311563687,40.61396609675307]}},{"type":"Feature","properties":{"ll_type":"Honorary","intro_num":"0428","ll_limits":"At the intersection of Cromwell Avenue and Richmond Road","intro_month":"11","amend_dt":null,"limits_er":null,"intro_day":"29","repeal_dt":null,"amendt_txt":null,"official_nm":"None","old_name":"None","amdyrllsec":null,"amended":"No","honor_name":"John M. D’Amato Way","ll_num":"003","repealed":"No","ulurpcpnum":"none","ll_sec":"44","intro_year":"2010","lleffect_dt":"12/20/2010","borough":"Staten Island","feat_type":"Intersection name"},"geometry":{"type":"Point","coordinates":[-74.10083052329654,40.59263230554288]}},{"type":"Feature","properties":{"ll_type":"Honorary","intro_num":"0428","ll_limits":"At the intersection of Gleason Avenue and Zerega Avenue","intro_month":"11","amend_dt":null,"limits_er":null,"intro_day":"29","repeal_dt":null,"amendt_txt":null,"official_nm":"None","old_name":"None","amdyrllsec":null,"amended":"No","honor_name":"Kenneth Pontillo Way","ll_num":"003","repealed":"No","ulurpcpnum":"none","ll_sec":"45","intro_year":"2010","lleffect_dt":"12/20/2010","borough":"Bronx","feat_type":"Intersection name"},"geometry":{"type":"Point","coordinates":[-73.84491788031502,40.83275398885424]}},{"type":"Feature","properties":{"ll_type":"Honorary","intro_num":"0428","ll_limits":"At the northeast corner of 26th Avenue and Cropsey Avenue","intro_month":"11","amend_dt":null,"limits_er":null,"intro_day":"29","repeal_dt":null,"amendt_txt":null,"official_nm":"None","old_name":"None","amdyrllsec":null,"amended":"No","honor_name":"Rebitzen Rita Horowitz Way","ll_num":"003","repealed":"No","ulurpcpnum":"none","ll_sec":"46","intro_year":"2010","lleffect_dt":"12/20/2010","borough":"Brooklyn","feat_type":"Intersection name"},"geometry":{"type":"Point","coordinates":[-73.99143123960167,40.590562333396356]}},{"type":"Feature","properties":{"ll_type":"Honorary","intro_num":"0428","ll_limits":"At the southwest corner of West 189th Street and St. Nicholas Avenue","intro_month":"11","amend_dt":null,"limits_er":null,"intro_day":"29","repeal_dt":null,"amendt_txt":null,"official_nm":"None","old_name":"None","amdyrllsec":null,"amended":"No","honor_name":"Merlin German Way","ll_num":"003","repealed":"No","ulurpcpnum":"none","ll_sec":"51","intro_year":"2010","lleffect_dt":"12/20/2010","borough":"Manhattan","feat_type":"Intersection name"},"geometry":{"type":"Point","coordinates":[-73.930291496904,40.8543081277836]}},{"type":"Feature","properties":{"ll_type":"Honorary","intro_num":"0428","ll_limits":"On the corner of Jackson Street and Beach Street","intro_month":"11","amend_dt":null,"limits_er":null,"intro_day":"29","repeal_dt":null,"amendt_txt":null,"official_nm":"None","old_name":"None","amdyrllsec":null,"amended":"No","honor_name":"Michael “Tiger” Heaney Street","ll_num":"003","repealed":"No","ulurpcpnum":"none","ll_sec":"52","intro_year":"2010","lleffect_dt":"12/20/2010","borough":"Staten Island","feat_type":"Intersection name"},"geometry":{"type":"Point","coordinates":[-74.08075821965714,40.629494043090205]}},{"type":"Feature","properties":{"ll_type":"Honorary","intro_num":"0428","ll_limits":"At the intersection of Prospect Avenue and Brentwood Avenue","intro_month":"11","amend_dt":null,"limits_er":null,"intro_day":"29","repeal_dt":null,"amendt_txt":null,"official_nm":"None","old_name":"None","amdyrllsec":null,"amended":"No","honor_name":"Artie Evans Way","ll_num":"003","repealed":"No","ulurpcpnum":"none","ll_sec":"54","intro_year":"2010","lleffect_dt":"12/20/2010","borough":"Staten Island","feat_type":"Intersection name"},"geometry":{"type":"Point","coordinates":[-74.10287488982738,40.63846721523816]}},{"type":"Feature","properties":{"ll_type":"Honorary","intro_num":"0556","ll_limits":"Northwest corner of 55th Street and 9th Avenue","intro_month":"4","amend_dt":null,"limits_er":null,"intro_day":"12","repeal_dt":null,"amendt_txt":null,"official_nm":"None","old_name":"None","amdyrllsec":null,"amended":"No","honor_name":"Alvin Ailey Place","ll_num":"028","repealed":"No","ulurpcpnum":"none","ll_sec":"1","intro_year":"2007","lleffect_dt":"06/14/2007","borough":"Manhattan","feat_type":"Intersection name"},"geometry":{"type":"Point","coordinates":[-73.98675972295236,40.76674753497981]}},{"type":"Feature","properties":{"ll_type":"Honorary","intro_num":"0556","ll_limits":"Underneath the Martin Avenue street sign at the southwest corner of Purdy Avenue","intro_month":"4","amend_dt":null,"limits_er":null,"intro_day":"12","repeal_dt":null,"amendt_txt":null,"official_nm":"None","old_name":"None","amdyrllsec":null,"amended":"No","honor_name":"Angela Padavano Way","ll_num":"028","repealed":"No","ulurpcpnum":"none","ll_sec":"2","intro_year":"2007","lleffect_dt":"06/14/2007","borough":"Staten Island","feat_type":"Intersection name"},"geometry":{"type":"Point","coordinates":[-74.14021247778348,40.60976048363011]}},{"type":"Feature","properties":{"ll_type":"Honorary","intro_num":"0556","ll_limits":"Northwest corner of 79th Street and 4th Avenue","intro_month":"4","amend_dt":null,"limits_er":null,"intro_day":"12","repeal_dt":null,"amendt_txt":null,"official_nm":"None","old_name":"None","amdyrllsec":null,"amended":"No","honor_name":"Patrick Sullivan 9-11 Memorial Way","ll_num":"028","repealed":"No","ulurpcpnum":"none","ll_sec":"4","intro_year":"2007","lleffect_dt":"06/14/2007","borough":"Brooklyn","feat_type":"Intersection name"},"geometry":{"type":"Point","coordinates":[-74.02637791964513,40.62803341039448]}},{"type":"Feature","properties":{"ll_type":"Honorary","intro_num":"0556","ll_limits":"Southeast corner of 77th Street and 37th Avenue","intro_month":"4","amend_dt":null,"limits_er":null,"intro_day":"12","repeal_dt":null,"amendt_txt":null,"official_nm":"None","old_name":"None","amdyrllsec":null,"amended":"No","honor_name":"Edgar Garzon Corner","ll_num":"028","repealed":"No","ulurpcpnum":"none","ll_sec":"6","intro_year":"2007","lleffect_dt":"06/14/2007","borough":"Queens","feat_type":"Intersection name"},"geometry":{"type":"Point","coordinates":[-73.88896351448683,40.74917666767103]}},{"type":"Feature","properties":{"ll_type":"Honorary","intro_num":"0556","ll_limits":"Underneath Seneca Avenue street sign at the southeast corner of Victory Boulevard","intro_month":"4","amend_dt":null,"limits_er":null,"intro_day":"12","repeal_dt":null,"amendt_txt":null,"official_nm":"None","old_name":"None","amdyrllsec":null,"amended":"No","honor_name":"Robert A. Breen Way","ll_num":"028","repealed":"No","ulurpcpnum":"none","ll_sec":"9","intro_year":"2007","lleffect_dt":"06/14/2007","borough":"Staten Island","feat_type":"Intersection name"},"geometry":{"type":"Point","coordinates":[-74.10442875570422,40.61591136516778]}},{"type":"Feature","properties":{"ll_type":"Honorary","intro_num":"0556","ll_limits":"Union Turnpike and 259th Street","intro_month":"4","amend_dt":null,"limits_er":null,"intro_day":"12","repeal_dt":null,"amendt_txt":null,"official_nm":"None","old_name":"None","amdyrllsec":null,"amended":"No","honor_name":"Lance Cpl. Michael V. Postal Triangle","ll_num":"028","repealed":"No","ulurpcpnum":"none","ll_sec":"10","intro_year":"2007","lleffect_dt":"06/14/2007","borough":"Queens","feat_type":"Intersection name"},"geometry":{"type":"Point","coordinates":[-73.71276251321893,40.74659911183034]}},{"type":"Feature","properties":{"ll_type":"Honorary","intro_num":"0556","ll_limits":"On the corner of 8th Street and Reno Avenue","intro_month":"4","amend_dt":null,"limits_er":null,"intro_day":"12","repeal_dt":null,"amendt_txt":null,"official_nm":"None","old_name":"None","amdyrllsec":null,"amended":"No","honor_name":"Daniela R. Notaro Way","ll_num":"028","repealed":"No","ulurpcpnum":"none","ll_sec":"12","intro_year":"2007","lleffect_dt":"06/14/2007","borough":"Staten Island","feat_type":"Intersection name"},"geometry":{"type":"Point","coordinates":[-74.12101227868072,40.56781002153837]}},{"type":"Feature","properties":{"ll_type":"Honorary","intro_num":"0556","ll_limits":"On the corner of Cromwell Avenue and Jefferson Street","intro_month":"4","amend_dt":null,"limits_er":null,"intro_day":"12","repeal_dt":null,"amendt_txt":null,"official_nm":"None","old_name":"None","amdyrllsec":null,"amended":"No","honor_name":"Lt. James D. Hicks Way","ll_num":"028","repealed":"No","ulurpcpnum":"none","ll_sec":"13","intro_year":"2007","lleffect_dt":"06/14/2007","borough":"Staten Island","feat_type":"Intersection name"},"geometry":{"type":"Point","coordinates":[-74.09743316695682,40.59088318678488]}},{"type":"Feature","properties":{"ll_type":"Honorary","intro_num":"0556","ll_limits":"On the corner of Stillwell Avenue and Mermaid Avenue","intro_month":"4","amend_dt":null,"limits_er":null,"intro_day":"12","repeal_dt":null,"amendt_txt":null,"official_nm":"None","old_name":"None","amdyrllsec":null,"amended":"No","honor_name":"Granville T. Woods Way","ll_num":"028","repealed":"No","ulurpcpnum":"none","ll_sec":"15","intro_year":"2007","lleffect_dt":"06/14/2007","borough":"Brooklyn","feat_type":"Intersection name"},"geometry":{"type":"Point","coordinates":[-73.98156367365765,40.57698182062186]}},{"type":"Feature","properties":{"ll_type":"Honorary","intro_num":"0556","ll_limits":"Neptune Avenue at West 16th Street","intro_month":"4","amend_dt":null,"limits_er":null,"intro_day":"12","repeal_dt":null,"amendt_txt":null,"official_nm":"None","old_name":"None","amdyrllsec":null,"amended":"No","honor_name":"Grace Nichilo Place","ll_num":"028","repealed":"No","ulurpcpnum":"none","ll_sec":"16","intro_year":"2007","lleffect_dt":"06/14/2007","borough":"Brooklyn","feat_type":"Intersection name"},"geometry":{"type":"Point","coordinates":[-73.98414926466042,40.57905270871403]}},{"type":"Feature","properties":{"ll_type":"Honorary","intro_num":"0556","ll_limits":"Surf Avenue at West 5th Street","intro_month":"4","amend_dt":null,"limits_er":null,"intro_day":"12","repeal_dt":null,"amendt_txt":null,"official_nm":"None","old_name":"None","amdyrllsec":null,"amended":"No","honor_name":"Harry Schwartz Way","ll_num":"028","repealed":"No","ulurpcpnum":"none","ll_sec":"17","intro_year":"2007","lleffect_dt":"06/14/2007","borough":"Brooklyn","feat_type":"Intersection name"},"geometry":{"type":"Point","coordinates":[-73.97343291560823,40.57478337189669]}},{"type":"Feature","properties":{"ll_type":"Honorary","intro_num":"0556","ll_limits":"Underneath the Hanover Street sign at the southwest corner of Palma Drive","intro_month":"4","amend_dt":null,"limits_er":null,"intro_day":"12","repeal_dt":null,"amendt_txt":null,"official_nm":"None","old_name":"None","amdyrllsec":null,"amended":"No","honor_name":"Boimah Cooper Drive","ll_num":"028","repealed":"No","ulurpcpnum":"none","ll_sec":"20","intro_year":"2007","lleffect_dt":"06/14/2007","borough":"Staten Island","feat_type":"Intersection name"},"geometry":{"type":"Point","coordinates":[-74.08289582770529,40.611355794853935]}},{"type":"Feature","properties":{"ll_type":"Honorary","intro_num":"0556","ll_limits":"Underneath the West Raleigh Avenue Street sign at the southeast corner of Clove Road","intro_month":"4","amend_dt":null,"limits_er":null,"intro_day":"12","repeal_dt":"10/10/2008","amendt_txt":null,"official_nm":"None","old_name":"None","amdyrllsec":null,"amended":"No","honor_name":"NYS Senator Mark W. Allen Way","ll_num":"028","repealed":"Yes","ulurpcpnum":"none","ll_sec":"21","intro_year":"2007","lleffect_dt":"06/14/2007","borough":"Staten Island","feat_type":"Intersection name"},"geometry":{"type":"Point","coordinates":[-74.11831406467911,40.62530138985161]}},{"type":"Feature","properties":{"ll_type":"Honorary","intro_num":"0556","ll_limits":"Northwest corner of West 207th Street and Broadway","intro_month":"4","amend_dt":null,"limits_er":null,"intro_day":"12","repeal_dt":null,"amendt_txt":null,"official_nm":"None","old_name":"None","amdyrllsec":null,"amended":"No","honor_name":"Eileen Sweeney Place","ll_num":"028","repealed":"No","ulurpcpnum":"none","ll_sec":"25","intro_year":"2007","lleffect_dt":"06/14/2007","borough":"Manhattan","feat_type":"Intersection name"},"geometry":{"type":"Point","coordinates":[-73.92141652875826,40.867767638929]}},{"type":"Feature","properties":{"ll_type":"Honorary","intro_num":"0556","ll_limits":"Northeast corner of 47th Avenue and Vernon Boulevard","intro_month":"4","amend_dt":null,"limits_er":null,"intro_day":"12","repeal_dt":null,"amendt_txt":null,"official_nm":"None","old_name":"None","amdyrllsec":null,"amended":"No","honor_name":"Joe Imp’s Place","ll_num":"028","repealed":"No","ulurpcpnum":"none","ll_sec":"26","intro_year":"2007","lleffect_dt":"06/14/2007","borough":"Queens","feat_type":"Intersection name"},"geometry":{"type":"Point","coordinates":[-73.95301799924212,40.745543724298]}},{"type":"Feature","properties":{"ll_type":"Honorary","intro_num":"0556","ll_limits":"Intersection of 3rd Avenue and 147th Place","intro_month":"4","amend_dt":null,"limits_er":null,"intro_day":"12","repeal_dt":null,"amendt_txt":null,"official_nm":"None","old_name":"None","amdyrllsec":null,"amended":"No","honor_name":"Joseph M. Rota Place","ll_num":"028","repealed":"No","ulurpcpnum":"none","ll_sec":"27","intro_year":"2007","lleffect_dt":"06/14/2007","borough":"Queens","feat_type":"Intersection name"},"geometry":{"type":"Point","coordinates":[-73.82186276124509,40.79655518899597]}},{"type":"Feature","properties":{"ll_type":"Honorary","intro_num":"0556","ll_limits":"Northeast corner of West 88th Street and Columbus Avenue","intro_month":"4","amend_dt":null,"limits_er":null,"intro_day":"12","repeal_dt":null,"amendt_txt":null,"official_nm":"None","old_name":"None","amdyrllsec":null,"amended":"No","honor_name":"Bernie Wohl Way","ll_num":"028","repealed":"No","ulurpcpnum":"none","ll_sec":"30","intro_year":"2007","lleffect_dt":"06/14/2007","borough":"Manhattan","feat_type":"Intersection name"},"geometry":{"type":"Point","coordinates":[-73.97102361473657,40.787794858783506]}},{"type":"Feature","properties":{"ll_type":"Honorary","intro_num":"0556","ll_limits":"Corner of Sullivan Place and East Tremont Avenue","intro_month":"4","amend_dt":null,"limits_er":null,"intro_day":"12","repeal_dt":null,"amendt_txt":null,"official_nm":"None","old_name":"None","amdyrllsec":null,"amended":"No","honor_name":"Donald Engeldrum Way","ll_num":"028","repealed":"No","ulurpcpnum":"none","ll_sec":"31","intro_year":"2007","lleffect_dt":"06/14/2007","borough":"Bronx","feat_type":"Intersection name"},"geometry":{"type":"Point","coordinates":[-73.82470296831843,40.82905316115682]}},{"type":"Feature","properties":{"ll_type":"Honorary","intro_num":"0556","ll_limits":"Cross Bronx Expressway and Edison Avenue","intro_month":"4","amend_dt":null,"limits_er":null,"intro_day":"12","repeal_dt":null,"amendt_txt":null,"official_nm":"None","old_name":"None","amdyrllsec":null,"amended":"No","honor_name":"Rev. Howard Weaving Way","ll_num":"028","repealed":"No","ulurpcpnum":"none","ll_sec":"32","intro_year":"2007","lleffect_dt":"06/14/2007","borough":"Bronx","feat_type":"Intersection name"},"geometry":{"type":"Point","coordinates":[-73.81830649121154,40.822451553641514]}},{"type":"Feature","properties":{"ll_type":"Honorary","intro_num":"0556","ll_limits":"Corner of Bradford Avenue and Hegeman Street","intro_month":"4","amend_dt":null,"limits_er":null,"intro_day":"12","repeal_dt":null,"amendt_txt":null,"official_nm":"None","old_name":"None","amdyrllsec":null,"amended":"No","honor_name":"Bishop Willie B. McNeil Corner","ll_num":"028","repealed":"No","ulurpcpnum":"none","ll_sec":"33","intro_year":"2007","lleffect_dt":"06/14/2007","borough":"Brooklyn","feat_type":"Intersection name"},"geometry":{"type":"Point","coordinates":[-73.88838556498992,40.66133773834508]}},{"type":"Feature","properties":{"ll_type":"Honorary","intro_num":"0556","ll_limits":"Corner of Walton Avenue and Cameron Place","intro_month":"4","amend_dt":null,"limits_er":null,"intro_day":"12","repeal_dt":null,"amendt_txt":null,"official_nm":"None","old_name":"None","amdyrllsec":null,"amended":"No","honor_name":"FF Michael C. Reilly Way","ll_num":"028","repealed":"No","ulurpcpnum":"none","ll_sec":"34","intro_year":"2007","lleffect_dt":"06/14/2007","borough":"Bronx","feat_type":"Intersection name"},"geometry":{"type":"Point","coordinates":[-73.90430517788744,40.855887576200736]}},{"type":"Feature","properties":{"ll_type":"Honorary","intro_num":"0556","ll_limits":"Intersection of Monroe Avenue and East 175th Street","intro_month":"4","amend_dt":null,"limits_er":null,"intro_day":"12","repeal_dt":null,"amendt_txt":null,"official_nm":"None","old_name":"None","amdyrllsec":null,"amended":"No","honor_name":"Lieutenant Howard Carpluk Place","ll_num":"028","repealed":"No","ulurpcpnum":"none","ll_sec":"35","intro_year":"2007","lleffect_dt":"06/14/2007","borough":"Bronx","feat_type":"Intersection name"},"geometry":{"type":"Point","coordinates":[-73.90648228170446,40.84673264570469]}},{"type":"Feature","properties":{"ll_type":"Honorary","intro_num":"0556","ll_limits":"Underneath the St. Paul’s Avenue street sign at the northeast corner of Cebra Avenue","intro_month":"4","amend_dt":null,"limits_er":null,"intro_day":"12","repeal_dt":null,"amendt_txt":null,"official_nm":"None","old_name":"None","amdyrllsec":null,"amended":"No","honor_name":"Crossing Guard Joan Rice Way","ll_num":"028","repealed":"No","ulurpcpnum":"none","ll_sec":"42","intro_year":"2007","lleffect_dt":"06/14/2007","borough":"Staten Island","feat_type":"Intersection name"},"geometry":{"type":"Point","coordinates":[-74.0813862617008,40.63044307599643]}},{"type":"Feature","properties":{"ll_type":"Honorary","intro_num":"0556","ll_limits":"At the intersections of Dwight and Delavan Streets","intro_month":"4","amend_dt":null,"limits_er":null,"intro_day":"12","repeal_dt":null,"amendt_txt":null,"official_nm":"None","old_name":"None","amdyrllsec":null,"amended":"No","honor_name":"Red Hook Lane: Heritage Trail","ll_num":"028","repealed":"No","ulurpcpnum":"none","ll_sec":"49","intro_year":"2007","lleffect_dt":"06/14/2007","borough":"Brooklyn","feat_type":"Intersection name"},"geometry":{"type":"Point","coordinates":[-74.00618509197128,40.67848507110712]}},{"type":"Feature","properties":{"ll_type":"Honorary","intro_num":"0556","ll_limits":"At the intersections of Dwight and Verona Streets","intro_month":"4","amend_dt":null,"limits_er":null,"intro_day":"12","repeal_dt":null,"amendt_txt":null,"official_nm":"None","old_name":"None","amdyrllsec":null,"amended":"No","honor_name":"Red Hook Lane: Heritage Trail","ll_num":"028","repealed":"No","ulurpcpnum":"none","ll_sec":"49","intro_year":"2007","lleffect_dt":"06/14/2007","borough":"Brooklyn","feat_type":"Intersection name"},"geometry":{"type":"Point","coordinates":[-74.00679656261016,40.67794444872874]}},{"type":"Feature","properties":{"ll_type":"Honorary","intro_num":"0556","ll_limits":"Midpoint of Dwight Street between Verona and Walcott Streets","intro_month":"4","amend_dt":null,"limits_er":null,"intro_day":"12","repeal_dt":null,"amendt_txt":null,"official_nm":"None","old_name":"None","amdyrllsec":null,"amended":"No","honor_name":"Red Hook Lane: Heritage Trail","ll_num":"028","repealed":"No","ulurpcpnum":"none","ll_sec":"49","intro_year":"2007","lleffect_dt":"06/14/2007","borough":"Brooklyn","feat_type":"Intersection name"},"geometry":{"type":"Point","coordinates":[-74.00835862544407,40.67662190407902]}},{"type":"Feature","properties":{"ll_type":"Honorary","intro_num":"0556","ll_limits":"At the intersections of Dwight and Wolcott Streets","intro_month":"4","amend_dt":null,"limits_er":null,"intro_day":"12","repeal_dt":null,"amendt_txt":null,"official_nm":"None","old_name":"None","amdyrllsec":null,"amended":"No","honor_name":"Red Hook Lane: Heritage Trail","ll_num":"028","repealed":"No","ulurpcpnum":"none","ll_sec":"49","intro_year":"2007","lleffect_dt":"06/14/2007","borough":"Brooklyn","feat_type":"Intersection name"},"geometry":{"type":"Point","coordinates":[-74.00992062632471,40.67529933801085]}},{"type":"Feature","properties":{"ll_type":"Honorary","intro_num":"0556","ll_limits":"At the intersections of Richards and Wolcott Streets","intro_month":"4","amend_dt":null,"limits_er":null,"intro_day":"12","repeal_dt":null,"amendt_txt":null,"official_nm":"None","old_name":"None","amdyrllsec":null,"amended":"No","honor_name":"Red Hook Lane: Heritage Trail","ll_num":"028","repealed":"No","ulurpcpnum":"none","ll_sec":"49","intro_year":"2007","lleffect_dt":"06/14/2007","borough":"Brooklyn","feat_type":"Intersection name"},"geometry":{"type":"Point","coordinates":[-74.01141247257515,40.67631847440453]}},{"type":"Feature","properties":{"ll_type":"Honorary","intro_num":"0556","ll_limits":"At the intersections of Van Brunt and Wolcott Streets","intro_month":"4","amend_dt":null,"limits_er":null,"intro_day":"12","repeal_dt":null,"amendt_txt":null,"official_nm":"None","old_name":"None","amdyrllsec":null,"amended":"No","honor_name":"Red Hook Lane: Heritage Trail","ll_num":"028","repealed":"No","ulurpcpnum":"none","ll_sec":"49","intro_year":"2007","lleffect_dt":"06/14/2007","borough":"Brooklyn","feat_type":"Intersection name"},"geometry":{"type":"Point","coordinates":[-74.0129279258009,40.67732999734478]}},{"type":"Feature","properties":{"ll_type":"Honorary","intro_num":"0556","ll_limits":"At the intersections of Conover and Wolcott Streets","intro_month":"4","amend_dt":null,"limits_er":null,"intro_day":"12","repeal_dt":null,"amendt_txt":null,"official_nm":"None","old_name":"None","amdyrllsec":null,"amended":"No","honor_name":"Red Hook Lane: Heritage Trail","ll_num":"028","repealed":"No","ulurpcpnum":"none","ll_sec":"49","intro_year":"2007","lleffect_dt":"06/14/2007","borough":"Brooklyn","feat_type":"Intersection name"},"geometry":{"type":"Point","coordinates":[-74.01415223379126,40.678161685619564]}},{"type":"Feature","properties":{"ll_type":"Honorary","intro_num":"0556","ll_limits":"At the intersections of Conover and Dikeman Streets","intro_month":"4","amend_dt":null,"limits_er":null,"intro_day":"12","repeal_dt":null,"amendt_txt":null,"official_nm":"None","old_name":"None","amdyrllsec":null,"amended":"No","honor_name":"Red Hook Lane: Heritage Trail","ll_num":"028","repealed":"No","ulurpcpnum":"none","ll_sec":"49","intro_year":"2007","lleffect_dt":"06/14/2007","borough":"Brooklyn","feat_type":"Intersection name"},"geometry":{"type":"Point","coordinates":[-74.014777192658,40.67762936691216]}},{"type":"Feature","properties":{"ll_type":"Honorary","intro_num":"0556","ll_limits":"At the intersections of Conover and Coffey Streets","intro_month":"4","amend_dt":null,"limits_er":null,"intro_day":"12","repeal_dt":null,"amendt_txt":null,"official_nm":"None","old_name":"None","amdyrllsec":null,"amended":"No","honor_name":"Red Hook Lane: Heritage Trail","ll_num":"028","repealed":"No","ulurpcpnum":"none","ll_sec":"49","intro_year":"2007","lleffect_dt":"06/14/2007","borough":"Brooklyn","feat_type":"Intersection name"},"geometry":{"type":"Point","coordinates":[-74.01540065257275,40.677097837428015]}},{"type":"Feature","properties":{"ll_type":"Honorary","intro_num":"0556","ll_limits":"At the intersections of Coffey and Ferris Streets","intro_month":"4","amend_dt":null,"limits_er":null,"intro_day":"12","repeal_dt":null,"amendt_txt":null,"official_nm":"None","old_name":"None","amdyrllsec":null,"amended":"No","honor_name":"Red Hook Lane: Heritage Trail","ll_num":"028","repealed":"No","ulurpcpnum":"none","ll_sec":"49","intro_year":"2007","lleffect_dt":"06/14/2007","borough":"Brooklyn","feat_type":"Intersection name"},"geometry":{"type":"Point","coordinates":[-74.01690346029051,40.67812322256136]}},{"type":"Feature","properties":{"ll_type":"Honorary","intro_num":"0556","ll_limits":"On the northwest corner of Palmetto Street and Wilson Avenue","intro_month":"4","amend_dt":null,"limits_er":null,"intro_day":"12","repeal_dt":null,"amendt_txt":null,"official_nm":"None","old_name":"None","amdyrllsec":null,"amended":"No","honor_name":"Marlene Rivera Walk NYPD Police Officer","ll_num":"028","repealed":"No","ulurpcpnum":"none","ll_sec":"50","intro_year":"2007","lleffect_dt":"06/14/2007","borough":"Brooklyn","feat_type":"Intersection name"},"geometry":{"type":"Point","coordinates":[-73.91557475099053,40.69504670535248]}},{"type":"Feature","properties":{"ll_type":"Honorary","intro_num":"0556","ll_limits":"Northwest corner of West 53rd Street and 8th Avenue","intro_month":"4","amend_dt":null,"limits_er":null,"intro_day":"12","repeal_dt":null,"amendt_txt":null,"official_nm":"None","old_name":"None","amdyrllsec":null,"amended":"No","honor_name":"Jerry Orbach Way","ll_num":"028","repealed":"No","ulurpcpnum":"none","ll_sec":"51","intro_year":"2007","lleffect_dt":"06/14/2007","borough":"Manhattan","feat_type":"Intersection name"},"geometry":{"type":"Point","coordinates":[-73.98484053007454,40.76430133432714]}},{"type":"Feature","properties":{"ll_type":"Honorary","intro_num":"0565","ll_limits":"the intersection of West 73rd Street and Amsterdam Avenue","intro_month":"9","amend_dt":null,"limits_er":null,"intro_day":"30","repeal_dt":null,"amendt_txt":null,"official_nm":"None","old_name":"None","amdyrllsec":null,"amended":"No","honor_name":"Firefighter Kevin Bracken Corner","ll_num":"062","repealed":"No","ulurpcpnum":"none","ll_sec":"8","intro_year":"2003","lleffect_dt":"10/20/2003","borough":"Manhattan","feat_type":"Intersection name"},"geometry":{"type":"Point","coordinates":[-73.98113503632997,40.779291386699626]}},{"type":"Feature","properties":{"ll_type":"Honorary","intro_num":"0565","ll_limits":"the southwest corner of the intersection of Bay Parkway and Avenue P","intro_month":"9","amend_dt":null,"limits_er":null,"intro_day":"30","repeal_dt":null,"amendt_txt":null,"official_nm":"None","old_name":"None","amdyrllsec":null,"amended":"No","honor_name":"Frank Pershep Way","ll_num":"062","repealed":"No","ulurpcpnum":"none","ll_sec":"9","intro_year":"2003","lleffect_dt":"10/20/2003","borough":"Brooklyn","feat_type":"Corner name"},"geometry":{"type":"Point","coordinates":[-73.98874634310222,40.60702042079336]}},{"type":"Feature","properties":{"ll_type":"Honorary","intro_num":"0565","ll_limits":"the southwest corner of the intersection of Avenue M and Ocean Parkway","intro_month":"9","amend_dt":null,"limits_er":null,"intro_day":"30","repeal_dt":null,"amendt_txt":null,"official_nm":"None","old_name":"None","amdyrllsec":null,"amended":"No","honor_name":"William \"Bill\" Bernstein Parkway","ll_num":"062","repealed":"No","ulurpcpnum":"none","ll_sec":"10","intro_year":"2003","lleffect_dt":"10/20/2003","borough":"Brooklyn","feat_type":"Corner name"},"geometry":{"type":"Point","coordinates":[-73.96946028820598,40.61686112092892]}},{"type":"Feature","properties":{"ll_type":"Honorary","intro_num":"0565","ll_limits":"the southeast corner of the intersection of East 34th Street and Avenue R","intro_month":"9","amend_dt":null,"limits_er":null,"intro_day":"30","repeal_dt":null,"amendt_txt":null,"official_nm":"None","old_name":"None","amdyrllsec":null,"amended":"No","honor_name":"Fire Captain Timothy Stackpole Corner","ll_num":"062","repealed":"No","ulurpcpnum":"none","ll_sec":"12","intro_year":"2003","lleffect_dt":"10/20/2003","borough":"Brooklyn","feat_type":"Corner name"},"geometry":{"type":"Point","coordinates":[-73.93626980103444,40.61204316971158]}},{"type":"Feature","properties":{"ll_type":"Honorary","intro_num":"0565","ll_limits":"the intersection of 76th Street and Eliot Avenue","intro_month":"9","amend_dt":null,"limits_er":null,"intro_day":"30","repeal_dt":null,"amendt_txt":null,"official_nm":"None","old_name":"None","amdyrllsec":null,"amended":"No","honor_name":"Kenneth C. Ledee Place","ll_num":"062","repealed":"No","ulurpcpnum":"none","ll_sec":"13","intro_year":"2003","lleffect_dt":"10/20/2003","borough":"Queens","feat_type":"Intersection name"},"geometry":{"type":"Point","coordinates":[-73.88323546370718,40.72313700664694]}},{"type":"Feature","properties":{"ll_type":"Honorary","intro_num":"0565","ll_limits":"the intersection of Sleight Avenue and Amboy Road","intro_month":"9","amend_dt":null,"limits_er":null,"intro_day":"30","repeal_dt":null,"amendt_txt":null,"official_nm":"None","old_name":"None","amdyrllsec":null,"amended":"No","honor_name":"Firefighter Gary Geidel, Rescue Co. 1, FDNY Avenue","ll_num":"062","repealed":"No","ulurpcpnum":"none","ll_sec":"19","intro_year":"2003","lleffect_dt":"10/20/2003","borough":"Staten Island","feat_type":"Intersection name"},"geometry":{"type":"Point","coordinates":[-74.24241026713047,40.510593262304184]}},{"type":"Feature","properties":{"ll_type":"Honorary","intro_num":"0565","ll_limits":"the northwest corner of the intersection of Slosson Avenue and Martling Avenue","intro_month":"9","amend_dt":null,"limits_er":null,"intro_day":"30","repeal_dt":null,"amendt_txt":null,"official_nm":"None","old_name":"None","amdyrllsec":null,"amended":"No","honor_name":"Steven Lauria Avenue","ll_num":"062","repealed":"No","ulurpcpnum":"none","ll_sec":"25","intro_year":"2003","lleffect_dt":"10/20/2003","borough":"Staten Island","feat_type":"Corner name"},"geometry":{"type":"Point","coordinates":[-74.11984536088026,40.62180924135364]}},{"type":"Feature","properties":{"ll_type":"Honorary","intro_num":"0565","ll_limits":"the northeast corner of the intersection of St. Patrick’s Place and Center Street","intro_month":"9","amend_dt":null,"limits_er":null,"intro_day":"30","repeal_dt":null,"amendt_txt":null,"official_nm":"None","old_name":"None","amdyrllsec":null,"amended":"No","honor_name":"Firefighter John K. McAvoy Street","ll_num":"062","repealed":"No","ulurpcpnum":"none","ll_sec":"26","intro_year":"2003","lleffect_dt":"10/20/2003","borough":"Staten Island","feat_type":"Corner name"},"geometry":{"type":"Point","coordinates":[-74.14398478645043,40.571382225033986]}},{"type":"Feature","properties":{"ll_type":"Honorary","intro_num":"0565","ll_limits":"the northeast corner of the intersection of Escanaba Avenue and Lamoka Avenue","intro_month":"9","amend_dt":null,"limits_er":null,"intro_day":"30","repeal_dt":null,"amendt_txt":null,"official_nm":"None","old_name":"None","amdyrllsec":null,"amended":"No","honor_name":"Jennifer Lynn Tzemis Avenue","ll_num":"062","repealed":"No","ulurpcpnum":"none","ll_sec":"27","intro_year":"2003","lleffect_dt":"10/20/2003","borough":"Staten Island","feat_type":"Corner name"},"geometry":{"type":"Point","coordinates":[-74.15919882767929,40.549789443360886]}},{"type":"Feature","properties":{"ll_type":"Honorary","intro_num":"0565","ll_limits":"the northeast corner of the intersection of Hylan Boulevard and Sprague Avenue","intro_month":"9","amend_dt":null,"limits_er":null,"intro_day":"30","repeal_dt":null,"amendt_txt":null,"official_nm":"None","old_name":"None","amdyrllsec":null,"amended":"No","honor_name":"Scott M. McGovern Avenue","ll_num":"062","repealed":"No","ulurpcpnum":"none","ll_sec":"29","intro_year":"2003","lleffect_dt":"10/20/2003","borough":"Staten Island","feat_type":"Corner name"},"geometry":{"type":"Point","coordinates":[-74.23811597844346,40.505671008900485]}},{"type":"Feature","properties":{"ll_type":"Honorary","intro_num":"0565","ll_limits":"the southeast corner of the intersection of Davis Avenue and Delafield Place","intro_month":"9","amend_dt":null,"limits_er":null,"intro_day":"30","repeal_dt":null,"amendt_txt":null,"official_nm":"None","old_name":"None","amdyrllsec":null,"amended":"No","honor_name":"Firefighter Thomas W. Kelly Way","ll_num":"062","repealed":"No","ulurpcpnum":"none","ll_sec":"32","intro_year":"2003","lleffect_dt":"10/20/2003","borough":"Staten Island","feat_type":"Corner name"},"geometry":{"type":"Point","coordinates":[-74.11055225994767,40.64376475419958]}},{"type":"Feature","properties":{"ll_type":"Honorary","intro_num":"0565","ll_limits":"the southeast corner of the intersection of Lander Avenue and Richmond Avenue","intro_month":"9","amend_dt":null,"limits_er":null,"intro_day":"30","repeal_dt":null,"amendt_txt":null,"official_nm":"None","old_name":"None","amdyrllsec":null,"amended":"No","honor_name":"Firefighter Richard J. Kelly Jr. Way","ll_num":"062","repealed":"No","ulurpcpnum":"none","ll_sec":"33","intro_year":"2003","lleffect_dt":"10/20/2003","borough":"Staten Island","feat_type":"Corner name"},"geometry":{"type":"Point","coordinates":[-74.15861618176181,40.61288875980646]}},{"type":"Feature","properties":{"ll_type":"Honorary","intro_num":"0565","ll_limits":"the southeast corner of the intersection of Ocean Terrace and Portsmouth Avenue","intro_month":"9","amend_dt":null,"limits_er":null,"intro_day":"30","repeal_dt":null,"amendt_txt":null,"official_nm":"None","old_name":"None","amdyrllsec":null,"amended":"No","honor_name":"Angela Susan Scheinberg Way","ll_num":"062","repealed":"No","ulurpcpnum":"none","ll_sec":"34","intro_year":"2003","lleffect_dt":"10/20/2003","borough":"Staten Island","feat_type":"Corner name"},"geometry":{"type":"Point","coordinates":[-74.10186350447613,40.604741802425615]}},{"type":"Feature","properties":{"ll_type":"Honorary","intro_num":"0565","ll_limits":"the southeast corner of Dongan Street and Manor Road","intro_month":"9","amend_dt":null,"limits_er":null,"intro_day":"30","repeal_dt":null,"amendt_txt":null,"official_nm":"None","old_name":"None","amdyrllsec":null,"amended":"No","honor_name":"Lillian Caceres Way","ll_num":"062","repealed":"No","ulurpcpnum":"none","ll_sec":"35","intro_year":"2003","lleffect_dt":"10/20/2003","borough":"Staten Island","feat_type":"Corner name"},"geometry":{"type":"Point","coordinates":[-74.12251081676855,40.61455372702617]}},{"type":"Feature","properties":{"ll_type":"Honorary","intro_num":"0565","ll_limits":"the intersection of Allison Avenue and 7th Street","intro_month":"9","amend_dt":null,"limits_er":null,"intro_day":"30","repeal_dt":null,"amendt_txt":null,"official_nm":"None","old_name":"None","amdyrllsec":null,"amended":"No","honor_name":"Firefighter Jeff Palazzo Place","ll_num":"062","repealed":"No","ulurpcpnum":"none","ll_sec":"37","intro_year":"2003","lleffect_dt":"10/20/2003","borough":"Staten Island","feat_type":"Intersection name"},"geometry":{"type":"Point","coordinates":[-74.12007773872297,40.570013264950006]}},{"type":"Feature","properties":{"ll_type":"Honorary","intro_num":"0565","ll_limits":"the intersection of Victory Boulevard and Wild Avenue","intro_month":"9","amend_dt":null,"limits_er":null,"intro_day":"30","repeal_dt":null,"amendt_txt":null,"official_nm":"None","old_name":"None","amdyrllsec":null,"amended":"No","honor_name":"Rosemary Ann Smith Place","ll_num":"062","repealed":"No","ulurpcpnum":"none","ll_sec":"38","intro_year":"2003","lleffect_dt":"10/20/2003","borough":"Staten Island","feat_type":"Intersection name"},"geometry":{"type":"Point","coordinates":[-74.19864916444924,40.58707725503964]}},{"type":"Feature","properties":{"ll_type":"Honorary","intro_num":"0565","ll_limits":"the southwest corner of the intersection of Jefferson Avenue and Husson Street","intro_month":"9","amend_dt":null,"limits_er":null,"intro_day":"30","repeal_dt":"5/5/2004","amendt_txt":null,"official_nm":"None","old_name":"None","amdyrllsec":null,"amended":"No","honor_name":"Patricia A. Kuras Way","ll_num":"062","repealed":"Yes","ulurpcpnum":"none","ll_sec":"39","intro_year":"2003","lleffect_dt":"10/20/2003","borough":"Staten Island","feat_type":"Corner name"},"geometry":{"type":"Point","coordinates":[-74.10074434249788,40.582707500645455]}},{"type":"Feature","properties":{"ll_type":"Honorary","intro_num":"0565","ll_limits":"the northeast corner of the intersection of Bradley Avenue and Holden Boulevard","intro_month":"9","amend_dt":null,"limits_er":null,"intro_day":"30","repeal_dt":null,"amendt_txt":null,"official_nm":"None","old_name":"None","amdyrllsec":null,"amended":"No","honor_name":"Denise L. Benedetto Place","ll_num":"062","repealed":"No","ulurpcpnum":"none","ll_sec":"41","intro_year":"2003","lleffect_dt":"10/20/2003","borough":"Staten Island","feat_type":"Corner name"},"geometry":{"type":"Point","coordinates":[-74.1314833098279,40.60386826348782]}},{"type":"Feature","properties":{"ll_type":"Honorary","intro_num":"0565","ll_limits":"the northeast corner of the intersection of Rhine Avenue and Clove Road","intro_month":"9","amend_dt":null,"limits_er":null,"intro_day":"30","repeal_dt":null,"amendt_txt":null,"official_nm":"None","old_name":"None","amdyrllsec":null,"amended":"No","honor_name":"Firefighter Allan Tarasiewicz Corner","ll_num":"062","repealed":"No","ulurpcpnum":"none","ll_sec":"42","intro_year":"2003","lleffect_dt":"10/20/2003","borough":"Staten Island","feat_type":"Corner name"},"geometry":{"type":"Point","coordinates":[-74.0900931921901,40.60813012073181]}},{"type":"Feature","properties":{"ll_type":"Honorary","intro_num":"0565","ll_limits":"the intersection of Livingston Avenue and Holden Boulevard","intro_month":"9","amend_dt":null,"limits_er":null,"intro_day":"30","repeal_dt":null,"amendt_txt":null,"official_nm":"None","old_name":"None","amdyrllsec":null,"amended":"No","honor_name":"Firefighter Anthony Rodriguez Avenue","ll_num":"062","repealed":"No","ulurpcpnum":"none","ll_sec":"43","intro_year":"2003","lleffect_dt":"10/20/2003","borough":"Staten Island","feat_type":"Intersection name"},"geometry":{"type":"Point","coordinates":[-74.1288402223142,40.60404114140421]}},{"type":"Feature","properties":{"ll_type":"Honorary","intro_num":"0565","ll_limits":"the intersection of Upton Street and Sparkhill Avenue","intro_month":"9","amend_dt":null,"limits_er":null,"intro_day":"30","repeal_dt":null,"amendt_txt":null,"official_nm":"None","old_name":"None","amdyrllsec":null,"amended":"No","honor_name":"Firefighter Brian Cannizzaro Way","ll_num":"062","repealed":"No","ulurpcpnum":"none","ll_sec":"44","intro_year":"2003","lleffect_dt":"10/20/2003","borough":"Staten Island","feat_type":"Intersection name"},"geometry":{"type":"Point","coordinates":[-74.09621312724711,40.60083732826686]}},{"type":"Feature","properties":{"ll_type":"Honorary","intro_num":"0565","ll_limits":"the intersection of Locust Avenue and Clawson Street","intro_month":"9","amend_dt":null,"limits_er":null,"intro_day":"30","repeal_dt":null,"amendt_txt":null,"official_nm":"None","old_name":"None","amdyrllsec":null,"amended":"No","honor_name":"Lt. Harvey Harrell Corner, FDNY","ll_num":"062","repealed":"No","ulurpcpnum":"none","ll_sec":"45","intro_year":"2003","lleffect_dt":"10/20/2003","borough":"Staten Island","feat_type":"Intersection name"},"geometry":{"type":"Point","coordinates":[-74.10956285810525,40.57375070734457]}},{"type":"Feature","properties":{"ll_type":"Honorary","intro_num":"0565","ll_limits":"the intersection of Hunter Avenue and Patterson Avenue","intro_month":"9","amend_dt":null,"limits_er":null,"intro_day":"30","repeal_dt":"5/5/2004","amendt_txt":null,"official_nm":"None","old_name":"None","amdyrllsec":null,"amended":"No","honor_name":"Lt. Stephen Harrell Way, FDNY","ll_num":"062","repealed":"Yes","ulurpcpnum":"none","ll_sec":"46","intro_year":"2003","lleffect_dt":"10/20/2003","borough":"Staten Island","feat_type":"Intersection name"},"geometry":{"type":"Point","coordinates":[-74.08886977629436,40.57372323781929]}},{"type":"Feature","properties":{"ll_type":"Honorary","intro_num":"0565","ll_limits":"the intersection of Avenue T and West 13th Street","intro_month":"9","amend_dt":null,"limits_er":null,"intro_day":"30","repeal_dt":null,"amendt_txt":null,"official_nm":"None","old_name":"None","amdyrllsec":null,"amended":"No","honor_name":"Laura Gilly Way","ll_num":"062","repealed":"No","ulurpcpnum":"none","ll_sec":"47","intro_year":"2003","lleffect_dt":"10/20/2003","borough":"Brooklyn","feat_type":"Intersection name"},"geometry":{"type":"Point","coordinates":[-73.98449382881773,40.59803845190535]}},{"type":"Feature","properties":{"ll_type":"Honorary","intro_num":"0565","ll_limits":"the intersection of 173rd Street and Morris Avenue","intro_month":"9","amend_dt":null,"limits_er":null,"intro_day":"30","repeal_dt":null,"amendt_txt":null,"official_nm":"None","old_name":"None","amdyrllsec":null,"amended":"No","honor_name":"Rev. Randolph Barnes, Jr. Place","ll_num":"062","repealed":"No","ulurpcpnum":"none","ll_sec":"60","intro_year":"2003","lleffect_dt":"10/20/2003","borough":"Bronx","feat_type":"Intersection name"},"geometry":{"type":"Point","coordinates":[-73.90946284650731,40.84377953382251]}},{"type":"Feature","properties":{"ll_type":"Honorary","intro_num":"0565","ll_limits":"the southeast corner of the intersection of Ovington Avenue and 4th Avenue","intro_month":"9","amend_dt":null,"limits_er":null,"intro_day":"30","repeal_dt":null,"amendt_txt":null,"official_nm":"None","old_name":"None","amdyrllsec":null,"amended":"No","honor_name":"Bay Ridge United Methodist Church Corner","ll_num":"062","repealed":"No","ulurpcpnum":"none","ll_sec":"62","intro_year":"2003","lleffect_dt":"10/20/2003","borough":"Brooklyn","feat_type":"Corner name"},"geometry":{"type":"Point","coordinates":[-74.02377479338004,40.63358271430267]}},{"type":"Feature","properties":{"ll_type":"Honorary","intro_num":"0565","ll_limits":"the intersection of 97th Street and Fort Hamilton Parkway","intro_month":"9","amend_dt":null,"limits_er":null,"intro_day":"30","repeal_dt":null,"amendt_txt":null,"official_nm":"None","old_name":"None","amdyrllsec":null,"amended":"No","honor_name":"Joe Imbriale Corner","ll_num":"062","repealed":"No","ulurpcpnum":"none","ll_sec":"63","intro_year":"2003","lleffect_dt":"10/20/2003","borough":"Brooklyn","feat_type":"Intersection name"},"geometry":{"type":"Point","coordinates":[-74.0301641669291,40.61392701130069]}},{"type":"Feature","properties":{"ll_type":"Honorary","intro_num":"0565","ll_limits":"the intersection of Carlton  Court and Drumgoole Road West","intro_month":"9","amend_dt":null,"limits_er":null,"intro_day":"30","repeal_dt":null,"amendt_txt":null,"official_nm":"None","old_name":"None","amdyrllsec":null,"amended":"No","honor_name":"Police Officer John M. Kelly Way","ll_num":"062","repealed":"No","ulurpcpnum":"none","ll_sec":"68","intro_year":"2003","lleffect_dt":"10/20/2003","borough":"Staten Island","feat_type":"Intersection name"},"geometry":{"type":"Point","coordinates":[-74.19616557525832,40.5351684231095]}},{"type":"Feature","properties":{"ll_type":"Honorary","intro_num":"0565","ll_limits":"the intersection of Richmond Road and Todt Hill Road","intro_month":"9","amend_dt":null,"limits_er":null,"intro_day":"30","repeal_dt":null,"amendt_txt":null,"official_nm":"None","old_name":"None","amdyrllsec":null,"amended":"No","honor_name":"P.O. Thomas Schimenti Jr. Corner","ll_num":"062","repealed":"No","ulurpcpnum":"none","ll_sec":"71","intro_year":"2003","lleffect_dt":"10/20/2003","borough":"Staten Island","feat_type":"Intersection name"},"geometry":{"type":"Point","coordinates":[-74.11394959809326,40.580041415734094]}},{"type":"Feature","properties":{"ll_type":"Honorary","intro_num":"0565","ll_limits":"the intersection of Cedar Grove Avenue and Garibaldid Avenue","intro_month":"9","amend_dt":null,"limits_er":null,"intro_day":"30","repeal_dt":null,"amendt_txt":null,"official_nm":"None","old_name":"None","amdyrllsec":null,"amended":"No","honor_name":"Deacon Ross Calimano Corner","ll_num":"062","repealed":"No","ulurpcpnum":"none","ll_sec":"72","intro_year":"2003","lleffect_dt":"10/20/2003","borough":"Staten Island","feat_type":"Intersection name"},"geometry":{"type":"Point","coordinates":[-74.10027053987194,40.56154646422893]}},{"type":"Feature","properties":{"ll_type":"Honorary","intro_num":"0613","ll_limits":"Corner of 86th Street and 89th Avenue","intro_month":"4","amend_dt":null,"limits_er":null,"intro_day":"12","repeal_dt":null,"amendt_txt":null,"official_nm":"None","old_name":"None","amdyrllsec":null,"amended":"No","honor_name":"Firefighter Lt. Robert F. Wallace Street","ll_num":"043","repealed":"No","ulurpcpnum":"none","ll_sec":"1","intro_year":"2005","lleffect_dt":"05/09/2005","borough":"Queens","feat_type":"Intersection name"},"geometry":{"type":"Point","coordinates":[-73.85705815990521,40.68957436089156]}},{"type":"Feature","properties":{"ll_type":"Honorary","intro_num":"0613","ll_limits":"NE corner of 80th Street and 11th Avenue","intro_month":"4","amend_dt":null,"limits_er":null,"intro_day":"12","repeal_dt":null,"amendt_txt":null,"official_nm":"None","old_name":"None","amdyrllsec":null,"amended":"No","honor_name":"Richard M. Caggiano 9-11 Memorial Way","ll_num":"043","repealed":"No","ulurpcpnum":"none","ll_sec":"6","intro_year":"2005","lleffect_dt":"05/09/2005","borough":"Brooklyn","feat_type":"Intersection name"},"geometry":{"type":"Point","coordinates":[-74.01460763318488,40.62012416117467]}},{"type":"Feature","properties":{"ll_type":"Honorary","intro_num":"0613","ll_limits":"NE corner of West 215th Street and Broadway","intro_month":"4","amend_dt":null,"limits_er":null,"intro_day":"12","repeal_dt":null,"amendt_txt":null,"official_nm":"None","old_name":"None","amdyrllsec":null,"amended":"No","honor_name":"P.O. Donald J. McIntyre Way","ll_num":"043","repealed":"No","ulurpcpnum":"none","ll_sec":"8","intro_year":"2005","lleffect_dt":"05/09/2005","borough":"Manhattan","feat_type":"Intersection name"},"geometry":{"type":"Point","coordinates":[-73.9155805961025,40.8698743219405]}},{"type":"Feature","properties":{"ll_type":"Honorary","intro_num":"0613","ll_limits":"SW corner of Franklin \t\tAvenue and Fillmore Street","intro_month":"4","amend_dt":null,"limits_er":null,"intro_day":"12","repeal_dt":null,"amendt_txt":null,"official_nm":"None","old_name":"None","amdyrllsec":null,"amended":"No","honor_name":"Christ Church Way","ll_num":"043","repealed":"No","ulurpcpnum":"none","ll_sec":"14","intro_year":"2005","lleffect_dt":"05/09/2005","borough":"Staten Island","feat_type":"Intersection name"},"geometry":{"type":"Point","coordinates":[-74.0925006104948,40.64396585290434]}},{"type":"Feature","properties":{"ll_type":"Honorary","intro_num":"0613","ll_limits":"Corner of Bay 20th \t\tStreet and Bath Avenue","intro_month":"4","amend_dt":null,"limits_er":null,"intro_day":"12","repeal_dt":null,"amendt_txt":null,"official_nm":"None","old_name":"None","amdyrllsec":null,"amended":"No","honor_name":"Rachel “Frenchie” Paliseno Way","ll_num":"043","repealed":"No","ulurpcpnum":"none","ll_sec":"26","intro_year":"2005","lleffect_dt":"05/09/2005","borough":"Brooklyn","feat_type":"Intersection name"},"geometry":{"type":"Point","coordinates":[-74.00463512753628,40.60307864586834]}},{"type":"Feature","properties":{"ll_type":"Honorary","intro_num":"0613","ll_limits":"NW corner of Amboy Road and Tysens Lane","intro_month":"4","amend_dt":null,"limits_er":null,"intro_day":"12","repeal_dt":null,"amendt_txt":null,"official_nm":"None","old_name":"None","amdyrllsec":null,"amended":"No","honor_name":"Maria Y. Sollitto Boulevard","ll_num":"043","repealed":"No","ulurpcpnum":"none","ll_sec":"28","intro_year":"2005","lleffect_dt":"05/09/2005","borough":"Staten Island","feat_type":"Intersection name"},"geometry":{"type":"Point","coordinates":[-74.12492011708626,40.569067469482924]}},{"type":"Feature","properties":{"ll_type":"Honorary","intro_num":"0613","ll_limits":"SE corner of 77th Streets and Narrows Avenue","intro_month":"4","amend_dt":null,"limits_er":null,"intro_day":"12","repeal_dt":null,"amendt_txt":null,"official_nm":"None","old_name":"None","amdyrllsec":null,"amended":"No","honor_name":"Charles & Margaret Collins Way","ll_num":"043","repealed":"No","ulurpcpnum":"none","ll_sec":"31","intro_year":"2005","lleffect_dt":"05/09/2005","borough":"Brooklyn","feat_type":"Intersection name"},"geometry":{"type":"Point","coordinates":[-74.03632983663985,40.631808951527326]}},{"type":"Feature","properties":{"ll_type":"Honorary","intro_num":"0613","ll_limits":"NE corner of Bay 22nd Street and Bath Avenue","intro_month":"4","amend_dt":null,"limits_er":null,"intro_day":"12","repeal_dt":null,"amendt_txt":null,"official_nm":"None","old_name":"None","amdyrllsec":null,"amended":"No","honor_name":"P.O. David A. Regan Way","ll_num":"043","repealed":"No","ulurpcpnum":"none","ll_sec":"32","intro_year":"2005","lleffect_dt":"05/09/2005","borough":"Brooklyn","feat_type":"Intersection name"},"geometry":{"type":"Point","coordinates":[-74.00290050408923,40.60229997990912]}},{"type":"Feature","properties":{"ll_type":"Honorary","intro_num":"0613","ll_limits":"Corner of Walton Avenue and 177th Street","intro_month":"4","amend_dt":null,"limits_er":null,"intro_day":"12","repeal_dt":null,"amendt_txt":null,"official_nm":"None","old_name":"None","amdyrllsec":null,"amended":"No","honor_name":"The Leona Clardy Way","ll_num":"043","repealed":"No","ulurpcpnum":"none","ll_sec":"33","intro_year":"2005","lleffect_dt":"05/09/2005","borough":"Bronx","feat_type":"Intersection name"},"geometry":{"type":"Point","coordinates":[-73.9091758817273,40.849899101334834]}},{"type":"Feature","properties":{"ll_type":"Honorary","intro_num":"0613","ll_limits":"Corner of City Island Avenue and Carroll Street","intro_month":"4","amend_dt":null,"limits_er":null,"intro_day":"12","repeal_dt":null,"amendt_txt":null,"official_nm":"None","old_name":"None","amdyrllsec":null,"amended":"No","honor_name":"Police Officer Pasquale Venturelli Corner","ll_num":"043","repealed":"No","ulurpcpnum":"none","ll_sec":"39","intro_year":"2005","lleffect_dt":"05/09/2005","borough":"Bronx","feat_type":"Intersection name"},"geometry":{"type":"Point","coordinates":[-73.78595258617501,40.84583191771576]}},{"type":"Feature","properties":{"ll_type":"Honorary","intro_num":"0613","ll_limits":"Corner of Wolverine Street and Wilder Avenue","intro_month":"4","amend_dt":null,"limits_er":null,"intro_day":"12","repeal_dt":null,"amendt_txt":null,"official_nm":"None","old_name":"None","amdyrllsec":null,"amended":"No","honor_name":"P.O. John J. Darcy Way","ll_num":"043","repealed":"No","ulurpcpnum":"none","ll_sec":"41","intro_year":"2005","lleffect_dt":"05/09/2005","borough":"Staten Island","feat_type":"Intersection name"},"geometry":{"type":"Point","coordinates":[-74.13374090147079,40.56755105377631]}},{"type":"Feature","properties":{"ll_type":"Honorary","intro_num":"0613","ll_limits":"SE corner of Richmond Terrace and Schuyler Street","intro_month":"4","amend_dt":null,"limits_er":null,"intro_day":"12","repeal_dt":null,"amendt_txt":null,"official_nm":"None","old_name":"None","amdyrllsec":null,"amended":"No","honor_name":"Supreme Court Justice John Leone Way","ll_num":"043","repealed":"No","ulurpcpnum":"none","ll_sec":"43","intro_year":"2005","lleffect_dt":"05/09/2005","borough":"Staten Island","feat_type":"Intersection name"},"geometry":{"type":"Point","coordinates":[-74.07594216051055,40.643502296080385]}},{"type":"Feature","properties":{"ll_type":"Honorary","intro_num":"0746","ll_limits":"SW corner of West 207th Street and Seaman Avenue","intro_month":"11","amend_dt":null,"limits_er":null,"intro_day":"16","repeal_dt":null,"amendt_txt":null,"official_nm":"None","old_name":"None","amdyrllsec":null,"amended":"No","honor_name":"Bobby O’Shea Way","ll_num":"131","repealed":"No","ulurpcpnum":"none","ll_sec":"2","intro_year":"2005","lleffect_dt":"12/29/2005","borough":"Manhattan","feat_type":"Intersection name"},"geometry":{"type":"Point","coordinates":[-73.92220720737996,40.86900771775584]}},{"type":"Feature","properties":{"ll_type":"Honorary","intro_num":"0746","ll_limits":"SE corner of West 217th Street and Park Terrace West","intro_month":"11","amend_dt":null,"limits_er":null,"intro_day":"16","repeal_dt":null,"amendt_txt":null,"official_nm":"None","old_name":"None","amdyrllsec":null,"amended":"No","honor_name":"Joseph Kellett Way","ll_num":"131","repealed":"No","ulurpcpnum":"none","ll_sec":"3","intro_year":"2005","lleffect_dt":"12/29/2005","borough":"Manhattan","feat_type":"Intersection name"},"geometry":{"type":"Point","coordinates":[-73.91699930078552,40.871487399825234]}},{"type":"Feature","properties":{"ll_type":"Honorary","intro_num":"0746","ll_limits":"Corner of Richmond Road and Jefferson Avenue","intro_month":"11","amend_dt":null,"limits_er":null,"intro_day":"16","repeal_dt":null,"amendt_txt":null,"official_nm":"None","old_name":"None","amdyrllsec":null,"amended":"No","honor_name":"Patrick J. Woods Way","ll_num":"131","repealed":"No","ulurpcpnum":"none","ll_sec":"5","intro_year":"2005","lleffect_dt":"12/29/2005","borough":"Staten Island","feat_type":"Intersection name"},"geometry":{"type":"Point","coordinates":[-74.10525775499735,40.585921435574576]}},{"type":"Feature","properties":{"ll_type":"Honorary","intro_num":"0746","ll_limits":"SE corner of Bay Ridge Avenue and Third Avenue","intro_month":"11","amend_dt":null,"limits_er":null,"intro_day":"16","repeal_dt":null,"amendt_txt":null,"official_nm":"None","old_name":"None","amdyrllsec":null,"amended":"No","honor_name":"Jody Tepedino 9-11 Memorial Way","ll_num":"131","repealed":"No","ulurpcpnum":"none","ll_sec":"6","intro_year":"2005","lleffect_dt":"12/29/2005","borough":"Brooklyn","feat_type":"Intersection name"},"geometry":{"type":"Point","coordinates":[-74.02594353968195,40.63562846073901]}},{"type":"Feature","properties":{"ll_type":"Honorary","intro_num":"0746","ll_limits":"SE corner of Third Avenue and Ovington Avenue","intro_month":"11","amend_dt":null,"limits_er":null,"intro_day":"16","repeal_dt":null,"amendt_txt":null,"official_nm":"None","old_name":"None","amdyrllsec":null,"amended":"No","honor_name":"Shakila Yasmin & Nurul Haque Miah 9-11 Memorial Way","ll_num":"131","repealed":"No","ulurpcpnum":"none","ll_sec":"7","intro_year":"2005","lleffect_dt":"12/29/2005","borough":"Brooklyn","feat_type":"Intersection name"},"geometry":{"type":"Point","coordinates":[-74.02631402387235,40.63474527355017]}},{"type":"Feature","properties":{"ll_type":"Honorary","intro_num":"0746","ll_limits":"SW corner of Third Avenue and 82nd Street","intro_month":"11","amend_dt":null,"limits_er":null,"intro_day":"16","repeal_dt":null,"amendt_txt":null,"official_nm":"None","old_name":"None","amdyrllsec":null,"amended":"No","honor_name":"Mark D. Hindy 9-11 Memorial Way","ll_num":"131","repealed":"No","ulurpcpnum":"none","ll_sec":"8","intro_year":"2005","lleffect_dt":"12/29/2005","borough":"Brooklyn","feat_type":"Intersection name"},"geometry":{"type":"Point","coordinates":[-74.03004111485414,40.62633101540383]}},{"type":"Feature","properties":{"ll_type":"Honorary","intro_num":"0746","ll_limits":"Eastside corner of Shore Road and 92nd Street","intro_month":"11","amend_dt":null,"limits_er":null,"intro_day":"16","repeal_dt":"12/5/2006","amendt_txt":null,"official_nm":"None","old_name":"None","amdyrllsec":null,"amended":"No","honor_name":"Joseph John Hasson III 9-11 Memorial Way","ll_num":"131","repealed":"Yes","ulurpcpnum":"none","ll_sec":"9","intro_year":"2005","lleffect_dt":"12/29/2005","borough":"Brooklyn","feat_type":"Intersection name"},"geometry":{"type":"Point","coordinates":[-74.04030897331,40.62070003951714]}},{"type":"Feature","properties":{"ll_type":"Honorary","intro_num":"0746","ll_limits":"SW corner of 90th Street and Ft. Hamilton Pkwy","intro_month":"11","amend_dt":null,"limits_er":null,"intro_day":"16","repeal_dt":null,"amendt_txt":null,"official_nm":"None","old_name":"None","amdyrllsec":null,"amended":"No","honor_name":"Pamela J. Boyce 9-11 Memorial Way","ll_num":"131","repealed":"No","ulurpcpnum":"none","ll_sec":"10","intro_year":"2005","lleffect_dt":"12/29/2005","borough":"Brooklyn","feat_type":"Intersection name"},"geometry":{"type":"Point","coordinates":[-74.02659612433574,40.61822366130277]}},{"type":"Feature","properties":{"ll_type":"Honorary","intro_num":"0746","ll_limits":"Corner of 53rd Drive and 64th Place","intro_month":"11","amend_dt":null,"limits_er":null,"intro_day":"16","repeal_dt":null,"amendt_txt":null,"official_nm":"None","old_name":"None","amdyrllsec":null,"amended":"No","honor_name":"Cono E. Gallo Place","ll_num":"131","repealed":"No","ulurpcpnum":"none","ll_sec":"11","intro_year":"2005","lleffect_dt":"12/29/2005","borough":"Queens","feat_type":"Intersection name"},"geometry":{"type":"Point","coordinates":[-73.90122628295245,40.72863212222302]}},{"type":"Feature","properties":{"ll_type":"Honorary","intro_num":"0746","ll_limits":"NE corner of Manhattan Avenue and 122nd Street","intro_month":"11","amend_dt":null,"limits_er":null,"intro_day":"16","repeal_dt":null,"amendt_txt":null,"official_nm":"None","old_name":"None","amdyrllsec":null,"amended":"No","honor_name":"LeRoy Myers Corner","ll_num":"131","repealed":"No","ulurpcpnum":"none","ll_sec":"12","intro_year":"2005","lleffect_dt":"12/29/2005","borough":"Manhattan","feat_type":"Intersection name"},"geometry":{"type":"Point","coordinates":[-73.95386146958285,40.80886644703157]}},{"type":"Feature","properties":{"ll_type":"Honorary","intro_num":"0746","ll_limits":"Corner of Edward Curry Avenue and South Avenue","intro_month":"11","amend_dt":null,"limits_er":null,"intro_day":"16","repeal_dt":"5/23/2006","amendt_txt":null,"official_nm":"None","old_name":"None","amdyrllsec":null,"amended":"No","honor_name":"Richard Addeo Way","ll_num":"131","repealed":"Yes","ulurpcpnum":"none","ll_sec":"15","intro_year":"2005","lleffect_dt":"12/29/2005","borough":"Staten Island","feat_type":"Intersection name"},"geometry":{"type":"Point","coordinates":[-74.17832524927292,40.608909107832055]}},{"type":"Feature","properties":{"ll_type":"Honorary","intro_num":"0746","ll_limits":"NE corner of Livingston Street and Davis Avenue","intro_month":"11","amend_dt":null,"limits_er":null,"intro_day":"16","repeal_dt":null,"amendt_txt":null,"official_nm":"None","old_name":"None","amdyrllsec":null,"amended":"No","honor_name":"Midshipman Michael Ricciardi Way","ll_num":"131","repealed":"No","ulurpcpnum":"none","ll_sec":"18","intro_year":"2005","lleffect_dt":"12/29/2005","borough":"Staten Island","feat_type":"Intersection name"},"geometry":{"type":"Point","coordinates":[-74.11032652933316,40.64253222810849]}},{"type":"Feature","properties":{"ll_type":"Honorary","intro_num":"0746","ll_limits":"NE corner of Pendleton and Whitewood Avenues","intro_month":"11","amend_dt":null,"limits_er":null,"intro_day":"16","repeal_dt":null,"amendt_txt":null,"official_nm":"None","old_name":"None","amdyrllsec":null,"amended":"No","honor_name":"Nicholas Johs Way","ll_num":"131","repealed":"No","ulurpcpnum":"none","ll_sec":"19","intro_year":"2005","lleffect_dt":"12/29/2005","borough":"Staten Island","feat_type":"Intersection name"},"geometry":{"type":"Point","coordinates":[-74.10797244449985,40.62419831308941]}},{"type":"Feature","properties":{"ll_type":"Honorary","intro_num":"0746","ll_limits":"NW corner of Scarsdale Avenue and School Street","intro_month":"11","amend_dt":null,"limits_er":null,"intro_day":"16","repeal_dt":null,"amendt_txt":null,"official_nm":"None","old_name":"None","amdyrllsec":null,"amended":"No","honor_name":"Elizabeth “Betty” Pancila Street","ll_num":"131","repealed":"No","ulurpcpnum":"none","ll_sec":"25","intro_year":"2005","lleffect_dt":"12/29/2005","borough":"Staten Island","feat_type":"Intersection name"},"geometry":{"type":"Point","coordinates":[-74.15240831806672,40.54823280511799]}},{"type":"Feature","properties":{"ll_type":"Honorary","intro_num":"0746","ll_limits":"Corner of Reid and Parkinson Avenues","intro_month":"11","amend_dt":null,"limits_er":null,"intro_day":"16","repeal_dt":null,"amendt_txt":null,"official_nm":"None","old_name":"None","amdyrllsec":null,"amended":"No","honor_name":"Martha Colella’s Way","ll_num":"131","repealed":"No","ulurpcpnum":"none","ll_sec":"28","intro_year":"2005","lleffect_dt":"12/29/2005","borough":"Staten Island","feat_type":"Intersection name"},"geometry":{"type":"Point","coordinates":[-74.080892300953,40.593655918555996]}},{"type":"Feature","properties":{"ll_type":"Honorary","intro_num":"0746","ll_limits":"Corner of Thomas and Wolverine Streets","intro_month":"11","amend_dt":null,"limits_er":null,"intro_day":"16","repeal_dt":null,"amendt_txt":null,"official_nm":"None","old_name":"None","amdyrllsec":null,"amended":"No","honor_name":"Thomas Michael Darcy Way","ll_num":"131","repealed":"No","ulurpcpnum":"none","ll_sec":"29","intro_year":"2005","lleffect_dt":"12/29/2005","borough":"Staten Island","feat_type":"Intersection name"},"geometry":{"type":"Point","coordinates":[-74.13548919882022,40.56732610670189]}},{"type":"Feature","properties":{"ll_type":"Honorary","intro_num":"0746","ll_limits":"NE corner of Plymouth Road and Mulberry Avenue","intro_month":"11","amend_dt":null,"limits_er":null,"intro_day":"16","repeal_dt":null,"amendt_txt":null,"official_nm":"None","old_name":"None","amdyrllsec":null,"amended":"No","honor_name":"Detective Kenny Fung Way","ll_num":"131","repealed":"No","ulurpcpnum":"none","ll_sec":"30","intro_year":"2005","lleffect_dt":"12/29/2005","borough":"Staten Island","feat_type":"Intersection name"},"geometry":{"type":"Point","coordinates":[-74.16724834574485,40.5963992330868]}},{"type":"Feature","properties":{"ll_type":"Honorary","intro_num":"0746","ll_limits":"Corner of Whitney Avenue and Clove Road","intro_month":"11","amend_dt":null,"limits_er":null,"intro_day":"16","repeal_dt":null,"amendt_txt":null,"official_nm":"None","old_name":"None","amdyrllsec":null,"amended":"No","honor_name":"Nelson R. Panazzolo Way","ll_num":"131","repealed":"No","ulurpcpnum":"none","ll_sec":"31","intro_year":"2005","lleffect_dt":"12/29/2005","borough":"Staten Island","feat_type":"Intersection name"},"geometry":{"type":"Point","coordinates":[-74.08184498230027,40.60153519735067]}},{"type":"Feature","properties":{"ll_type":"Honorary","intro_num":"0746","ll_limits":"Corner of Bedell Street and Amboy Road","intro_month":"11","amend_dt":null,"limits_er":null,"intro_day":"16","repeal_dt":null,"amendt_txt":null,"official_nm":"None","old_name":"None","amdyrllsec":null,"amended":"No","honor_name":"Private 2nd Class Brian Grant Street “Operation Iraqi Freedom”","ll_num":"131","repealed":"No","ulurpcpnum":"none","ll_sec":"43","intro_year":"2005","lleffect_dt":"12/29/2005","borough":"Staten Island","feat_type":"Intersection name"},"geometry":{"type":"Point","coordinates":[-74.21735501230273,40.52093004837031]}},{"type":"Feature","properties":{"ll_type":"Honorary","intro_num":"0746","ll_limits":"NE corner of Lamont Avenue and Marcy Avenue","intro_month":"11","amend_dt":null,"limits_er":null,"intro_day":"16","repeal_dt":null,"amendt_txt":null,"official_nm":"None","old_name":"None","amdyrllsec":null,"amended":"No","honor_name":"Michael J. Supino Avenue","ll_num":"131","repealed":"No","ulurpcpnum":"none","ll_sec":"45","intro_year":"2005","lleffect_dt":"12/29/2005","borough":"Staten Island","feat_type":"Intersection name"},"geometry":{"type":"Point","coordinates":[-74.19978898240693,40.53727143706156]}},{"type":"Feature","properties":{"ll_type":"Honorary","intro_num":"0746","ll_limits":"NW corner of Greaves Avenue and Kensington Street","intro_month":"11","amend_dt":null,"limits_er":null,"intro_day":"16","repeal_dt":null,"amendt_txt":null,"official_nm":"None","old_name":"None","amdyrllsec":null,"amended":"No","honor_name":"Salvatore LaMondola Avenue","ll_num":"131","repealed":"No","ulurpcpnum":"none","ll_sec":"46","intro_year":"2005","lleffect_dt":"12/29/2005","borough":"Staten Island","feat_type":"Intersection name"},"geometry":{"type":"Point","coordinates":[-74.14880517802027,40.559775106760455]}},{"type":"Feature","properties":{"ll_type":"Honorary","intro_num":"0746","ll_limits":"NE corner of Corbin Avenue and Barlow Avenue","intro_month":"11","amend_dt":null,"limits_er":"Error: It's the southeast corner","intro_day":"16","repeal_dt":null,"amendt_txt":null,"official_nm":"None","old_name":"None","amdyrllsec":null,"amended":"No","honor_name":"Edward “Iron Man” Holder Avenue","ll_num":"131","repealed":"No","ulurpcpnum":"none","ll_sec":"47","intro_year":"2005","lleffect_dt":"12/29/2005","borough":"Staten Island","feat_type":"Intersection name"},"geometry":{"type":"Point","coordinates":[-74.14778400177401,40.56191828682424]}},{"type":"Feature","properties":{"ll_type":"Honorary","intro_num":"0746","ll_limits":"NW corner of Queensdale Avenue and Albourne Avenue","intro_month":"11","amend_dt":null,"limits_er":null,"intro_day":"16","repeal_dt":null,"amendt_txt":null,"official_nm":"None","old_name":"None","amdyrllsec":null,"amended":"No","honor_name":"Detective Salvatore J. Cafiso, III Avenue","ll_num":"131","repealed":"No","ulurpcpnum":"none","ll_sec":"49","intro_year":"2005","lleffect_dt":"12/29/2005","borough":"Staten Island","feat_type":"Intersection name"},"geometry":{"type":"Point","coordinates":[-74.20091377801793,40.53015235066454]}},{"type":"Feature","properties":{"ll_type":"Honorary","intro_num":"0746","ll_limits":"NW corner of Richard Avenue and Hylan Boulevard","intro_month":"11","amend_dt":null,"limits_er":null,"intro_day":"16","repeal_dt":null,"amendt_txt":null,"official_nm":"None","old_name":"None","amdyrllsec":null,"amended":"No","honor_name":"George G. Srour Place","ll_num":"131","repealed":"No","ulurpcpnum":"none","ll_sec":"52","intro_year":"2005","lleffect_dt":"12/29/2005","borough":"Staten Island","feat_type":"Intersection name"},"geometry":{"type":"Point","coordinates":[-74.22388888437199,40.50873101294605]}},{"type":"Feature","properties":{"ll_type":"Honorary","intro_num":"0746","ll_limits":"NE corner of Hillcrest Avenue and Lindenwood Road","intro_month":"11","amend_dt":null,"limits_er":null,"intro_day":"16","repeal_dt":null,"amendt_txt":null,"official_nm":"None","old_name":"None","amdyrllsec":null,"amended":"No","honor_name":"Michael Herszdorfer Road","ll_num":"131","repealed":"No","ulurpcpnum":"none","ll_sec":"54","intro_year":"2005","lleffect_dt":"12/29/2005","borough":"Staten Island","feat_type":"Intersection name"},"geometry":{"type":"Point","coordinates":[-74.14974472868721,40.54471198889301]}},{"type":"Feature","properties":{"ll_type":"Honorary","intro_num":"0746","ll_limits":"SE corner of Giffords Lane and Margaret Street","intro_month":"11","amend_dt":null,"limits_er":null,"intro_day":"16","repeal_dt":null,"amendt_txt":null,"official_nm":"None","old_name":"None","amdyrllsec":null,"amended":"No","honor_name":"Edward Edwards Lane","ll_num":"131","repealed":"No","ulurpcpnum":"none","ll_sec":"55","intro_year":"2005","lleffect_dt":"12/29/2005","borough":"Staten Island","feat_type":"Intersection name"},"geometry":{"type":"Point","coordinates":[-74.15080515559514,40.55255295261528]}},{"type":"Feature","properties":{"ll_type":"Honorary","intro_num":"0746","ll_limits":"NW corner of Kissel Avenue and Linden Street","intro_month":"11","amend_dt":null,"limits_er":null,"intro_day":"16","repeal_dt":null,"amendt_txt":null,"official_nm":"None","old_name":"None","amdyrllsec":null,"amended":"No","honor_name":"Sgt. Doreen Scrimenti Place","ll_num":"131","repealed":"No","ulurpcpnum":"none","ll_sec":"56","intro_year":"2005","lleffect_dt":"12/29/2005","borough":"Staten Island","feat_type":"Intersection name"},"geometry":{"type":"Point","coordinates":[-74.10603075915301,40.641411331837986]}},{"type":"Feature","properties":{"ll_type":"Honorary","intro_num":"0746","ll_limits":"SW corner of Queens Boulevard and 49th Street","intro_month":"11","amend_dt":null,"limits_er":null,"intro_day":"16","repeal_dt":null,"amendt_txt":null,"official_nm":"None","old_name":"None","amdyrllsec":null,"amended":"No","honor_name":"Pfc. Hernando Rios Place","ll_num":"131","repealed":"No","ulurpcpnum":"none","ll_sec":"33","intro_year":"2005","lleffect_dt":"12/29/2005","borough":"Queens","feat_type":"Intersection name"},"geometry":{"type":"Point","coordinates":[-73.9160677954591,40.74258331728401]}},{"type":"Feature","properties":{"ll_type":"Honorary","intro_num":"0746","ll_limits":"Corner of 30th Avenue and 49th Street","intro_month":"11","amend_dt":null,"limits_er":null,"intro_day":"16","repeal_dt":null,"amendt_txt":null,"official_nm":"None","old_name":"None","amdyrllsec":null,"amended":"No","honor_name":"Firefighter Richard Sclafani Way","ll_num":"131","repealed":"No","ulurpcpnum":"none","ll_sec":"41","intro_year":"2005","lleffect_dt":"12/29/2005","borough":"Queens","feat_type":"Intersection name"},"geometry":{"type":"Point","coordinates":[-73.90779405518127,40.760517799315544]}},{"type":"Feature","properties":{"ll_type":"Honorary","intro_num":"0746","ll_limits":"NE corner of Cherrywood Court and Greaves Avenue","intro_month":"11","amend_dt":null,"limits_er":"Error: It's the southeast corner of cherrywood court and sandwood drive","intro_day":"16","repeal_dt":null,"amendt_txt":null,"official_nm":"None","old_name":"None","amdyrllsec":null,"amended":"No","honor_name":"Alfonso Ferrandino Court","ll_num":"131","repealed":"No","ulurpcpnum":"none","ll_sec":"51","intro_year":"2005","lleffect_dt":"12/29/2005","borough":"Staten Island","feat_type":"Intersection name"},"geometry":{"type":"Point","coordinates":[-74.14428175994286,40.5596789232984]}},{"type":"Feature","properties":{"ll_type":"Honorary","intro_num":"0746","ll_limits":"NW corner of Crown Avenue and Evans Street","intro_month":"11","amend_dt":null,"limits_er":"Error: It's Crown Ave and Evan Place","intro_day":"16","repeal_dt":null,"amendt_txt":null,"official_nm":"None","old_name":"None","amdyrllsec":null,"amended":"No","honor_name":"Jennifer M. Parisi Place “Beloved Daughter”","ll_num":"131","repealed":"No","ulurpcpnum":"none","ll_sec":"53","intro_year":"2005","lleffect_dt":"12/29/2005","borough":"Staten Island","feat_type":"Intersection name"},"geometry":{"type":"Point","coordinates":[-74.18374136962608,40.553240940150495]}},{"type":"Feature","properties":{"ll_type":"Honorary","intro_num":"0825","ll_limits":"At the northeast corner of 15th Avenue and 53rd Street","intro_month":"9","amend_dt":null,"limits_er":null,"intro_day":"24","repeal_dt":"12/28/2009","amendt_txt":null,"official_nm":"None","old_name":"None","amdyrllsec":null,"amended":"No","honor_name":"Thomas Joseph Sgroi Way","ll_num":"048","repealed":"Yes","ulurpcpnum":"none","ll_sec":"17","intro_year":"2008","lleffect_dt":"10/10/2008","borough":"Brooklyn","feat_type":"Intersection name"},"geometry":{"type":"Point","coordinates":[-73.98987710264574,40.63012231087822]}},{"type":"Feature","properties":{"ll_type":"Honorary","intro_num":"0825","ll_limits":"At the southwest corner of 13th Avenue at 59th Street","intro_month":"9","amend_dt":null,"limits_er":null,"intro_day":"24","repeal_dt":null,"amendt_txt":null,"official_nm":"None","old_name":"None","amdyrllsec":null,"amended":"No","honor_name":"Priscilla Celano Way","ll_num":"048","repealed":"No","ulurpcpnum":"none","ll_sec":"18","intro_year":"2008","lleffect_dt":"10/10/2008","borough":"Brooklyn","feat_type":"Intersection name"},"geometry":{"type":"Point","coordinates":[-73.99811435576505,40.629433554541215]}},{"type":"Feature","properties":{"ll_type":"Honorary","intro_num":"0825","ll_limits":"At the southwest corner of 77th Street and 13th Avenue","intro_month":"9","amend_dt":null,"limits_er":null,"intro_day":"24","repeal_dt":null,"amendt_txt":null,"official_nm":"None","old_name":"None","amdyrllsec":null,"amended":"No","honor_name":"Firefighter Joey Graffagnino Place","ll_num":"048","repealed":"No","ulurpcpnum":"none","ll_sec":"27","intro_year":"2008","lleffect_dt":"10/10/2008","borough":"Brooklyn","feat_type":"Intersection name"},"geometry":{"type":"Point","coordinates":[-74.00881370136013,40.61914430340541]}},{"type":"Feature","properties":{"ll_type":"Honorary","intro_num":"0825","ll_limits":"At the intersection of Wainwright Avenue at Richmond Avenue","intro_month":"9","amend_dt":null,"limits_er":null,"intro_day":"24","repeal_dt":null,"amendt_txt":null,"official_nm":"None","old_name":"None","amdyrllsec":null,"amended":"No","honor_name":"Dave Brennan’s Elks Way","ll_num":"048","repealed":"No","ulurpcpnum":"none","ll_sec":"30","intro_year":"2008","lleffect_dt":"10/10/2008","borough":"Staten Island","feat_type":"Intersection name"},"geometry":{"type":"Point","coordinates":[-74.16973650613832,40.560250201309756]}},{"type":"Feature","properties":{"ll_type":"Honorary","intro_num":"0825","ll_limits":"At the southwest corner of Oakdale Street and Preston Avenue","intro_month":"9","amend_dt":null,"limits_er":null,"intro_day":"24","repeal_dt":"12/29/2008","amendt_txt":null,"official_nm":"None","old_name":"None","amdyrllsec":null,"amended":"No","honor_name":"Lt. John H. Martinson Way","ll_num":"048","repealed":"Yes","ulurpcpnum":"none","ll_sec":"31","intro_year":"2008","lleffect_dt":"10/10/2008","borough":"Staten Island","feat_type":"Intersection name"},"geometry":{"type":"Point","coordinates":[-74.16503198826977,40.540310004884226]}},{"type":"Feature","properties":{"ll_type":"Honorary","intro_num":"0825","ll_limits":"At the northeast corner of Lincoln Place and Brooklyn Avenue","intro_month":"9","amend_dt":null,"limits_er":null,"intro_day":"24","repeal_dt":"12/28/2009","amendt_txt":null,"official_nm":"None","old_name":"None","amdyrllsec":null,"amended":"No","honor_name":"Benny A. Lyde Place","ll_num":"048","repealed":"Yes","ulurpcpnum":"none","ll_sec":"37","intro_year":"2008","lleffect_dt":"10/10/2008","borough":"Brooklyn","feat_type":"Intersection name"},"geometry":{"type":"Point","coordinates":[-73.94475950099607,40.67053428361156]}},{"type":"Feature","properties":{"ll_type":"Honorary","intro_num":"0825","ll_limits":"Underneath the Clove Road street sign at the southeast corner of West Raleigh Avenue","intro_month":"9","amend_dt":null,"limits_er":null,"intro_day":"24","repeal_dt":null,"amendt_txt":null,"official_nm":"None","old_name":"None","amdyrllsec":null,"amended":"No","honor_name":"NYS Senator Hon. Mark W. Allen Way","ll_num":"048","repealed":"No","ulurpcpnum":"none","ll_sec":"41","intro_year":"2008","lleffect_dt":"10/10/2008","borough":"Staten Island","feat_type":"Intersection name"},"geometry":{"type":"Point","coordinates":[-74.11831406467911,40.62530138985161]}},{"type":"Feature","properties":{"ll_type":"Honorary","intro_num":"0825","ll_limits":"Forest Avenue at the southeast corner of Silver Lake Park Road","intro_month":"9","amend_dt":null,"limits_er":null,"intro_day":"24","repeal_dt":null,"amendt_txt":null,"official_nm":"None","old_name":"None","amdyrllsec":null,"amended":"No","honor_name":"NYS Assemblyman 2000-2007 Hon. John W. Lavelle Way","ll_num":"048","repealed":"No","ulurpcpnum":"none","ll_sec":"42","intro_year":"2008","lleffect_dt":"10/10/2008","borough":"Staten Island","feat_type":"Intersection name"},"geometry":{"type":"Point","coordinates":[-74.09590338542895,40.6316042506438]}},{"type":"Feature","properties":{"ll_type":"Honorary","intro_num":"0825","ll_limits":"Tysen Street at southwest corner of Gorden Place","intro_month":"9","amend_dt":null,"limits_er":null,"intro_day":"24","repeal_dt":null,"amendt_txt":null,"official_nm":"None","old_name":"None","amdyrllsec":null,"amended":"No","honor_name":"Richard Dickenson Way","ll_num":"048","repealed":"No","ulurpcpnum":"none","ll_sec":"43","intro_year":"2008","lleffect_dt":"10/10/2008","borough":"Staten Island","feat_type":"Intersection name"},"geometry":{"type":"Point","coordinates":[-74.09949877322903,40.64165513393304]}},{"type":"Feature","properties":{"ll_type":"Honorary","intro_num":"0825","ll_limits":"Virginia Avenue at the southeast corner of Bay Street","intro_month":"9","amend_dt":null,"limits_er":null,"intro_day":"24","repeal_dt":null,"amendt_txt":null,"official_nm":"None","old_name":"None","amdyrllsec":null,"amended":"No","honor_name":"Luke M. Parlatore Way","ll_num":"048","repealed":"No","ulurpcpnum":"none","ll_sec":"44","intro_year":"2008","lleffect_dt":"10/10/2008","borough":"Staten Island","feat_type":"Intersection name"},"geometry":{"type":"Point","coordinates":[-74.06714899144637,40.61562279102571]}},{"type":"Feature","properties":{"ll_type":"Honorary","intro_num":"0825","ll_limits":"At the intersection of Franklin Avenue at the southwest corner of Cassidy Place","intro_month":"9","amend_dt":null,"limits_er":null,"intro_day":"24","repeal_dt":null,"amendt_txt":null,"official_nm":"None","old_name":"None","amdyrllsec":null,"amended":"No","honor_name":"Pfc. Nils George Thompson Way","ll_num":"048","repealed":"No","ulurpcpnum":"none","ll_sec":"45","intro_year":"2008","lleffect_dt":"10/10/2008","borough":"Staten Island","feat_type":"Intersection name"},"geometry":{"type":"Point","coordinates":[-74.09208983279767,40.64259799210787]}},{"type":"Feature","properties":{"ll_type":"Honorary","intro_num":"0825","ll_limits":"At the intersection of School Road at the east side of Bay Street","intro_month":"9","amend_dt":null,"limits_er":null,"intro_day":"24","repeal_dt":null,"amendt_txt":null,"official_nm":"None","old_name":"None","amdyrllsec":null,"amended":"No","honor_name":"James J. Keeley Way","ll_num":"048","repealed":"No","ulurpcpnum":"none","ll_sec":"46","intro_year":"2008","lleffect_dt":"10/10/2008","borough":"Staten Island","feat_type":"Intersection name"},"geometry":{"type":"Point","coordinates":[-74.06085474976513,40.607158791228116]}},{"type":"Feature","properties":{"ll_type":"Honorary","intro_num":"0825","ll_limits":"At the intersection of Richmond Terrace at the southwest corner of LaFayette Avenue","intro_month":"9","amend_dt":null,"limits_er":null,"intro_day":"24","repeal_dt":null,"amendt_txt":null,"official_nm":"None","old_name":"None","amdyrllsec":null,"amended":"No","honor_name":"100th Anniversary Liedy’s Shore Inn Way","ll_num":"048","repealed":"No","ulurpcpnum":"none","ll_sec":"47","intro_year":"2008","lleffect_dt":"10/10/2008","borough":"Staten Island","feat_type":"Intersection name"},"geometry":{"type":"Point","coordinates":[-74.09604499670108,40.64472060950012]}},{"type":"Feature","properties":{"ll_type":"Honorary","intro_num":"0825","ll_limits":"At the intersection of Castleton Avenue at the northeast corner of Broadway","intro_month":"9","amend_dt":null,"limits_er":null,"intro_day":"24","repeal_dt":null,"amendt_txt":null,"official_nm":"None","old_name":"None","amdyrllsec":null,"amended":"No","honor_name":"Crossing Guard Doris Allen Way","ll_num":"048","repealed":"No","ulurpcpnum":"none","ll_sec":"48","intro_year":"2008","lleffect_dt":"10/10/2008","borough":"Staten Island","feat_type":"Intersection name"},"geometry":{"type":"Point","coordinates":[-74.11710617484042,40.63461973477616]}},{"type":"Feature","properties":{"ll_type":"Honorary","intro_num":"0825","ll_limits":"At the intersection of Monroe Avenue at the southwest corner of Benziger Avenue","intro_month":"9","amend_dt":null,"limits_er":null,"intro_day":"24","repeal_dt":null,"amendt_txt":null,"official_nm":"None","old_name":"None","amdyrllsec":null,"amended":"No","honor_name":"Angelina J. (Jean) Esposito Way","ll_num":"048","repealed":"No","ulurpcpnum":"none","ll_sec":"49","intro_year":"2008","lleffect_dt":"10/10/2008","borough":"Staten Island","feat_type":"Intersection name"},"geometry":{"type":"Point","coordinates":[-74.07933363206985,40.64010024301044]}},{"type":"Feature","properties":{"ll_type":"Honorary","intro_num":"0825","ll_limits":"At the intersection of Howard Avenue at the southeast corner of Campus Road","intro_month":"9","amend_dt":null,"limits_er":null,"intro_day":"24","repeal_dt":null,"amendt_txt":null,"official_nm":"None","old_name":"None","amdyrllsec":null,"amended":"No","honor_name":"Wagner Chaplain 1972 – 2007 Reverend Lyle R. Guttu Way","ll_num":"048","repealed":"No","ulurpcpnum":"none","ll_sec":"50","intro_year":"2008","lleffect_dt":"10/10/2008","borough":"Staten Island","feat_type":"Intersection name"},"geometry":{"type":"Point","coordinates":[-74.0960839142961,40.61563868645294]}},{"type":"Feature","properties":{"ll_type":"Honorary","intro_num":"0825","ll_limits":"At the intersection of Gansevoort Avenue at the southwest corner of Victory Boulevard","intro_month":"9","amend_dt":null,"limits_er":null,"intro_day":"24","repeal_dt":null,"amendt_txt":null,"official_nm":"None","old_name":"None","amdyrllsec":null,"amended":"No","honor_name":"Frank J. Reali III’s Way","ll_num":"048","repealed":"No","ulurpcpnum":"none","ll_sec":"51","intro_year":"2008","lleffect_dt":"10/10/2008","borough":"Staten Island","feat_type":"Intersection name"},"geometry":{"type":"Point","coordinates":[-74.12788373019713,40.61260498533686]}},{"type":"Feature","properties":{"ll_type":"Honorary","intro_num":"0825","ll_limits":"At the intersection of Lake Avenue at the northwest corner of Richmond Terrace","intro_month":"9","amend_dt":null,"limits_er":null,"intro_day":"24","repeal_dt":null,"amendt_txt":null,"official_nm":"None","old_name":"None","amdyrllsec":null,"amended":"No","honor_name":"David Villamarin Drive","ll_num":"048","repealed":"No","ulurpcpnum":"none","ll_sec":"53","intro_year":"2008","lleffect_dt":"10/10/2008","borough":"Staten Island","feat_type":"Intersection name"},"geometry":{"type":"Point","coordinates":[-74.15043815063798,40.637122791767965]}},{"type":"Feature","properties":{"ll_type":"Honorary","intro_num":"0825","ll_limits":"At the intersection of East Raleigh Avenue at the southeast corner of North Burgher Avenue","intro_month":"9","amend_dt":null,"limits_er":null,"intro_day":"24","repeal_dt":null,"amendt_txt":null,"official_nm":"None","old_name":"None","amdyrllsec":null,"amended":"No","honor_name":"Lt. Vic Navarra Way","ll_num":"048","repealed":"No","ulurpcpnum":"none","ll_sec":"54","intro_year":"2008","lleffect_dt":"10/10/2008","borough":"Staten Island","feat_type":"Intersection name"},"geometry":{"type":"Point","coordinates":[-74.11293380483178,40.627787187523175]}},{"type":"Feature","properties":{"ll_type":"Honorary","intro_num":"0825","ll_limits":"At the intersection of Whitewood Avenue at the northwest corner of Bard Avenue","intro_month":"9","amend_dt":null,"limits_er":null,"intro_day":"24","repeal_dt":null,"amendt_txt":null,"official_nm":"None","old_name":"None","amdyrllsec":null,"amended":"No","honor_name":"Firefighter Paul Hanlon Keating Avenue","ll_num":"048","repealed":"No","ulurpcpnum":"none","ll_sec":"55","intro_year":"2008","lleffect_dt":"10/10/2008","borough":"Staten Island","feat_type":"Intersection name"},"geometry":{"type":"Point","coordinates":[-74.10457543868488,40.624590494419586]}},{"type":"Feature","properties":{"ll_type":"Honorary","intro_num":"0825","ll_limits":"At the intersection of Britton Avenue and Hay Street","intro_month":"9","amend_dt":null,"limits_er":null,"intro_day":"24","repeal_dt":null,"amendt_txt":null,"official_nm":"None","old_name":"None","amdyrllsec":null,"amended":"No","honor_name":"Charles A. Langere Corner","ll_num":"048","repealed":"No","ulurpcpnum":"none","ll_sec":"64","intro_year":"2008","lleffect_dt":"10/10/2008","borough":"Staten Island","feat_type":"Intersection name"},"geometry":{"type":"Point","coordinates":[-74.08961254614114,40.604104357185506]}},{"type":"Feature","properties":{"ll_type":"Honorary","intro_num":"0825","ll_limits":"At the intersection of Rockland Avenue and Forest Hill Road","intro_month":"9","amend_dt":null,"limits_er":null,"intro_day":"24","repeal_dt":null,"amendt_txt":null,"official_nm":"None","old_name":"None","amdyrllsec":null,"amended":"No","honor_name":"Brianna Gabrielle Gioia Corner","ll_num":"048","repealed":"No","ulurpcpnum":"none","ll_sec":"68","intro_year":"2008","lleffect_dt":"10/10/2008","borough":"Staten Island","feat_type":"Intersection name"},"geometry":{"type":"Point","coordinates":[-74.14582809869862,40.58855929883484]}},{"type":"Feature","properties":{"ll_type":"Honorary","intro_num":"0825","ll_limits":"At the intersection of Matthews Avenue and Davis Avenue","intro_month":"9","amend_dt":null,"limits_er":null,"intro_day":"24","repeal_dt":null,"amendt_txt":null,"official_nm":"None","old_name":"None","amdyrllsec":null,"amended":"No","honor_name":"Victor L. Prevosti Corner","ll_num":"048","repealed":"No","ulurpcpnum":"none","ll_sec":"69","intro_year":"2008","lleffect_dt":"10/10/2008","borough":"Staten Island","feat_type":"Intersection name"},"geometry":{"type":"Point","coordinates":[-74.1075098016519,40.62588767314944]}},{"type":"Feature","properties":{"ll_type":"Honorary","intro_num":"0825","ll_limits":"At the intersection of Cuba Avenue and New Dorp Lane","intro_month":"9","amend_dt":null,"limits_er":null,"intro_day":"24","repeal_dt":null,"amendt_txt":null,"official_nm":"None","old_name":"None","amdyrllsec":null,"amended":"No","honor_name":"Vera D’Agostino Way","ll_num":"048","repealed":"No","ulurpcpnum":"none","ll_sec":"70","intro_year":"2008","lleffect_dt":"10/10/2008","borough":"Staten Island","feat_type":"Intersection name"},"geometry":{"type":"Point","coordinates":[-74.10466931631031,40.56787712689646]}},{"type":"Feature","properties":{"ll_type":"Honorary","intro_num":"0825","ll_limits":"At the southeast corner of Graham Avenue and Withers Street","intro_month":"9","amend_dt":null,"limits_er":null,"intro_day":"24","repeal_dt":null,"amendt_txt":null,"official_nm":"None","old_name":"None","amdyrllsec":null,"amended":"No","honor_name":"Anthony Pastena, Sr. Corner","ll_num":"048","repealed":"No","ulurpcpnum":"none","ll_sec":"80","intro_year":"2008","lleffect_dt":"10/10/2008","borough":"Brooklyn","feat_type":"Intersection name"},"geometry":{"type":"Point","coordinates":[-73.94472109012587,40.71729163627576]}},{"type":"Feature","properties":{"ll_type":"Honorary","intro_num":"0825","ll_limits":"At the intersection of Manhattan Ave and Greenpoint Avenue","intro_month":"9","amend_dt":null,"limits_er":null,"intro_day":"24","repeal_dt":null,"amendt_txt":null,"official_nm":"None","old_name":"None","amdyrllsec":null,"amended":"No","honor_name":"Charno Way","ll_num":"048","repealed":"No","ulurpcpnum":"none","ll_sec":"84","intro_year":"2008","lleffect_dt":"10/10/2008","borough":"Brooklyn","feat_type":"Intersection name"},"geometry":{"type":"Point","coordinates":[-73.95424519994212,40.73019745836821]}},{"type":"Feature","properties":{"ll_type":"Honorary","intro_num":"0825","ll_limits":"At the southwest corner of Flatbush Avenue and Fillmore Avenue","intro_month":"9","amend_dt":null,"limits_er":null,"intro_day":"24","repeal_dt":null,"amendt_txt":null,"official_nm":"None","old_name":"None","amdyrllsec":null,"amended":"No","honor_name":"Bill Reinhardt Way","ll_num":"048","repealed":"No","ulurpcpnum":"none","ll_sec":"20","intro_year":"2008","lleffect_dt":"10/10/2008","borough":"Brooklyn","feat_type":"Intersection name"},"geometry":{"type":"Point","coordinates":[-73.92812270164258,40.61451140901184]}},{"type":"Feature","properties":{"ll_type":"Honorary","intro_num":"0825","ll_limits":"At the intersection of Morrison Avenue at the southeast corner of Bement Avenue","intro_month":"9","amend_dt":null,"limits_er":null,"intro_day":"24","repeal_dt":null,"amendt_txt":null,"official_nm":"None","old_name":"None","amdyrllsec":null,"amended":"No","honor_name":"Frank H. Buttermark Place","ll_num":"048","repealed":"No","ulurpcpnum":"none","ll_sec":"52","intro_year":"2008","lleffect_dt":"10/10/2008","borough":"Staten Island","feat_type":"Intersection name"},"geometry":{"type":"Point","coordinates":[-74.11095391928924,40.62848348854031]}},{"type":"Feature","properties":{"ll_type":"Honorary","intro_num":"0825","ll_limits":"On the center median on Neptune Avenue and the corner of West 6th Street","intro_month":"9","amend_dt":null,"limits_er":null,"intro_day":"24","repeal_dt":null,"amendt_txt":null,"official_nm":"None","old_name":"None","amdyrllsec":null,"amended":"No","honor_name":"Howard Lasher Way","ll_num":"048","repealed":"No","ulurpcpnum":"none","ll_sec":"78","intro_year":"2008","lleffect_dt":"10/10/2008","borough":"Brooklyn","feat_type":"Intersection name"},"geometry":{"type":"Point","coordinates":[-73.97463376896502,40.579974345164096]}},{"type":"Feature","properties":{"ll_type":"Honorary","intro_num":"0825","ll_limits":"At the intersection of 14th Road and College Point Boulevard","intro_month":"9","amend_dt":null,"limits_er":null,"intro_day":"24","repeal_dt":null,"amendt_txt":null,"official_nm":"None","old_name":"None","amdyrllsec":null,"amended":"No","honor_name":"Fred J. Mazzarello Way","ll_num":"048","repealed":"No","ulurpcpnum":"none","ll_sec":"4","intro_year":"2008","lleffect_dt":"10/10/2008","borough":"Queens","feat_type":"Intersection name"},"geometry":{"type":"Point","coordinates":[-73.84577885377536,40.78489229463599]}},{"type":"Feature","properties":{"ll_type":"Honorary","intro_num":"0825","ll_limits":"At the intersection of 158th  Street and Riverside Drive","intro_month":"9","amend_dt":null,"limits_er":null,"intro_day":"24","repeal_dt":null,"amendt_txt":null,"official_nm":"None","old_name":"None","amdyrllsec":null,"amended":"No","honor_name":"USMC Lance Corporal John Carlo Kopacska Place","ll_num":"048","repealed":"No","ulurpcpnum":"none","ll_sec":"6","intro_year":"2008","lleffect_dt":"10/10/2008","borough":"Queens","feat_type":"Intersection name"},"geometry":{"type":"Point","coordinates":[-73.80316096563213,40.79516614570003]}},{"type":"Feature","properties":{"ll_type":"Honorary","intro_num":"0825","ll_limits":"At the intersection of 163rd Street and 107th Avenue","intro_month":"9","amend_dt":null,"limits_er":"163rd st and 107th ave do not intersect, placed at Guy R. Brewer Blvd and 107th Ave.","intro_day":"24","repeal_dt":"12/29/2008","amendt_txt":null,"official_nm":"None","old_name":"None","amdyrllsec":null,"amended":"No","honor_name":"Reverend Gene McGhee Street","ll_num":"048","repealed":"Yes","ulurpcpnum":"none","ll_sec":"12","intro_year":"2008","lleffect_dt":"10/10/2008","borough":"Queens","feat_type":"Intersection name"},"geometry":{"type":"Point","coordinates":[-73.7924029611554,40.69815203768986]}},{"type":"Feature","properties":{"ll_type":"Honorary","intro_num":"0825","ll_limits":"At the intersection of East 114th Street and 5th Avenue","intro_month":"9","amend_dt":null,"limits_er":"East 114th St and 5th Ave do not intersect","intro_day":"24","repeal_dt":null,"amendt_txt":null,"official_nm":"None","old_name":"None","amdyrllsec":null,"amended":"No","honor_name":"Lt. Robert Nagel Way","ll_num":"048","repealed":"No","ulurpcpnum":"none","ll_sec":"15","intro_year":"2008","lleffect_dt":"10/10/2008","borough":"Manhattan","feat_type":"Intersection name"},"geometry":{"type":"Point","coordinates":[-73.94741996193531,40.799350295508304]}},{"type":"Feature","properties":{"ll_type":"Honorary","intro_num":"0825","ll_limits":"Ettingville Boulevard at the southwest corner of Wilson Avenue","intro_month":"9","amend_dt":null,"limits_er":"was spelled Ettingville Boulevard in Local Law","intro_day":"24","repeal_dt":null,"amendt_txt":null,"official_nm":"None","old_name":"None","amdyrllsec":null,"amended":"No","honor_name":"Firefighter Raymond W. Hauber Way","ll_num":"048","repealed":"No","ulurpcpnum":"none","ll_sec":"29","intro_year":"2008","lleffect_dt":"10/10/2008","borough":"Staten Island","feat_type":"Intersection name"},"geometry":{"type":"Point","coordinates":[-74.16469913394032,40.54573639903617]}},{"type":"Feature","properties":{"ll_type":"Honorary","intro_num":"0825","ll_limits":"At the corner of West 125th Street and Amsterdam Avenue","intro_month":"9","amend_dt":null,"limits_er":null,"intro_day":"24","repeal_dt":"12/29/2008","amendt_txt":null,"official_nm":"None","old_name":"None","amdyrllsec":null,"amended":"No","honor_name":"Reverend Dr. Alfoyd Alston Way","ll_num":"048","repealed":"Yes","ulurpcpnum":"none","ll_sec":"32","intro_year":"2008","lleffect_dt":"10/10/2008","borough":"Manhattan","feat_type":"Intersection name"},"geometry":{"type":"Point","coordinates":[-73.95626958112967,40.81337502301829]}},{"type":"Feature","properties":{"ll_type":"Honorary","intro_num":"0825","ll_limits":"At the intersection of West 145th Street and Adam Clayton Powell, Jr. Boulevard","intro_month":"9","amend_dt":null,"limits_er":null,"intro_day":"24","repeal_dt":null,"amendt_txt":null,"official_nm":"None","old_name":"None","amdyrllsec":null,"amended":"No","honor_name":"Rev. Dr. Ollie B. Wells, Sr. Square","ll_num":"048","repealed":"No","ulurpcpnum":"none","ll_sec":"34","intro_year":"2008","lleffect_dt":"10/10/2008","borough":"Manhattan","feat_type":"Intersection name"},"geometry":{"type":"Point","coordinates":[-73.93907416827837,40.82163626683066]}},{"type":"Feature","properties":{"ll_type":"Honorary","intro_num":"0825","ll_limits":"At the northwest corner West 215th Street and Broadway","intro_month":"9","amend_dt":null,"limits_er":null,"intro_day":"24","repeal_dt":null,"amendt_txt":null,"official_nm":"None","old_name":"None","amdyrllsec":null,"amended":"No","honor_name":"Rita Venedam Place","ll_num":"048","repealed":"No","ulurpcpnum":"none","ll_sec":"35","intro_year":"2008","lleffect_dt":"10/10/2008","borough":"Manhattan","feat_type":"Intersection name"},"geometry":{"type":"Point","coordinates":[-73.91593107977238,40.86998350365365]}},{"type":"Feature","properties":{"ll_type":"Honorary","intro_num":"0825","ll_limits":"At the northeast corner of Brooklyn Avenue and St. John’s Place","intro_month":"9","amend_dt":null,"limits_er":null,"intro_day":"24","repeal_dt":null,"amendt_txt":null,"official_nm":"None","old_name":"None","amdyrllsec":null,"amended":"No","honor_name":"Carlos Lezama Way","ll_num":"048","repealed":"No","ulurpcpnum":"none","ll_sec":"36","intro_year":"2008","lleffect_dt":"10/10/2008","borough":"Brooklyn","feat_type":"Intersection name"},"geometry":{"type":"Point","coordinates":[-73.94468011098651,40.67146456262491]}},{"type":"Feature","properties":{"ll_type":"Honorary","intro_num":"0825","ll_limits":"At the intersection of 45th Street and Kissena Boulevard","intro_month":"9","amend_dt":null,"limits_er":null,"intro_day":"24","repeal_dt":"12/29/2008","amendt_txt":null,"official_nm":"None","old_name":"None","amdyrllsec":null,"amended":"No","honor_name":"Corporal Julian Alberto Ramon Avenue","ll_num":"048","repealed":"Yes","ulurpcpnum":"none","ll_sec":"38","intro_year":"2008","lleffect_dt":"10/10/2008","borough":"Queens","feat_type":"Intersection name"},"geometry":{"type":"Point","coordinates":[-73.82084928864039,40.75224154406081]}},{"type":"Feature","properties":{"ll_type":"Honorary","intro_num":"0825","ll_limits":"At the corner of 186th Street and Wadsworth Avenue","intro_month":"9","amend_dt":null,"limits_er":null,"intro_day":"24","repeal_dt":null,"amendt_txt":null,"official_nm":"None","old_name":"None","amdyrllsec":null,"amended":"No","honor_name":"Corporal Juan M. Alcantara Way","ll_num":"048","repealed":"No","ulurpcpnum":"none","ll_sec":"39","intro_year":"2008","lleffect_dt":"10/10/2008","borough":"Manhattan","feat_type":"Intersection name"},"geometry":{"type":"Point","coordinates":[-73.9327248898619,40.852897468703155]}},{"type":"Feature","properties":{"ll_type":"Honorary","intro_num":"0825","ll_limits":"At the southeast corner of West 190th Street and Audubon Avenue","intro_month":"9","amend_dt":null,"limits_er":null,"intro_day":"24","repeal_dt":null,"amendt_txt":null,"official_nm":"None","old_name":"None","amdyrllsec":null,"amended":"No","honor_name":"Miguel Amaro Way","ll_num":"048","repealed":"No","ulurpcpnum":"none","ll_sec":"40","intro_year":"2008","lleffect_dt":"10/10/2008","borough":"Manhattan","feat_type":"Intersection name"},"geometry":{"type":"Point","coordinates":[-73.92820235015515,40.854178091587706]}},{"type":"Feature","properties":{"ll_type":"Honorary","intro_num":"0825","ll_limits":"St. Paul’s Avenue at the southeast corner of Beach Street","intro_month":"9","amend_dt":null,"limits_er":null,"intro_day":"24","repeal_dt":null,"amendt_txt":null,"official_nm":"None","old_name":"None","amdyrllsec":null,"amended":"No","honor_name":"Pearse O’Callaghan Boulevard","ll_num":"048","repealed":"No","ulurpcpnum":"none","ll_sec":"56","intro_year":"2008","lleffect_dt":"10/10/2008","borough":"Staten Island","feat_type":"Intersection name"},"geometry":{"type":"Point","coordinates":[-74.08174520834363,40.62992434343359]}},{"type":"Feature","properties":{"ll_type":"Honorary","intro_num":"0825","ll_limits":"37 Drive at the north corners of 104th Street","intro_month":"9","amend_dt":null,"limits_er":null,"intro_day":"24","repeal_dt":null,"amendt_txt":null,"official_nm":"None","old_name":"None","amdyrllsec":null,"amended":"No","honor_name":"Army SPC. Alex Jimenez Way","ll_num":"048","repealed":"No","ulurpcpnum":"none","ll_sec":"58","intro_year":"2008","lleffect_dt":"10/10/2008","borough":"Queens","feat_type":"Intersection name"},"geometry":{"type":"Point","coordinates":[-73.86286608330553,40.75233603003154]}},{"type":"Feature","properties":{"ll_type":"Honorary","intro_num":"0825","ll_limits":"37 Drive at the north corners of 107th Street","intro_month":"9","amend_dt":null,"limits_er":null,"intro_day":"24","repeal_dt":null,"amendt_txt":null,"official_nm":"None","old_name":"None","amdyrllsec":null,"amended":"No","honor_name":"Army SPC. Alex Jimenez Way","ll_num":"048","repealed":"No","ulurpcpnum":"none","ll_sec":"58","intro_year":"2008","lleffect_dt":"10/10/2008","borough":"Queens","feat_type":"Intersection name"},"geometry":{"type":"Point","coordinates":[-73.8611769510357,40.75284165838707]}},{"type":"Feature","properties":{"ll_type":"Honorary","intro_num":"0825","ll_limits":"37 Drive at the north corners of 107th Street","intro_month":"9","amend_dt":null,"limits_er":null,"intro_day":"24","repeal_dt":null,"amendt_txt":null,"official_nm":"None","old_name":"None","amdyrllsec":null,"amended":"No","honor_name":"Army SPC. Alex Jimenez Way","ll_num":"048","repealed":"No","ulurpcpnum":"none","ll_sec":"58","intro_year":"2008","lleffect_dt":"10/10/2008","borough":"Queens","feat_type":"Intersection name"},"geometry":{"type":"Point","coordinates":[-73.86100476200006,40.75289765136584]}},{"type":"Feature","properties":{"ll_type":"Honorary","intro_num":"0825","ll_limits":"37 Drive at the north corners of 108th Street","intro_month":"9","amend_dt":null,"limits_er":null,"intro_day":"24","repeal_dt":null,"amendt_txt":null,"official_nm":"None","old_name":"None","amdyrllsec":null,"amended":"No","honor_name":"Army SPC. Alex Jimenez Way","ll_num":"048","repealed":"No","ulurpcpnum":"none","ll_sec":"58","intro_year":"2008","lleffect_dt":"10/10/2008","borough":"Queens","feat_type":"Intersection name"},"geometry":{"type":"Point","coordinates":[-73.8601433870272,40.75315182856729]}},{"type":"Feature","properties":{"ll_type":"Honorary","intro_num":"0825","ll_limits":"37 Drive at the north corners of 108th Street","intro_month":"9","amend_dt":null,"limits_er":null,"intro_day":"24","repeal_dt":null,"amendt_txt":null,"official_nm":"None","old_name":"None","amdyrllsec":null,"amended":"No","honor_name":"Army SPC. Alex Jimenez Way","ll_num":"048","repealed":"No","ulurpcpnum":"none","ll_sec":"58","intro_year":"2008","lleffect_dt":"10/10/2008","borough":"Queens","feat_type":"Intersection name"},"geometry":{"type":"Point","coordinates":[-73.85991252891314,40.753221524617]}},{"type":"Feature","properties":{"ll_type":"Honorary","intro_num":"0825","ll_limits":"82nd Street and 37th Avenue","intro_month":"9","amend_dt":null,"limits_er":null,"intro_day":"24","repeal_dt":null,"amendt_txt":null,"official_nm":"None","old_name":"None","amdyrllsec":null,"amended":"No","honor_name":"Calle Colombia Way","ll_num":"048","repealed":"No","ulurpcpnum":"none","ll_sec":"59","intro_year":"2008","lleffect_dt":"10/10/2008","borough":"Queens","feat_type":"Intersection name"},"geometry":{"type":"Point","coordinates":[-73.88431060814452,40.74974518073373]}},{"type":"Feature","properties":{"ll_type":"Honorary","intro_num":"0825","ll_limits":"Junction Boulevard and 37th Avenue (all corners)","intro_month":"9","amend_dt":null,"limits_er":null,"intro_day":"24","repeal_dt":null,"amendt_txt":null,"official_nm":"None","old_name":"None","amdyrllsec":null,"amended":"No","honor_name":"Quisqueya Boulevard","ll_num":"048","repealed":"No","ulurpcpnum":"none","ll_sec":"60","intro_year":"2008","lleffect_dt":"10/10/2008","borough":"Queens","feat_type":"Intersection name"},"geometry":{"type":"Point","coordinates":[-73.87084215647909,40.75154469278682]}},{"type":"Feature","properties":{"ll_type":"Honorary","intro_num":"0825","ll_limits":"At the northwest corner of 32nd Avenue and 102nd Street","intro_month":"9","amend_dt":null,"limits_er":null,"intro_day":"24","repeal_dt":null,"amendt_txt":null,"official_nm":"None","old_name":"None","amdyrllsec":null,"amended":"No","honor_name":"Leverich Memorial Church Way","ll_num":"048","repealed":"No","ulurpcpnum":"none","ll_sec":"61","intro_year":"2008","lleffect_dt":"10/10/2008","borough":"Queens","feat_type":"Intersection name"},"geometry":{"type":"Point","coordinates":[-73.86700666208712,40.7594523710127]}},{"type":"Feature","properties":{"ll_type":"Honorary","intro_num":"0825","ll_limits":"At the northeast corner of East 37th Street and Madison Avenue","intro_month":"9","amend_dt":null,"limits_er":null,"intro_day":"24","repeal_dt":null,"amendt_txt":null,"official_nm":"None","old_name":"None","amdyrllsec":null,"amended":"No","honor_name":"Jan Karski Corner","ll_num":"048","repealed":"No","ulurpcpnum":"none","ll_sec":"74","intro_year":"2008","lleffect_dt":"10/10/2008","borough":"Manhattan","feat_type":"Intersection name"},"geometry":{"type":"Point","coordinates":[-73.98141876191727,40.74968720818799]}},{"type":"Feature","properties":{"ll_type":"Honorary","intro_num":"0825","ll_limits":"At the northeast corner of Sullivan Street and Bleecker Street","intro_month":"9","amend_dt":null,"limits_er":null,"intro_day":"24","repeal_dt":null,"amendt_txt":null,"official_nm":"None","old_name":"None","amdyrllsec":null,"amended":"No","honor_name":"Aux P.O. Nicholas Pekearo Corner","ll_num":"048","repealed":"No","ulurpcpnum":"none","ll_sec":"75","intro_year":"2008","lleffect_dt":"10/10/2008","borough":"Manhattan","feat_type":"Intersection name"},"geometry":{"type":"Point","coordinates":[-74.00031061989124,40.72882331940936]}},{"type":"Feature","properties":{"ll_type":"Honorary","intro_num":"0825","ll_limits":"At the southwest corner of Sullivan Street and Bleecker Street","intro_month":"9","amend_dt":null,"limits_er":null,"intro_day":"24","repeal_dt":null,"amendt_txt":null,"official_nm":"None","old_name":"None","amdyrllsec":null,"amended":"No","honor_name":"Aux P.O. Eugene Marshalik Corner","ll_num":"048","repealed":"No","ulurpcpnum":"none","ll_sec":"76","intro_year":"2008","lleffect_dt":"10/10/2008","borough":"Manhattan","feat_type":"Intersection name"},"geometry":{"type":"Point","coordinates":[-74.00055305774426,40.72877357350207]}},{"type":"Feature","properties":{"ll_type":"Honorary","intro_num":"0935","ll_limits":"At the intersection of East 164th Street and Walton Avenue","intro_month":"9","amend_dt":null,"limits_er":null,"intro_day":"24","repeal_dt":null,"amendt_txt":null,"official_nm":"None","old_name":"None","amdyrllsec":null,"amended":"No","honor_name":"All Hallows Way","ll_num":"048","repealed":"No","ulurpcpnum":"none","ll_sec":"1","intro_year":"2012","lleffect_dt":"10/02/2012","borough":"Bronx","feat_type":"Intersection name"},"geometry":{"type":"Point","coordinates":[-73.92241310900222,40.83005253897048]}},{"type":"Feature","properties":{"ll_type":"Honorary","intro_num":"0935","ll_limits":"At the intersection of East 152nd Street and Wales Avenue","intro_month":"9","amend_dt":null,"limits_er":null,"intro_day":"24","repeal_dt":null,"amendt_txt":null,"official_nm":"None","old_name":"None","amdyrllsec":null,"amended":"No","honor_name":"Ronney (Venezuela) Vargas Place","ll_num":"048","repealed":"No","ulurpcpnum":"none","ll_sec":"3","intro_year":"2012","lleffect_dt":"10/02/2012","borough":"Bronx","feat_type":"Intersection name"},"geometry":{"type":"Point","coordinates":[-73.90623715214876,40.815664194967034]}},{"type":"Feature","properties":{"ll_type":"Honorary","intro_num":"0935","ll_limits":"At the intersection of 73rd Street and Ridge Boulevard","intro_month":"9","amend_dt":null,"limits_er":null,"intro_day":"24","repeal_dt":null,"amendt_txt":null,"official_nm":"None","old_name":"None","amdyrllsec":null,"amended":"No","honor_name":"Christ Church Lane","ll_num":"048","repealed":"No","ulurpcpnum":"none","ll_sec":"15","intro_year":"2012","lleffect_dt":"10/02/2012","borough":"Brooklyn","feat_type":"Intersection name"},"geometry":{"type":"Point","coordinates":[-74.02991368687758,40.63347412650343]}},{"type":"Feature","properties":{"ll_type":"Honorary","intro_num":"0935","ll_limits":"At the intersection of 13th Avenue and 79th Street","intro_month":"9","amend_dt":null,"limits_er":null,"intro_day":"24","repeal_dt":null,"amendt_txt":null,"official_nm":"None","old_name":"None","amdyrllsec":null,"amended":"No","honor_name":"Andrew Torregrossa Jr. Way","ll_num":"048","repealed":"No","ulurpcpnum":"none","ll_sec":"16","intro_year":"2012","lleffect_dt":"10/02/2012","borough":"Brooklyn","feat_type":"Intersection name"},"geometry":{"type":"Point","coordinates":[-74.00979985692992,40.618023813858215]}},{"type":"Feature","properties":{"ll_type":"Honorary","intro_num":"0935","ll_limits":"At the intersection of 82nd Street and 15th Avenue","intro_month":"9","amend_dt":null,"limits_er":null,"intro_day":"24","repeal_dt":null,"amendt_txt":null,"official_nm":"None","old_name":"None","amdyrllsec":null,"amended":"No","honor_name":"Karen Barone Way","ll_num":"048","repealed":"No","ulurpcpnum":"none","ll_sec":"17","intro_year":"2012","lleffect_dt":"10/02/2012","borough":"Brooklyn","feat_type":"Intersection name"},"geometry":{"type":"Point","coordinates":[-74.00714249364195,40.61368504812071]}},{"type":"Feature","properties":{"ll_type":"Honorary","intro_num":"0935","ll_limits":"At the intersection of Joline Avenue and Amboy Road","intro_month":"9","amend_dt":null,"limits_er":null,"intro_day":"24","repeal_dt":null,"amendt_txt":null,"official_nm":"None","old_name":"None","amdyrllsec":null,"amended":"No","honor_name":"Thomas, Martin & William/SNEE CORNER/World War II Heroes","ll_num":"048","repealed":"No","ulurpcpnum":"none","ll_sec":"20","intro_year":"2012","lleffect_dt":"10/02/2012","borough":"Staten Island","feat_type":"Intersection name"},"geometry":{"type":"Point","coordinates":[-74.237360189564,40.513514112969794]}},{"type":"Feature","properties":{"ll_type":"Honorary","intro_num":"0935","ll_limits":"At the southwest corner of Giles Place and Sedgwick Avenue","intro_month":"9","amend_dt":null,"limits_er":null,"intro_day":"24","repeal_dt":null,"amendt_txt":null,"official_nm":"None","old_name":"None","amdyrllsec":null,"amended":"No","honor_name":"Howard E. Padernacht Place","ll_num":"048","repealed":"No","ulurpcpnum":"none","ll_sec":"21","intro_year":"2012","lleffect_dt":"10/02/2012","borough":"Bronx","feat_type":"Intersection name"},"geometry":{"type":"Point","coordinates":[-73.89674299049896,40.88117310102886]}},{"type":"Feature","properties":{"ll_type":"Honorary","intro_num":"0935","ll_limits":"At the intersection of Midland Avenue and North Railroad Avenue","intro_month":"9","amend_dt":null,"limits_er":null,"intro_day":"24","repeal_dt":null,"amendt_txt":null,"official_nm":"None","old_name":"None","amdyrllsec":null,"amended":"No","honor_name":"Kevin J. Walsh Way","ll_num":"048","repealed":"No","ulurpcpnum":"none","ll_sec":"27","intro_year":"2012","lleffect_dt":"10/02/2012","borough":"Staten Island","feat_type":"Intersection name"},"geometry":{"type":"Point","coordinates":[-74.10755588226206,40.58073009588236]}},{"type":"Feature","properties":{"ll_type":"Honorary","intro_num":"0935","ll_limits":"At the intersection of Laconia Avenue and Atlantic Avenue","intro_month":"9","amend_dt":null,"limits_er":null,"intro_day":"24","repeal_dt":null,"amendt_txt":null,"official_nm":"None","old_name":"None","amdyrllsec":null,"amended":"No","honor_name":"Commissioner Richard J. Sheirer Way","ll_num":"048","repealed":"No","ulurpcpnum":"none","ll_sec":"28","intro_year":"2012","lleffect_dt":"10/02/2012","borough":"Staten Island","feat_type":"Intersection name"},"geometry":{"type":"Point","coordinates":[-74.08718195670575,40.58928688687033]}},{"type":"Feature","properties":{"ll_type":"Honorary","intro_num":"0935","ll_limits":"At the intersection of Kensington Avenue and Kramer Street","intro_month":"9","amend_dt":null,"limits_er":null,"intro_day":"24","repeal_dt":null,"amendt_txt":null,"official_nm":"None","old_name":"None","amdyrllsec":null,"amended":"No","honor_name":"William J. Maguire Way","ll_num":"048","repealed":"No","ulurpcpnum":"none","ll_sec":"29","intro_year":"2012","lleffect_dt":"10/02/2012","borough":"Staten Island","feat_type":"Intersection name"},"geometry":{"type":"Point","coordinates":[-74.07781229331027,40.597284298566365]}},{"type":"Feature","properties":{"ll_type":"Honorary","intro_num":"0935","ll_limits":"On the southwest corner of West 25th Street and Surf Avenue","intro_month":"9","amend_dt":null,"limits_er":null,"intro_day":"24","repeal_dt":null,"amendt_txt":null,"official_nm":"None","old_name":"None","amdyrllsec":null,"amended":"No","honor_name":"P.O. Nicholas Panico and P.O. Robert Byrnes Way","ll_num":"048","repealed":"No","ulurpcpnum":"none","ll_sec":"30","intro_year":"2012","lleffect_dt":"10/02/2012","borough":"Brooklyn","feat_type":"Intersection name"},"geometry":{"type":"Point","coordinates":[-73.99181194629051,40.57326148575964]}},{"type":"Feature","properties":{"ll_type":"Honorary","intro_num":"0935","ll_limits":"On the southwest corner of Neptune Avenue and Stilwell Avenue","intro_month":"9","amend_dt":null,"limits_er":null,"intro_day":"24","repeal_dt":null,"amendt_txt":null,"official_nm":"None","old_name":"None","amdyrllsec":null,"amended":"No","honor_name":"Frank Pane Way","ll_num":"048","repealed":"No","ulurpcpnum":"none","ll_sec":"31","intro_year":"2012","lleffect_dt":"10/02/2012","borough":"Brooklyn","feat_type":"Intersection name"},"geometry":{"type":"Point","coordinates":[-73.98207590148395,40.579032538386954]}},{"type":"Feature","properties":{"ll_type":"Honorary","intro_num":"0935","ll_limits":"at the intersection of Arthur Avenue and East 186th Street","intro_month":"9","amend_dt":null,"limits_er":null,"intro_day":"24","repeal_dt":null,"amendt_txt":null,"official_nm":"None","old_name":"None","amdyrllsec":null,"amended":"No","honor_name":"Police Officer Anthony DiGiovanna Way","ll_num":"048","repealed":"No","ulurpcpnum":"none","ll_sec":"33","intro_year":"2012","lleffect_dt":"10/02/2012","borough":"Bronx","feat_type":"Intersection name"},"geometry":{"type":"Point","coordinates":[-73.88823687173827,40.854761526361244]}},{"type":"Feature","properties":{"ll_type":"Honorary","intro_num":"0935","ll_limits":"On the west side of Bement Avenue and Morrison Avenue","intro_month":"9","amend_dt":null,"limits_er":null,"intro_day":"24","repeal_dt":null,"amendt_txt":null,"official_nm":"None","old_name":"None","amdyrllsec":null,"amended":"No","honor_name":"District Attorney Bill Murphy Way","ll_num":"048","repealed":"No","ulurpcpnum":"none","ll_sec":"35","intro_year":"2012","lleffect_dt":"10/02/2012","borough":"Staten Island","feat_type":"Intersection name"},"geometry":{"type":"Point","coordinates":[-74.1112482602475,40.62887488994318]}},{"type":"Feature","properties":{"ll_type":"Honorary","intro_num":"0935","ll_limits":"At the northwest corner of Elizabeth Street and Spring Street","intro_month":"9","amend_dt":null,"limits_er":null,"intro_day":"24","repeal_dt":null,"amendt_txt":null,"official_nm":"None","old_name":"None","amdyrllsec":null,"amended":"No","honor_name":"William and Sarah Richio Way","ll_num":"048","repealed":"No","ulurpcpnum":"none","ll_sec":"6","intro_year":"2012","lleffect_dt":"10/02/2012","borough":"Manhattan","feat_type":"Intersection name"},"geometry":{"type":"Point","coordinates":[-73.99475669641008,40.721396419146046]}},{"type":"Feature","properties":{"ll_type":"Honorary","intro_num":"0935","ll_limits":"At the southeast corner of 77th Street and Broadway","intro_month":"9","amend_dt":null,"limits_er":null,"intro_day":"24","repeal_dt":null,"amendt_txt":null,"official_nm":"None","old_name":"None","amdyrllsec":null,"amended":"No","honor_name":"Guillermo Vasquez Corner","ll_num":"048","repealed":"No","ulurpcpnum":"none","ll_sec":"11","intro_year":"2012","lleffect_dt":"10/02/2012","borough":"Queens","feat_type":"Intersection name"},"geometry":{"type":"Point","coordinates":[-73.8882015912542,40.74518361093268]}},{"type":"Feature","properties":{"ll_type":"Honorary","intro_num":"0935","ll_limits":"Southwest and northeast corners of 2nd Avenue and 111th Street","intro_month":"9","amend_dt":null,"limits_er":null,"intro_day":"24","repeal_dt":null,"amendt_txt":null,"official_nm":"None","old_name":"None","amdyrllsec":null,"amended":"No","honor_name":"Petra Allende Way","ll_num":"048","repealed":"No","ulurpcpnum":"none","ll_sec":"23","intro_year":"2012","lleffect_dt":"10/02/2012","borough":"Manhattan","feat_type":"Intersection name"},"geometry":{"type":"Point","coordinates":[-73.94029983584956,40.79381100040743]}},{"type":"Feature","properties":{"ll_type":"Honorary","intro_num":"0935","ll_limits":"Southwest and northeast corners of 2nd Avenue and 111th Street","intro_month":"9","amend_dt":null,"limits_er":null,"intro_day":"24","repeal_dt":null,"amendt_txt":null,"official_nm":"None","old_name":"None","amdyrllsec":null,"amended":"No","honor_name":"Petra Allende Way","ll_num":"048","repealed":"No","ulurpcpnum":"none","ll_sec":"23","intro_year":"2012","lleffect_dt":"10/02/2012","borough":"Manhattan","feat_type":"Intersection name"},"geometry":{"type":"Point","coordinates":[-73.93990740593314,40.79381861282008]}},{"type":"Feature","properties":{"ll_type":"Honorary","intro_num":"0935","ll_limits":"At the east side of East 107th Street and 3rd Avenue","intro_month":"9","amend_dt":null,"limits_er":null,"intro_day":"24","repeal_dt":null,"amendt_txt":null,"official_nm":"None","old_name":"None","amdyrllsec":null,"amended":"No","honor_name":"Marie Dickson Place","ll_num":"048","repealed":"No","ulurpcpnum":"none","ll_sec":"24","intro_year":"2012","lleffect_dt":"10/02/2012","borough":"Manhattan","feat_type":"Intersection name"},"geometry":{"type":"Point","coordinates":[-73.94402590593413,40.792179380510035]}},{"type":"Feature","properties":{"ll_type":"Honorary","intro_num":"0474","ll_limits":"The Northeast corner of 7th Ave and Christopher St.","intro_month":"2","amend_dt":null,"limits_er":null,"intro_day":"25","repeal_dt":null,"amendt_txt":null,"official_nm":"None","old_name":"None","amdyrllsec":null,"amended":"No","honor_name":"Wes Joice Corner","ll_num":"008","repealed":"No","ulurpcpnum":"none","ll_sec":"1","intro_year":"1999","lleffect_dt":"03/11/1999","borough":"Manhattan","feat_type":"Corner name"},"geometry":{"type":"Point","coordinates":[-74.00255019214173,40.733720968239474]}},{"type":"Feature","properties":{"ll_type":"Honorary","intro_num":"1217","ll_limits":"At the southwest corner of Adam Clayton Powell, Jr. Boulevard and 122nd Street","intro_month":"12","amend_dt":null,"limits_er":null,"intro_day":"19","repeal_dt":null,"amendt_txt":null,"official_nm":"None","old_name":"None","amdyrllsec":null,"amended":"No","honor_name":"Hermena Rowe Street","ll_num":"154","repealed":"No","ulurpcpnum":"none","ll_sec":"1","intro_year":"2013","lleffect_dt":"12/30/2013","borough":"Manhattan","feat_type":"Intersection name"},"geometry":{"type":"Point","coordinates":[-73.95000713237972,40.80706805537928]}},{"type":"Feature","properties":{"ll_type":"Honorary","intro_num":"1188","ll_limits":"At the southwest corner of Prospect Avenue and Westchester Avenue","intro_month":"11","amend_dt":null,"limits_er":null,"intro_day":"14","repeal_dt":null,"amendt_txt":null,"official_nm":"None","old_name":"None","amdyrllsec":null,"amended":"No","honor_name":"Miguel Angel (Mike) Amadeo Way","ll_num":"131","repealed":"No","ulurpcpnum":"none","ll_sec":"1","intro_year":"2013","lleffect_dt":"12/17/2013","borough":"Bronx","feat_type":"Intersection name"},"geometry":{"type":"Point","coordinates":[-73.9019215225366,40.819354922292746]}},{"type":"Feature","properties":{"ll_type":"Honorary","intro_num":"1217","ll_limits":"At the intersection of 4th Avenue and 36th Street","intro_month":"12","amend_dt":null,"limits_er":null,"intro_day":"19","repeal_dt":null,"amendt_txt":null,"official_nm":"None","old_name":"None","amdyrllsec":null,"amended":"No","honor_name":"Captain Dennis Morales Way","ll_num":"154","repealed":"No","ulurpcpnum":"none","ll_sec":"2","intro_year":"2013","lleffect_dt":"12/30/2013","borough":"Brooklyn","feat_type":"Intersection name"},"geometry":{"type":"Point","coordinates":[-74.0044193032169,40.65430911354635]}},{"type":"Feature","properties":{"ll_type":"Honorary","intro_num":"1188","ll_limits":"At the intersection of Willis Avenue and East 135th Street","intro_month":"11","amend_dt":null,"limits_er":null,"intro_day":"14","repeal_dt":null,"amendt_txt":null,"official_nm":"None","old_name":"None","amdyrllsec":null,"amended":"No","honor_name":"Private First Class Carlos James Lozada Place","ll_num":"131","repealed":"No","ulurpcpnum":"none","ll_sec":"2","intro_year":"2013","lleffect_dt":"12/17/2013","borough":"Bronx","feat_type":"Intersection name"},"geometry":{"type":"Point","coordinates":[-73.92427980839541,40.807186717393655]}},{"type":"Feature","properties":{"ll_type":"Honorary","intro_num":"0827","ll_limits":"the northeast corner of Beach Street and St. Paul's Avenue","intro_month":"10","amend_dt":null,"limits_er":null,"intro_day":"31","repeal_dt":null,"amendt_txt":null,"official_nm":"None","old_name":"None","amdyrllsec":null,"amended":"No","honor_name":"Rev. Frederick Sutter and Rev. Carl Sutter Corner","ll_num":"068","repealed":"No","ulurpcpnum":"none","ll_sec":"2","intro_year":"2000","lleffect_dt":"12/18/2001","borough":"Staten Island","feat_type":"Corner name"},"geometry":{"type":"Point","coordinates":[-74.08158246429274,40.63003046822821]}},{"type":"Feature","properties":{"ll_type":"Honorary","intro_num":"1045","ll_limits":"At the intersection of Ogden Avenue and West 162nd Street","intro_month":"5","amend_dt":null,"limits_er":null,"intro_day":"2","repeal_dt":null,"amendt_txt":null,"official_nm":"None","old_name":"None","amdyrllsec":null,"amended":"No","honor_name":"Yomo Toro Place","ll_num":"050","repealed":"No","ulurpcpnum":"none","ll_sec":"2","intro_year":"2013","lleffect_dt":"07/01/2013","borough":"Bronx","feat_type":"Intersection name"},"geometry":{"type":"Point","coordinates":[-73.93010884920312,40.83164091693367]}},{"type":"Feature","properties":{"ll_type":"Honorary","intro_num":"1188","ll_limits":"At the intersection of 161st Street and River Avenue","intro_month":"11","amend_dt":null,"limits_er":null,"intro_day":"14","repeal_dt":null,"amendt_txt":null,"official_nm":"None","old_name":"None","amdyrllsec":null,"amended":"No","honor_name":"Rivera Avenue","ll_num":"131","repealed":"No","ulurpcpnum":"none","ll_sec":"3","intro_year":"2013","lleffect_dt":"12/17/2013","borough":"Bronx","feat_type":"Intersection name"},"geometry":{"type":"Point","coordinates":[-73.92592785480805,40.827811554301555]}},{"type":"Feature","properties":{"ll_type":"Honorary","intro_num":"1217","ll_limits":"At the intersection of 6th Avenue and 56th Street","intro_month":"12","amend_dt":null,"limits_er":null,"intro_day":"19","repeal_dt":null,"amendt_txt":null,"official_nm":"None","old_name":"None","amdyrllsec":null,"amended":"No","honor_name":"Subhi Widdi Way","ll_num":"154","repealed":"No","ulurpcpnum":"none","ll_sec":"3","intro_year":"2013","lleffect_dt":"12/30/2013","borough":"Brooklyn","feat_type":"Intersection name"},"geometry":{"type":"Point","coordinates":[-74.0116111059392,40.64041592904183]}},{"type":"Feature","properties":{"ll_type":"Honorary","intro_num":"1188","ll_limits":"At the southeast corner of 60th Street and Broadway","intro_month":"11","amend_dt":null,"limits_er":null,"intro_day":"14","repeal_dt":null,"amendt_txt":null,"official_nm":"None","old_name":"None","amdyrllsec":null,"amended":"No","honor_name":"P.O. Calabrese and P.O. Keegan Plaza","ll_num":"131","repealed":"No","ulurpcpnum":"none","ll_sec":"4","intro_year":"2013","lleffect_dt":"12/17/2013","borough":"Manhattan","feat_type":"Intersection name"},"geometry":{"type":"Point","coordinates":[-73.90186936690759,40.750980669426625]}},{"type":"Feature","properties":{"ll_type":"Honorary","intro_num":"1188","ll_limits":"At the northwest corner of West 77th Street and West End Avenue","intro_month":"11","amend_dt":null,"limits_er":null,"intro_day":"14","repeal_dt":null,"amendt_txt":null,"official_nm":"None","old_name":"None","amdyrllsec":null,"amended":"No","honor_name":"Miles Davis Way","ll_num":"131","repealed":"No","ulurpcpnum":"none","ll_sec":"5","intro_year":"2013","lleffect_dt":"12/17/2013","borough":"Manhattan","feat_type":"Intersection name"},"geometry":{"type":"Point","coordinates":[-73.98222511500806,40.78316017343921]}},{"type":"Feature","properties":{"ll_type":"Honorary","intro_num":"1045","ll_limits":"At the intersection of Illion Avenue and Hannibal Street","intro_month":"5","amend_dt":null,"limits_er":null,"intro_day":"2","repeal_dt":null,"amendt_txt":null,"official_nm":"None","old_name":"None","amdyrllsec":null,"amended":"No","honor_name":"Arthur Hill Way","ll_num":"050","repealed":"No","ulurpcpnum":"none","ll_sec":"6","intro_year":"2013","lleffect_dt":"07/01/2013","borough":"Queens","feat_type":"Intersection name"},"geometry":{"type":"Point","coordinates":[-73.76758723713738,40.70105259260115]}},{"type":"Feature","properties":{"ll_type":"Honorary","intro_num":"1188","ll_limits":"At the intersection of Elizabeth Street and Kenmare Street","intro_month":"11","amend_dt":null,"limits_er":null,"intro_day":"14","repeal_dt":null,"amendt_txt":null,"official_nm":"None","old_name":"None","amdyrllsec":null,"amended":"No","honor_name":"Janet Freeman Way","ll_num":"131","repealed":"No","ulurpcpnum":"none","ll_sec":"6","intro_year":"2013","lleffect_dt":"12/17/2013","borough":"Manhattan","feat_type":"Intersection name"},"geometry":{"type":"Point","coordinates":[-73.9949692633433,40.72062712147853]}},{"type":"Feature","properties":{"ll_type":"Honorary","intro_num":"1217","ll_limits":"At the intersection of East 12th Street and Gravesend Neck Road","intro_month":"12","amend_dt":null,"limits_er":null,"intro_day":"19","repeal_dt":null,"amendt_txt":null,"official_nm":"None","old_name":"None","amdyrllsec":null,"amended":"No","honor_name":"John E. Nikas Way","ll_num":"154","repealed":"No","ulurpcpnum":"none","ll_sec":"6","intro_year":"2013","lleffect_dt":"12/30/2013","borough":"Brooklyn","feat_type":"Intersection name"},"geometry":{"type":"Point","coordinates":[-73.95946787313778,40.594565490950814]}},{"type":"Feature","properties":{"ll_type":"Honorary","intro_num":"1045","ll_limits":"At the intersection of South Road and Guy R. Brewer Boulevard","intro_month":"5","amend_dt":null,"limits_er":null,"intro_day":"2","repeal_dt":null,"amendt_txt":null,"official_nm":"None","old_name":"None","amdyrllsec":null,"amended":"No","honor_name":"Rev. Carl and Mother Helen Baldwin Way","ll_num":"050","repealed":"No","ulurpcpnum":"none","ll_sec":"7","intro_year":"2013","lleffect_dt":"07/01/2013","borough":"Queens","feat_type":"Intersection name"},"geometry":{"type":"Point","coordinates":[-73.79357708696216,40.69975647133218]}},{"type":"Feature","properties":{"ll_type":"Honorary","intro_num":"1188","ll_limits":"At the intersection of Guy R. Brewer Boulevard and 110th Road","intro_month":"11","amend_dt":null,"limits_er":null,"intro_day":"14","repeal_dt":"7/9/2014","amendt_txt":null,"official_nm":"None","old_name":"None","amdyrllsec":null,"amended":"No","honor_name":"Bishop Roderick R. Caesar Sr. Way","ll_num":"131","repealed":"Yes","ulurpcpnum":"none","ll_sec":"8","intro_year":"2013","lleffect_dt":"12/17/2013","borough":"Queens","feat_type":"Intersection name"},"geometry":{"type":"Point","coordinates":[-73.78817249167332,40.69235600725286]}},{"type":"Feature","properties":{"ll_type":"Honorary","intro_num":"1045","ll_limits":"At the intersection of 88th Avenue and 178th Street","intro_month":"5","amend_dt":null,"limits_er":null,"intro_day":"2","repeal_dt":null,"amendt_txt":null,"official_nm":"None","old_name":"None","amdyrllsec":null,"amended":"No","honor_name":"Jefferson Diggs Way","ll_num":"050","repealed":"No","ulurpcpnum":"none","ll_sec":"8","intro_year":"2013","lleffect_dt":"07/01/2013","borough":"Queens","feat_type":"Intersection name"},"geometry":{"type":"Point","coordinates":[-73.78502885338195,40.71157072399692]}},{"type":"Feature","properties":{"ll_type":"Honorary","intro_num":"1188","ll_limits":"At the intersection of 219th Street and Linden Boulevard","intro_month":"11","amend_dt":null,"limits_er":null,"intro_day":"14","repeal_dt":null,"amendt_txt":null,"official_nm":"None","old_name":"None","amdyrllsec":null,"amended":"No","honor_name":"Apostle John H. Boyd Sr. Way","ll_num":"131","repealed":"No","ulurpcpnum":"none","ll_sec":"9","intro_year":"2013","lleffect_dt":"12/17/2013","borough":"Queens","feat_type":"Intersection name"},"geometry":{"type":"Point","coordinates":[-73.7410016147188,40.69541008121985]}},{"type":"Feature","properties":{"ll_type":"Honorary","intro_num":"1045","ll_limits":"At the intersection of 219th Street and Linden Boulevard","intro_month":"5","amend_dt":null,"limits_er":null,"intro_day":"2","repeal_dt":"12/17/2013","amendt_txt":null,"official_nm":"None","old_name":"None","amdyrllsec":null,"amended":"No","honor_name":"Rev. Dr. John H. Boyd Sr. Way","ll_num":"050","repealed":"Yes","ulurpcpnum":"none","ll_sec":"9","intro_year":"2013","lleffect_dt":"07/01/2013","borough":"Queens","feat_type":"Intersection name"},"geometry":{"type":"Point","coordinates":[-73.7410016147188,40.69541008121985]}},{"type":"Feature","properties":{"ll_type":"Honorary","intro_num":"1045","ll_limits":"At the intersection of 199th Street and 113th Avenue","intro_month":"5","amend_dt":null,"limits_er":null,"intro_day":"2","repeal_dt":null,"amendt_txt":null,"official_nm":"None","old_name":"None","amdyrllsec":null,"amended":"No","honor_name":"Monsignor Robert R. McCourt Way","ll_num":"050","repealed":"No","ulurpcpnum":"none","ll_sec":"10","intro_year":"2013","lleffect_dt":"07/01/2013","borough":"Queens","feat_type":"Intersection name"},"geometry":{"type":"Point","coordinates":[-73.75618741383589,40.70112202236261]}},{"type":"Feature","properties":{"ll_type":"Honorary","intro_num":"1188","ll_limits":"At the intersection of 201st Street and Linden Boulevard","intro_month":"11","amend_dt":null,"limits_er":null,"intro_day":"14","repeal_dt":null,"amendt_txt":null,"official_nm":"None","old_name":"None","amdyrllsec":null,"amended":"No","honor_name":"Reverend Lucile C. Hill Way","ll_num":"131","repealed":"No","ulurpcpnum":"none","ll_sec":"10","intro_year":"2013","lleffect_dt":"12/17/2013","borough":"Queens","feat_type":"Intersection name"},"geometry":{"type":"Point","coordinates":[-73.75170269005375,40.694597212066824]}},{"type":"Feature","properties":{"ll_type":"Honorary","intro_num":"1103","ll_limits":"Northeast corner of 15th Avenue and 15th Street","intro_month":"12","amend_dt":null,"limits_er":null,"intro_day":"9","repeal_dt":null,"amendt_txt":null,"official_nm":"None","old_name":"None","amdyrllsec":null,"amended":"No","honor_name":"Thomas Joseph Sgroi A 9-11 Memorial Way","ll_num":"092","repealed":"No","ulurpcpnum":"none","ll_sec":"10","intro_year":"2009","lleffect_dt":"12/28/2009","borough":"Brooklyn","feat_type":"Intersection name"},"geometry":{"type":"Point","coordinates":[-74.01741151046075,40.603638788731594]}},{"type":"Feature","properties":{"ll_type":"Honorary","intro_num":"1045","ll_limits":"At the intersection of 200th Street and Linden Boulevard","intro_month":"5","amend_dt":null,"limits_er":null,"intro_day":"2","repeal_dt":"12/17/2013","amendt_txt":null,"official_nm":"None","old_name":"None","amdyrllsec":null,"amended":"No","honor_name":"Lucile Hill Way","ll_num":"050","repealed":"Yes","ulurpcpnum":"none","ll_sec":"11","intro_year":"2013","lleffect_dt":"07/01/2013","borough":"Queens","feat_type":"Intersection name"},"geometry":{"type":"Point","coordinates":[-73.75254233962762,40.69436209467565]}},{"type":"Feature","properties":{"ll_type":"Honorary","intro_num":"1188","ll_limits":"At the intersection of 112th Avenue and Springfield Boulevard","intro_month":"11","amend_dt":null,"limits_er":null,"intro_day":"14","repeal_dt":"7/9/2014","amendt_txt":null,"official_nm":"None","old_name":"None","amdyrllsec":null,"amended":"No","honor_name":"Rev. Charles W. Mixon Way","ll_num":"131","repealed":"Yes","ulurpcpnum":"none","ll_sec":"11","intro_year":"2013","lleffect_dt":"12/17/2013","borough":"Queens","feat_type":"Intersection name"},"geometry":{"type":"Point","coordinates":[-73.73981545222205,40.705300743950616]}},{"type":"Feature","properties":{"ll_type":"Honorary","intro_num":"1188","ll_limits":"At the southeast corner of 197th Street and Linden Boulevard","intro_month":"11","amend_dt":null,"limits_er":null,"intro_day":"14","repeal_dt":null,"amendt_txt":null,"official_nm":"None","old_name":"None","amdyrllsec":null,"amended":"No","honor_name":"Dora Young Way","ll_num":"131","repealed":"No","ulurpcpnum":"none","ll_sec":"12","intro_year":"2013","lleffect_dt":"12/17/2013","borough":"Queens","feat_type":"Intersection name"},"geometry":{"type":"Point","coordinates":[-73.75495372734358,40.69358679935558]}},{"type":"Feature","properties":{"ll_type":"Honorary","intro_num":"1045","ll_limits":"At the southwest corner of 102nd Street and Strong Avenue","intro_month":"5","amend_dt":null,"limits_er":null,"intro_day":"2","repeal_dt":"12/17/2013","amendt_txt":null,"official_nm":"None","old_name":"None","amdyrllsec":null,"amended":"No","honor_name":"Richard Italiano Corner","ll_num":"050","repealed":"Yes","ulurpcpnum":"none","ll_sec":"13","intro_year":"2013","lleffect_dt":"07/01/2013","borough":"Queens","feat_type":"Intersection name"},"geometry":{"type":"Point","coordinates":[-73.85935390054988,40.74124409526723]}},{"type":"Feature","properties":{"ll_type":"Honorary","intro_num":"1045","ll_limits":"At the southwest corner of 80th Street and 25th Avenue","intro_month":"5","amend_dt":null,"limits_er":null,"intro_day":"2","repeal_dt":null,"amendt_txt":null,"official_nm":"None","old_name":"None","amdyrllsec":null,"amended":"No","honor_name":"Father Eugene F. Donnelly Corner","ll_num":"050","repealed":"No","ulurpcpnum":"none","ll_sec":"14","intro_year":"2013","lleffect_dt":"07/01/2013","borough":"Queens","feat_type":"Intersection name"},"geometry":{"type":"Point","coordinates":[-73.88866398976127,40.76269168469194]}},{"type":"Feature","properties":{"ll_type":"Honorary","intro_num":"1188","ll_limits":"At the intersection of West 126th Street and Malcolm X Boulevard","intro_month":"11","amend_dt":null,"limits_er":null,"intro_day":"14","repeal_dt":null,"amendt_txt":null,"official_nm":"None","old_name":"None","amdyrllsec":null,"amended":"No","honor_name":"Sylvia P. Woods Way","ll_num":"131","repealed":"No","ulurpcpnum":"none","ll_sec":"15","intro_year":"2013","lleffect_dt":"12/17/2013","borough":"Manhattan","feat_type":"Intersection name"},"geometry":{"type":"Point","coordinates":[-73.94499360646083,40.808446182905385]}},{"type":"Feature","properties":{"ll_type":"Honorary","intro_num":"1045","ll_limits":"At the intersection of 108th Street and 51st Avenue","intro_month":"5","amend_dt":null,"limits_er":null,"intro_day":"2","repeal_dt":null,"amendt_txt":null,"official_nm":"None","old_name":"None","amdyrllsec":null,"amended":"No","honor_name":"Anthony “Tony” Caminiti Way","ll_num":"050","repealed":"No","ulurpcpnum":"none","ll_sec":"16","intro_year":"2013","lleffect_dt":"07/01/2013","borough":"Queens","feat_type":"Intersection name"},"geometry":{"type":"Point","coordinates":[-73.8552679155728,40.743938222345655]}},{"type":"Feature","properties":{"ll_type":"Honorary","intro_num":"1045","ll_limits":"At the intersection of 80th Street and Fifth Avenue","intro_month":"5","amend_dt":null,"limits_er":null,"intro_day":"2","repeal_dt":null,"amendt_txt":null,"official_nm":"None","old_name":"None","amdyrllsec":null,"amended":"No","honor_name":"Charles Ahl Way","ll_num":"050","repealed":"No","ulurpcpnum":"none","ll_sec":"18","intro_year":"2013","lleffect_dt":"07/01/2013","borough":"Brooklyn","feat_type":"Intersection name"},"geometry":{"type":"Point","coordinates":[-74.0241534348184,40.625780414989414]}},{"type":"Feature","properties":{"ll_type":"Honorary","intro_num":"1188","ll_limits":"At the northwest corner of 135th Street and Madison Avenue","intro_month":"11","amend_dt":null,"limits_er":null,"intro_day":"14","repeal_dt":null,"amendt_txt":null,"official_nm":"None","old_name":"None","amdyrllsec":null,"amended":"No","honor_name":"Dr. John L.S. Holloman Way","ll_num":"131","repealed":"No","ulurpcpnum":"none","ll_sec":"18","intro_year":"2013","lleffect_dt":"12/17/2013","borough":"Manhattan","feat_type":"Intersection name"},"geometry":{"type":"Point","coordinates":[-73.93626016293594,40.81231515707287]}},{"type":"Feature","properties":{"ll_type":"Honorary","intro_num":"1188","ll_limits":"At the southeast corner of 138th Street and Fifth Avenue","intro_month":"11","amend_dt":null,"limits_er":null,"intro_day":"14","repeal_dt":null,"amendt_txt":null,"official_nm":"None","old_name":"None","amdyrllsec":null,"amended":"No","honor_name":"Dr. Billy Taylor Way","ll_num":"131","repealed":"No","ulurpcpnum":"none","ll_sec":"19","intro_year":"2013","lleffect_dt":"12/17/2013","borough":"Manhattan","feat_type":"Intersection name"},"geometry":{"type":"Point","coordinates":[-73.93616181990933,40.81449596614135]}},{"type":"Feature","properties":{"ll_type":"Honorary","intro_num":"1045","ll_limits":"the 500 block of West 150th Street","intro_month":"5","amend_dt":null,"limits_er":null,"intro_day":"2","repeal_dt":null,"amendt_txt":null,"official_nm":"None","old_name":"None","amdyrllsec":null,"amended":"No","honor_name":"Firefighter James Ruane Way","ll_num":"050","repealed":"No","ulurpcpnum":"none","ll_sec":"20","intro_year":"2013","lleffect_dt":"07/01/2013","borough":"Manhattan","feat_type":"Intersection name"},"geometry":{"type":"Point","coordinates":[-73.9452963317174,40.82839997671613]}},{"type":"Feature","properties":{"ll_type":"Honorary","intro_num":"1188","ll_limits":"At the northeast corner of 102nd Street and Strong Avenue","intro_month":"11","amend_dt":null,"limits_er":null,"intro_day":"14","repeal_dt":null,"amendt_txt":null,"official_nm":"None","old_name":"None","amdyrllsec":null,"amended":"No","honor_name":"Richard Italiano Corner","ll_num":"131","repealed":"No","ulurpcpnum":"none","ll_sec":"21","intro_year":"2013","lleffect_dt":"12/17/2013","borough":"Queens","feat_type":"Intersection name"},"geometry":{"type":"Point","coordinates":[-73.85921659444257,40.741485485237526]}},{"type":"Feature","properties":{"ll_type":"Honorary","intro_num":"1188","ll_limits":"At the intersection of 85th Street and Fifth Avenue","intro_month":"11","amend_dt":null,"limits_er":null,"intro_day":"14","repeal_dt":null,"amendt_txt":null,"official_nm":"None","old_name":"None","amdyrllsec":null,"amended":"No","honor_name":"Firefighter Michael G.Behette 9/11 Memorial Way","ll_num":"131","repealed":"No","ulurpcpnum":"none","ll_sec":"22","intro_year":"2013","lleffect_dt":"12/17/2013","borough":"Brooklyn","feat_type":"Intersection name"},"geometry":{"type":"Point","coordinates":[-74.02566164215635,40.62214065419195]}},{"type":"Feature","properties":{"ll_type":"Honorary","intro_num":"1045","ll_limits":"At the southeast corner of Northern Boulevard and Prince Street","intro_month":"5","amend_dt":null,"limits_er":null,"intro_day":"2","repeal_dt":null,"amendt_txt":null,"official_nm":"None","old_name":"None","amdyrllsec":null,"amended":"No","honor_name":"Rev. Dr. Timothy P.Mitchell Way","ll_num":"050","repealed":"No","ulurpcpnum":"none","ll_sec":"22","intro_year":"2013","lleffect_dt":"07/01/2013","borough":"Queens","feat_type":"Intersection name"},"geometry":{"type":"Point","coordinates":[-73.83314710056474,40.76254970550506]}},{"type":"Feature","properties":{"ll_type":"Honorary","intro_num":"1045","ll_limits":"At the southwest corner at the intersection of Northern Boulevard and Main Street","intro_month":"5","amend_dt":null,"limits_er":null,"intro_day":"2","repeal_dt":"7/9/2014","amendt_txt":null,"official_nm":"None","old_name":"None","amdyrllsec":null,"amended":"No","honor_name":"Daniel Carter Beard Memorial Square","ll_num":"050","repealed":"Yes","ulurpcpnum":"none","ll_sec":"23","intro_year":"2013","lleffect_dt":"07/01/2013","borough":"Queens","feat_type":"Intersection name"},"geometry":{"type":"Point","coordinates":[-73.83199306402527,40.76270855253115]}},{"type":"Feature","properties":{"ll_type":"Honorary","intro_num":"1188","ll_limits":"At the intersection of 79th Street and Fifth Avenue","intro_month":"11","amend_dt":null,"limits_er":null,"intro_day":"14","repeal_dt":null,"amendt_txt":null,"official_nm":"None","old_name":"None","amdyrllsec":null,"amended":"No","honor_name":"John and Dorothy Maguire Way","ll_num":"131","repealed":"No","ulurpcpnum":"none","ll_sec":"23","intro_year":"2013","lleffect_dt":"12/17/2013","borough":"Brooklyn","feat_type":"Intersection name"},"geometry":{"type":"Point","coordinates":[-74.0238532933716,40.626514473418354]}},{"type":"Feature","properties":{"ll_type":"Honorary","intro_num":"1188","ll_limits":"At the intersection of 88th Street and Colonial Road","intro_month":"11","amend_dt":null,"limits_er":null,"intro_day":"14","repeal_dt":null,"amendt_txt":null,"official_nm":"None","old_name":"None","amdyrllsec":null,"amended":"No","honor_name":"Tom Kane Way","ll_num":"131","repealed":"No","ulurpcpnum":"none","ll_sec":"24","intro_year":"2013","lleffect_dt":"12/17/2013","borough":"Brooklyn","feat_type":"Intersection name"},"geometry":{"type":"Point","coordinates":[-74.03700355449227,40.623319090612014]}},{"type":"Feature","properties":{"ll_type":"Honorary","intro_num":"1188","ll_limits":"At the northeast corner of Lindenwood Road and Amboy Road","intro_month":"11","amend_dt":null,"limits_er":null,"intro_day":"14","repeal_dt":null,"amendt_txt":null,"official_nm":"None","old_name":"None","amdyrllsec":null,"amended":"No","honor_name":"Fr. Wissa Bessada Way","ll_num":"131","repealed":"No","ulurpcpnum":"none","ll_sec":"27","intro_year":"2013","lleffect_dt":"12/17/2013","borough":"Staten Island","feat_type":"Intersection name"},"geometry":{"type":"Point","coordinates":[-74.15258759523695,40.54944740514848]}},{"type":"Feature","properties":{"ll_type":"Honorary","intro_num":"0428","ll_limits":"At the intersection of Lorraine Street and Hamilton Avenue","intro_month":"11","amend_dt":null,"limits_er":null,"intro_day":"29","repeal_dt":"7/11/2011","amendt_txt":null,"official_nm":"None","old_name":"None","amdyrllsec":null,"amended":"No","honor_name":"Red Hook Heroes Run","ll_num":"003","repealed":"Yes","ulurpcpnum":"none","ll_sec":"27","intro_year":"2010","lleffect_dt":"12/20/2010","borough":"Brooklyn","feat_type":"Intersection name"},"geometry":{"type":"Point","coordinates":[-73.99934695849039,40.67227260157708]}},{"type":"Feature","properties":{"ll_type":"Honorary","intro_num":"1188","ll_limits":"At the northeast corner of Vespa Avenue and Arden Avenue","intro_month":"11","amend_dt":null,"limits_er":null,"intro_day":"14","repeal_dt":null,"amendt_txt":null,"official_nm":"None","old_name":"None","amdyrllsec":null,"amended":"No","honor_name":"Korean War Veterans Way","ll_num":"131","repealed":"No","ulurpcpnum":"none","ll_sec":"28","intro_year":"2013","lleffect_dt":"12/17/2013","borough":"Staten Island","feat_type":"Intersection name"},"geometry":{"type":"Point","coordinates":[-74.18952990433027,40.55125500394916]}},{"type":"Feature","properties":{"ll_type":"Honorary","intro_num":"1188","ll_limits":"Aligned with the Surf Avenue sign on the northeast corner of Surf Avenue and Loretto Street","intro_month":"11","amend_dt":null,"limits_er":null,"intro_day":"14","repeal_dt":null,"amendt_txt":null,"official_nm":"None","old_name":"None","amdyrllsec":null,"amended":"No","honor_name":"Firefighter Peter J. Carroll Way","ll_num":"131","repealed":"No","ulurpcpnum":"none","ll_sec":"29","intro_year":"2013","lleffect_dt":"12/17/2013","borough":"Staten Island","feat_type":"Intersection name"},"geometry":{"type":"Point","coordinates":[-74.23785401407099,40.4997591449508]}},{"type":"Feature","properties":{"ll_type":"Honorary","intro_num":"1045","ll_limits":"At the intersection of Watkins Street and Pitkin Avenue","intro_month":"5","amend_dt":null,"limits_er":null,"intro_day":"2","repeal_dt":null,"amendt_txt":null,"official_nm":"None","old_name":"None","amdyrllsec":null,"amended":"No","honor_name":"Zurana Horton Way","ll_num":"050","repealed":"No","ulurpcpnum":"none","ll_sec":"29","intro_year":"2013","lleffect_dt":"07/01/2013","borough":"Brooklyn","feat_type":"Intersection name"},"geometry":{"type":"Point","coordinates":[-73.90796993462013,40.67009762925517]}},{"type":"Feature","properties":{"ll_type":"Honorary","intro_num":"0590","ll_limits":"At the intersection of East 139th Street and Brook Avenue","intro_month":"6","amend_dt":null,"limits_er":null,"intro_day":"14","repeal_dt":null,"amendt_txt":null,"official_nm":"None","old_name":"None","amdyrllsec":null,"amended":"No","honor_name":"Naiesha (Nana) Pearson Place","ll_num":"047","repealed":"No","ulurpcpnum":"none","ll_sec":"30","intro_year":"2011","lleffect_dt":"07/11/2011","borough":"Manhattan","feat_type":"Intersection name"},"geometry":{"type":"Point","coordinates":[-73.91880433230658,40.80826171609627]}},{"type":"Feature","properties":{"ll_type":"Honorary","intro_num":"1188","ll_limits":"At the intersection of 70th Avenue and Queens Boulevard","intro_month":"11","amend_dt":null,"limits_er":null,"intro_day":"14","repeal_dt":null,"amendt_txt":null,"official_nm":"None","old_name":"None","amdyrllsec":null,"amended":"No","honor_name":"Emanuel and Adam Gold Plaza","ll_num":"131","repealed":"No","ulurpcpnum":"none","ll_sec":"31","intro_year":"2013","lleffect_dt":"12/17/2013","borough":"Queens","feat_type":"Intersection name"},"geometry":{"type":"Point","coordinates":[-73.8463847827821,40.72188026370792]}},{"type":"Feature","properties":{"ll_type":"Honorary","intro_num":"1045","ll_limits":"At the northeast corner of Seabreeze Avenue and West 5th Street","intro_month":"5","amend_dt":null,"limits_er":null,"intro_day":"2","repeal_dt":null,"amendt_txt":null,"official_nm":"None","old_name":"None","amdyrllsec":null,"amended":"No","honor_name":"Paul Podhaizer Way","ll_num":"050","repealed":"No","ulurpcpnum":"none","ll_sec":"31","intro_year":"2013","lleffect_dt":"07/01/2013","borough":"Brooklyn","feat_type":"Intersection name"},"geometry":{"type":"Point","coordinates":[-73.97285952057078,40.57613221350427]}},{"type":"Feature","properties":{"ll_type":"Honorary","intro_num":"0746","ll_limits":"NW corner of 47th Road and Vernon Boulevard","intro_month":"11","amend_dt":null,"limits_er":null,"intro_day":"16","repeal_dt":null,"amendt_txt":null,"official_nm":"None","old_name":"None","amdyrllsec":null,"amended":"No","honor_name":"Sal Anzalone Place","ll_num":"131","repealed":"No","ulurpcpnum":"none","ll_sec":"32","intro_year":"2005","lleffect_dt":"12/29/2005","borough":"Queens","feat_type":"Intersection name"},"geometry":{"type":"Point","coordinates":[-73.95350690489549,40.74490059079296]}},{"type":"Feature","properties":{"ll_type":"Honorary","intro_num":"1188","ll_limits":"At the southeast corner of East 120th Street and Lexington Avenue","intro_month":"11","amend_dt":null,"limits_er":null,"intro_day":"14","repeal_dt":null,"amendt_txt":null,"official_nm":"None","old_name":"None","amdyrllsec":null,"amended":"No","honor_name":"Yolanda Sanchez Place","ll_num":"131","repealed":"No","ulurpcpnum":"none","ll_sec":"32","intro_year":"2013","lleffect_dt":"12/17/2013","borough":"Manhattan","feat_type":"Intersection name"},"geometry":{"type":"Point","coordinates":[-73.93968997362636,40.80107377794732]}},{"type":"Feature","properties":{"ll_type":"Honorary","intro_num":"1188","ll_limits":"At the northwest corner of East 112th Street and Park Avenue","intro_month":"11","amend_dt":null,"limits_er":null,"intro_day":"14","repeal_dt":null,"amendt_txt":null,"official_nm":"None","old_name":"None","amdyrllsec":null,"amended":"No","honor_name":"Charlie Palmieri Way","ll_num":"131","repealed":"No","ulurpcpnum":"none","ll_sec":"33","intro_year":"2013","lleffect_dt":"12/17/2013","borough":"Manhattan","feat_type":"Intersection name"},"geometry":{"type":"Point","coordinates":[-73.94523200318723,40.79696848543961]}},{"type":"Feature","properties":{"ll_type":"Honorary","intro_num":"1045","ll_limits":"At the intersection of East 180th Street and Honeywell Avenue","intro_month":"5","amend_dt":null,"limits_er":null,"intro_day":"2","repeal_dt":null,"amendt_txt":null,"official_nm":"None","old_name":"None","amdyrllsec":null,"amended":"No","honor_name":"Roselyn A. Johnson Way","ll_num":"050","repealed":"No","ulurpcpnum":"none","ll_sec":"34","intro_year":"2013","lleffect_dt":"07/01/2013","borough":"Bronx","feat_type":"Intersection name"},"geometry":{"type":"Point","coordinates":[-73.88242882479875,40.844981420687084]}},{"type":"Feature","properties":{"ll_type":"Honorary","intro_num":"1188","ll_limits":"At the intersection of Felton Street and Lamberts Lane","intro_month":"11","amend_dt":null,"limits_er":null,"intro_day":"14","repeal_dt":"1/14/15","amendt_txt":null,"official_nm":"None","old_name":"None","amdyrllsec":null,"amended":"No","honor_name":"William Creech Vietnam Veteran Way","ll_num":"131","repealed":"Yes","ulurpcpnum":"none","ll_sec":"34","intro_year":"2013","lleffect_dt":"12/17/2013","borough":"Staten Island","feat_type":"Intersection name"},"geometry":{"type":"Point","coordinates":[-74.16851524993923,40.616684965764755]}},{"type":"Feature","properties":{"ll_type":"Honorary","intro_num":"1188","ll_limits":"At the intersection of Rockland Avenue and Nevada Avenue","intro_month":"11","amend_dt":null,"limits_er":null,"intro_day":"14","repeal_dt":null,"amendt_txt":null,"official_nm":"None","old_name":"None","amdyrllsec":null,"amended":"No","honor_name":"Herbert Ellis Smith “Smitty” Way","ll_num":"131","repealed":"No","ulurpcpnum":"none","ll_sec":"35","intro_year":"2013","lleffect_dt":"12/17/2013","borough":"Staten Island","feat_type":"Intersection name"},"geometry":{"type":"Point","coordinates":[-74.12749129843925,40.57978817836639]}},{"type":"Feature","properties":{"ll_type":"Honorary","intro_num":"1188","ll_limits":"At the intersection of Husson Street and Buel Avenue","intro_month":"11","amend_dt":null,"limits_er":null,"intro_day":"14","repeal_dt":null,"amendt_txt":null,"official_nm":"None","old_name":"None","amdyrllsec":null,"amended":"No","honor_name":"Joseph N. Esposito “Lighthouse Joe” Corner","ll_num":"131","repealed":"No","ulurpcpnum":"none","ll_sec":"36","intro_year":"2013","lleffect_dt":"12/17/2013","borough":"Staten Island","feat_type":"Intersection name"},"geometry":{"type":"Point","coordinates":[-74.09592290513152,40.58653155057819]}},{"type":"Feature","properties":{"ll_type":"Honorary","intro_num":"0935","ll_limits":"At the southwest corner of Innis Street and John Street","intro_month":"9","amend_dt":null,"limits_er":null,"intro_day":"24","repeal_dt":null,"amendt_txt":null,"official_nm":"None","old_name":"None","amdyrllsec":null,"amended":"No","honor_name":"Staff Sgt. Henry Cichon and Cpl. Stanley Cichon Way","ll_num":"048","repealed":"No","ulurpcpnum":"none","ll_sec":"36","intro_year":"2012","lleffect_dt":"10/02/2012","borough":"Staten Island","feat_type":"Intersection name"},"geometry":{"type":"Point","coordinates":[-74.1442752545855,40.63407837545454]}},{"type":"Feature","properties":{"ll_type":"Honorary","intro_num":"1045","ll_limits":"At the intersection of 228th Street and Broadway","intro_month":"5","amend_dt":null,"limits_er":null,"intro_day":"2","repeal_dt":null,"amendt_txt":null,"official_nm":"None","old_name":"None","amdyrllsec":null,"amended":"No","honor_name":"Ted Corbitt Way","ll_num":"050","repealed":"No","ulurpcpnum":"none","ll_sec":"36","intro_year":"2013","lleffect_dt":"07/01/2013","borough":"Manhattan","feat_type":"Intersection name"},"geometry":{"type":"Point","coordinates":[-73.90840635189417,40.87570688957211]}},{"type":"Feature","properties":{"ll_type":"Honorary","intro_num":"0935","ll_limits":"At the northeast corner of St. Marks Place and Hamilton Avenue","intro_month":"9","amend_dt":null,"limits_er":null,"intro_day":"24","repeal_dt":null,"amendt_txt":null,"official_nm":"None","old_name":"None","amdyrllsec":null,"amended":"No","honor_name":"Earlene Bethel-Sperling Way","ll_num":"048","repealed":"No","ulurpcpnum":"none","ll_sec":"37","intro_year":"2012","lleffect_dt":"10/02/2012","borough":"Staten Island","feat_type":"Intersection name"},"geometry":{"type":"Point","coordinates":[-74.08021844323963,40.644878314266855]}},{"type":"Feature","properties":{"ll_type":"Honorary","intro_num":"1188","ll_limits":"At the intersection of Bank Place and Newberry Avenue","intro_month":"11","amend_dt":null,"limits_er":null,"intro_day":"14","repeal_dt":null,"amendt_txt":null,"official_nm":"None","old_name":"None","amdyrllsec":null,"amended":"No","honor_name":"Father Capodanno Place","ll_num":"131","repealed":"No","ulurpcpnum":"none","ll_sec":"37","intro_year":"2013","lleffect_dt":"12/17/2013","borough":"Staten Island","feat_type":"Intersection name"},"geometry":{"type":"Point","coordinates":[-74.0941568899045,40.59507391026911]}},{"type":"Feature","properties":{"ll_type":"Honorary","intro_num":"1045","ll_limits":"At the intersection of 177th Street and Audubon Avenue","intro_month":"5","amend_dt":null,"limits_er":null,"intro_day":"2","repeal_dt":null,"amendt_txt":null,"official_nm":"None","old_name":"None","amdyrllsec":null,"amended":"No","honor_name":"Sgt. Jose Enrique Ulloa Way","ll_num":"050","repealed":"No","ulurpcpnum":"none","ll_sec":"37","intro_year":"2013","lleffect_dt":"07/01/2013","borough":"Manhattan","feat_type":"Intersection name"},"geometry":{"type":"Point","coordinates":[-73.93423289678154,40.84613985757957]}},{"type":"Feature","properties":{"ll_type":"Honorary","intro_num":"1188","ll_limits":"At the intersection of West Fingerboard Road and Clove Road","intro_month":"11","amend_dt":null,"limits_er":null,"intro_day":"14","repeal_dt":null,"amendt_txt":null,"official_nm":"None","old_name":"None","amdyrllsec":null,"amended":"No","honor_name":"Edward A. Tierney, Sr.Corner","ll_num":"131","repealed":"No","ulurpcpnum":"none","ll_sec":"38","intro_year":"2013","lleffect_dt":"12/17/2013","borough":"Staten Island","feat_type":"Intersection name"},"geometry":{"type":"Point","coordinates":[-74.08218729360232,40.60194100767015]}},{"type":"Feature","properties":{"ll_type":"Honorary","intro_num":"0935","ll_limits":"At the intersection of Beach Channel Drive and Beach 134th Street","intro_month":"9","amend_dt":null,"limits_er":null,"intro_day":"24","repeal_dt":null,"amendt_txt":null,"official_nm":"None","old_name":"None","amdyrllsec":null,"amended":"No","honor_name":"Lance Cpl. Michael D. Glover USMC Way","ll_num":"048","repealed":"No","ulurpcpnum":"none","ll_sec":"38","intro_year":"2012","lleffect_dt":"10/02/2012","borough":"Queens","feat_type":"Intersection name"},"geometry":{"type":"Point","coordinates":[-73.85524608614223,40.579974476800004]}},{"type":"Feature","properties":{"ll_type":"Honorary","intro_num":"0935","ll_limits":"At the intersection of Holland Avenue, Antin Avenue and Bronxdale Avenue","intro_month":"9","amend_dt":null,"limits_er":null,"intro_day":"24","repeal_dt":null,"amendt_txt":null,"official_nm":"None","old_name":"None","amdyrllsec":null,"amended":"No","honor_name":"Ben and Dotty Abrams Way","ll_num":"048","repealed":"No","ulurpcpnum":"none","ll_sec":"39","intro_year":"2012","lleffect_dt":"10/02/2012","borough":"Bronx","feat_type":"Intersection name"},"geometry":{"type":"Point","coordinates":[-73.86612130810357,40.850527222348646]}},{"type":"Feature","properties":{"ll_type":"Honorary","intro_num":"1188","ll_limits":"At the intersection of Tysens Lane and Hylan Boulevard","intro_month":"11","amend_dt":null,"limits_er":null,"intro_day":"14","repeal_dt":null,"amendt_txt":null,"official_nm":"None","old_name":"None","amdyrllsec":null,"amended":"No","honor_name":"Soccer Hall of Famer John “Jack” Hynes Way","ll_num":"131","repealed":"No","ulurpcpnum":"none","ll_sec":"39","intro_year":"2013","lleffect_dt":"12/17/2013","borough":"Staten Island","feat_type":"Intersection name"},"geometry":{"type":"Point","coordinates":[-74.11636336450111,40.56391563788292]}},{"type":"Feature","properties":{"ll_type":"Honorary","intro_num":"1045","ll_limits":"Underneath the Lafayette Avenue sign at the intersection of Brighton Avenue and Lafayette Avenue","intro_month":"5","amend_dt":null,"limits_er":null,"intro_day":"2","repeal_dt":"12/17/2013","amendt_txt":null,"official_nm":"None","old_name":"None","amdyrllsec":null,"amended":"No","honor_name":"Carmine Granito and William Smith Way","ll_num":"050","repealed":"Yes","ulurpcpnum":"none","ll_sec":"40","intro_year":"2013","lleffect_dt":"07/01/2013","borough":"Staten Island","feat_type":"Intersection name"},"geometry":{"type":"Point","coordinates":[-74.0924251357124,40.63558181289506]}},{"type":"Feature","properties":{"ll_type":"Honorary","intro_num":"0565","ll_limits":"the northeast corner of the intersection of Rockne Street and Nome Avenue","intro_month":"9","amend_dt":null,"limits_er":null,"intro_day":"30","repeal_dt":null,"amendt_txt":null,"official_nm":"None","old_name":"None","amdyrllsec":null,"amended":"No","honor_name":"Marie Lukas Drive","ll_num":"062","repealed":"No","ulurpcpnum":"none","ll_sec":"40","intro_year":"2003","lleffect_dt":"10/20/2003","borough":"Staten Island","feat_type":"Corner name"},"geometry":{"type":"Point","coordinates":[-74.15886368285958,40.58680535519612]}},{"type":"Feature","properties":{"ll_type":"Honorary","intro_num":"1188","ll_limits":"At the intersection of Sheraden Avenue and Westwood Avenue","intro_month":"11","amend_dt":null,"limits_er":null,"intro_day":"14","repeal_dt":null,"amendt_txt":null,"official_nm":"None","old_name":"None","amdyrllsec":null,"amended":"No","honor_name":"Paramedic Lt. David G. Restuccio Way","ll_num":"131","repealed":"No","ulurpcpnum":"none","ll_sec":"40","intro_year":"2013","lleffect_dt":"12/17/2013","borough":"Staten Island","feat_type":"Intersection name"},"geometry":{"type":"Point","coordinates":[-74.1378822093376,40.605785398527146]}},{"type":"Feature","properties":{"ll_type":"Honorary","intro_num":"0935","ll_limits":"At the intersection of 21st Road and Shore Boulevard","intro_month":"9","amend_dt":null,"limits_er":null,"intro_day":"24","repeal_dt":"12/17/2013","amendt_txt":null,"official_nm":"None","old_name":"None","amdyrllsec":null,"amended":"No","honor_name":"The Honorable Gloria D’Amico Place","ll_num":"048","repealed":"Yes","ulurpcpnum":"none","ll_sec":"40","intro_year":"2012","lleffect_dt":"10/02/2012","borough":"Queens","feat_type":"Intersection name"},"geometry":{"type":"Point","coordinates":[-73.91827897772893,40.78357457685307]}},{"type":"Feature","properties":{"ll_type":"Honorary","intro_num":"0935","ll_limits":"At the intersection of 49th Street and Queens Boulevard","intro_month":"9","amend_dt":null,"limits_er":null,"intro_day":"24","repeal_dt":null,"amendt_txt":null,"official_nm":"None","old_name":"None","amdyrllsec":null,"amended":"No","honor_name":"Alejandro Nino Place","ll_num":"048","repealed":"No","ulurpcpnum":"none","ll_sec":"41","intro_year":"2012","lleffect_dt":"10/02/2012","borough":"Queens","feat_type":"Intersection name"},"geometry":{"type":"Point","coordinates":[-73.91591250365364,40.74283898951039]}},{"type":"Feature","properties":{"ll_type":"Honorary","intro_num":"1045","ll_limits":"Underneath the Beach Street sign at the intersection of Beach Street and Union Place","intro_month":"5","amend_dt":null,"limits_er":null,"intro_day":"2","repeal_dt":null,"amendt_txt":null,"official_nm":"None","old_name":"None","amdyrllsec":null,"amended":"No","honor_name":"Eden II Lane","ll_num":"050","repealed":"No","ulurpcpnum":"none","ll_sec":"41","intro_year":"2013","lleffect_dt":"07/01/2013","borough":"Staten Island","feat_type":"Intersection name"},"geometry":{"type":"Point","coordinates":[-74.0775177031966,40.627743132243445]}},{"type":"Feature","properties":{"ll_type":"Honorary","intro_num":"1188","ll_limits":"At the intersection of Burbank Avenue and South Railroad Avenue","intro_month":"11","amend_dt":null,"limits_er":null,"intro_day":"14","repeal_dt":null,"amendt_txt":null,"official_nm":"None","old_name":"None","amdyrllsec":null,"amended":"No","honor_name":"SSG Michael H. Ollis Way","ll_num":"131","repealed":"No","ulurpcpnum":"none","ll_sec":"41","intro_year":"2013","lleffect_dt":"12/17/2013","borough":"Staten Island","feat_type":"Intersection name"},"geometry":{"type":"Point","coordinates":[-74.11417785379892,40.575369734027674]}},{"type":"Feature","properties":{"ll_type":"Honorary","intro_num":"1188","ll_limits":"At the northwest corner of West 19th Street and Ninth Avenue","intro_month":"11","amend_dt":null,"limits_er":null,"intro_day":"14","repeal_dt":null,"amendt_txt":null,"official_nm":"None","old_name":"None","amdyrllsec":null,"amended":"No","honor_name":"Brandon Romero Plaza","ll_num":"131","repealed":"No","ulurpcpnum":"none","ll_sec":"42","intro_year":"2013","lleffect_dt":"12/17/2013","borough":"Manhattan","feat_type":"Intersection name"},"geometry":{"type":"Point","coordinates":[-74.00321489458219,40.74416232205112]}},{"type":"Feature","properties":{"ll_type":"Honorary","intro_num":"1045","ll_limits":"At the intersection of East Schofield Street and City Island Avenue","intro_month":"5","amend_dt":null,"limits_er":null,"intro_day":"2","repeal_dt":null,"amendt_txt":null,"official_nm":"None","old_name":"None","amdyrllsec":null,"amended":"No","honor_name":"Ed Sadler Way","ll_num":"050","repealed":"No","ulurpcpnum":"none","ll_sec":"42","intro_year":"2013","lleffect_dt":"07/01/2013","borough":"Bronx","feat_type":"Intersection name"},"geometry":{"type":"Point","coordinates":[-73.78570249157075,40.84513820723346]}},{"type":"Feature","properties":{"ll_type":"Honorary","intro_num":"1188","ll_limits":"At the northwest corner of West 11th Street and Highlawn Avenue","intro_month":"11","amend_dt":null,"limits_er":null,"intro_day":"14","repeal_dt":null,"amendt_txt":null,"official_nm":"None","old_name":"None","amdyrllsec":null,"amended":"No","honor_name":"Firefighter William Tropea Way","ll_num":"131","repealed":"No","ulurpcpnum":"none","ll_sec":"43","intro_year":"2013","lleffect_dt":"12/17/2013","borough":"Brooklyn","feat_type":"Intersection name"},"geometry":{"type":"Point","coordinates":[-73.98365374720187,40.603047114020605]}},{"type":"Feature","properties":{"ll_type":"Honorary","intro_num":"1045","ll_limits":"At the intersection of 41st Street and 48th Avenue","intro_month":"5","amend_dt":null,"limits_er":null,"intro_day":"2","repeal_dt":null,"amendt_txt":null,"official_nm":"None","old_name":"None","amdyrllsec":null,"amended":"No","honor_name":"Carlo A. Lanzillotti Place","ll_num":"050","repealed":"No","ulurpcpnum":"none","ll_sec":"44","intro_year":"2013","lleffect_dt":"07/01/2013","borough":"Queens","feat_type":"Intersection name"},"geometry":{"type":"Point","coordinates":[-73.92410457597138,40.73984769150085]}},{"type":"Feature","properties":{"ll_type":"Honorary","intro_num":"1188","ll_limits":"At the intersection of South 4th Street and Hewes Street","intro_month":"11","amend_dt":null,"limits_er":null,"intro_day":"14","repeal_dt":null,"amendt_txt":null,"official_nm":"None","old_name":"None","amdyrllsec":null,"amended":"No","honor_name":"John Mulhern Way","ll_num":"131","repealed":"No","ulurpcpnum":"none","ll_sec":"44","intro_year":"2013","lleffect_dt":"12/17/2013","borough":"Brooklyn","feat_type":"Intersection name"},"geometry":{"type":"Point","coordinates":[-73.95172392774168,40.707806888310415]}},{"type":"Feature","properties":{"ll_type":"Honorary","intro_num":"1188","ll_limits":"At the southwest corner of Belmont Avenue and East 187th Street","intro_month":"11","amend_dt":null,"limits_er":null,"intro_day":"14","repeal_dt":null,"amendt_txt":null,"official_nm":"None","old_name":"None","amdyrllsec":null,"amended":"No","honor_name":"Natale “Nat” Cerini Corner","ll_num":"131","repealed":"No","ulurpcpnum":"none","ll_sec":"45","intro_year":"2013","lleffect_dt":"12/17/2013","borough":"Bronx","feat_type":"Intersection name"},"geometry":{"type":"Point","coordinates":[-73.8863213690386,40.85481401748882]}},{"type":"Feature","properties":{"ll_type":"Honorary","intro_num":"1045","ll_limits":"At the intersection of Purves Street and Jackson Avenue","intro_month":"5","amend_dt":null,"limits_er":null,"intro_day":"2","repeal_dt":null,"amendt_txt":null,"official_nm":"None","old_name":"None","amdyrllsec":null,"amended":"No","honor_name":"Sculpture Street","ll_num":"050","repealed":"No","ulurpcpnum":"none","ll_sec":"45","intro_year":"2013","lleffect_dt":"07/01/2013","borough":"Queens","feat_type":"Intersection name"},"geometry":{"type":"Point","coordinates":[-73.94145316982798,40.74745010725142]}},{"type":"Feature","properties":{"ll_type":"Honorary","intro_num":"1045","ll_limits":"At the intersection of 44th Street and Queens Boulevard","intro_month":"5","amend_dt":null,"limits_er":null,"intro_day":"2","repeal_dt":"12/17/2013","amendt_txt":null,"official_nm":"None","old_name":"None","amdyrllsec":null,"amended":"No","honor_name":"Sunnyside Gardens Arena Way","ll_num":"050","repealed":"Yes","ulurpcpnum":"none","ll_sec":"46","intro_year":"2013","lleffect_dt":"07/01/2013","borough":"Queens","feat_type":"Intersection name"},"geometry":{"type":"Point","coordinates":[-73.92055663546748,40.74337403609014]}},{"type":"Feature","properties":{"ll_type":"Honorary","intro_num":"1188","ll_limits":"Underneath the St. Paul’s Avenue sign at the northeast corner of St. Paul’s Avenue and Taxter Place","intro_month":"11","amend_dt":null,"limits_er":null,"intro_day":"14","repeal_dt":null,"amendt_txt":null,"official_nm":"None","old_name":"None","amdyrllsec":null,"amended":"No","honor_name":"Addison Branch Way","ll_num":"131","repealed":"No","ulurpcpnum":"none","ll_sec":"47","intro_year":"2013","lleffect_dt":"12/17/2013","borough":"Staten Island","feat_type":"Intersection name"},"geometry":{"type":"Point","coordinates":[-74.08021340750749,40.631221173080895]}},{"type":"Feature","properties":{"ll_type":"Honorary","intro_num":"1045","ll_limits":"At the intersection of 41st Street and Queens Boulevard","intro_month":"5","amend_dt":null,"limits_er":null,"intro_day":"2","repeal_dt":null,"amendt_txt":null,"official_nm":"None","old_name":"None","amdyrllsec":null,"amended":"No","honor_name":"Benjamin Wheeler Place","ll_num":"050","repealed":"No","ulurpcpnum":"none","ll_sec":"47","intro_year":"2013","lleffect_dt":"07/01/2013","borough":"Queens","feat_type":"Intersection name"},"geometry":{"type":"Point","coordinates":[-73.92333827558288,40.74370035591773]}},{"type":"Feature","properties":{"ll_type":"Honorary","intro_num":"0613","ll_limits":"Intersection of Woodside Avenue and 59th Street","intro_month":"4","amend_dt":null,"limits_er":null,"intro_day":"12","repeal_dt":null,"amendt_txt":null,"official_nm":"None","old_name":"None","amdyrllsec":null,"amended":"No","honor_name":"Frank Carvill Place","ll_num":"043","repealed":"No","ulurpcpnum":"none","ll_sec":"47","intro_year":"2005","lleffect_dt":"05/09/2005","borough":"Queens","feat_type":"Intersection name"},"geometry":{"type":"Point","coordinates":[-73.90557924484605,40.74539135783827]}},{"type":"Feature","properties":{"ll_type":"Honorary","intro_num":"0877","ll_limits":"On the corner of North 6th Street and Berry Street","intro_month":"12","amend_dt":null,"limits_er":null,"intro_day":"9","repeal_dt":"12/28/2009","amendt_txt":null,"official_nm":"None","old_name":"None","amdyrllsec":null,"amended":"No","honor_name":"Mike Lee Corner","ll_num":"064","repealed":"Yes","ulurpcpnum":"none","ll_sec":"48","intro_year":"2008","lleffect_dt":"12/29/2008","borough":"Brooklyn","feat_type":"Intersection name"},"geometry":{"type":"Point","coordinates":[-73.9596060091252,40.71808078850268]}},{"type":"Feature","properties":{"ll_type":"Honorary","intro_num":"1188","ll_limits":"At the northeast corner of Fillmore Street and Lafayette Avenue","intro_month":"11","amend_dt":null,"limits_er":null,"intro_day":"14","repeal_dt":null,"amendt_txt":null,"official_nm":"None","old_name":"None","amdyrllsec":null,"amended":"No","honor_name":"William S. Klapach Way","ll_num":"131","repealed":"No","ulurpcpnum":"none","ll_sec":"48","intro_year":"2013","lleffect_dt":"12/17/2013","borough":"Staten Island","feat_type":"Intersection name"},"geometry":{"type":"Point","coordinates":[-74.095493884506,40.64350762226995]}},{"type":"Feature","properties":{"ll_type":"Honorary","intro_num":"1045","ll_limits":"At the intersection of 51st Street and 43rd Avenue","intro_month":"5","amend_dt":null,"limits_er":null,"intro_day":"2","repeal_dt":null,"amendt_txt":null,"official_nm":"None","old_name":"None","amdyrllsec":null,"amended":"No","honor_name":"Louis Rispoli Way","ll_num":"050","repealed":"No","ulurpcpnum":"none","ll_sec":"49","intro_year":"2013","lleffect_dt":"07/01/2013","borough":"Queens","feat_type":"Intersection name"},"geometry":{"type":"Point","coordinates":[-73.91370658787086,40.74436457306623]}},{"type":"Feature","properties":{"ll_type":"Honorary","intro_num":"1188","ll_limits":"At the southwest corner of Windsor Road and Manor Road","intro_month":"11","amend_dt":null,"limits_er":null,"intro_day":"14","repeal_dt":null,"amendt_txt":null,"official_nm":"None","old_name":"None","amdyrllsec":null,"amended":"No","honor_name":"Major Walter M. Murphy, Jr. Way","ll_num":"131","repealed":"No","ulurpcpnum":"none","ll_sec":"49","intro_year":"2013","lleffect_dt":"12/17/2013","borough":"Staten Island","feat_type":"Intersection name"},"geometry":{"type":"Point","coordinates":[-74.12220154265542,40.611946548981834]}},{"type":"Feature","properties":{"ll_type":"Honorary","intro_num":"1188","ll_limits":"Underneath the Brighton Avenue sign at the intersection of Brighton Avenue and Lafayette Avenue","intro_month":"11","amend_dt":null,"limits_er":null,"intro_day":"14","repeal_dt":null,"amendt_txt":null,"official_nm":"None","old_name":"None","amdyrllsec":null,"amended":"No","honor_name":"Carmine Granito and William Smith Way","ll_num":"131","repealed":"No","ulurpcpnum":"none","ll_sec":"50","intro_year":"2013","lleffect_dt":"12/17/2013","borough":"Staten Island","feat_type":"Intersection name"},"geometry":{"type":"Point","coordinates":[-74.0924251357124,40.63558181289506]}},{"type":"Feature","properties":{"ll_type":"Honorary","intro_num":"0457","ll_limits":"At the North-West Corner of 3rd Avenue Under the B.Q.E Extension","intro_month":"10","amend_dt":null,"limits_er":null,"intro_day":"25","repeal_dt":null,"amendt_txt":null,"official_nm":"None","old_name":"None","amdyrllsec":null,"amended":"No","honor_name":"Al Christman Way","ll_num":"050","repealed":"No","ulurpcpnum":"none","ll_sec":"51","intro_year":"2006","lleffect_dt":"12/05/2006","borough":"Brooklyn","feat_type":"Intersection name"},"geometry":{"type":"Point","coordinates":[-73.95693253694425,40.71057624718165]}},{"type":"Feature","properties":{"ll_type":"Honorary","intro_num":"1188","ll_limits":"At the northeast corner of Thwaites Place and Barker Avenue","intro_month":"11","amend_dt":null,"limits_er":null,"intro_day":"14","repeal_dt":null,"amendt_txt":null,"official_nm":"None","old_name":"None","amdyrllsec":null,"amended":"No","honor_name":"Elias Karmon Way","ll_num":"131","repealed":"No","ulurpcpnum":"none","ll_sec":"51","intro_year":"2013","lleffect_dt":"12/17/2013","borough":"Bronx","feat_type":"Intersection name"},"geometry":{"type":"Point","coordinates":[-73.86940591517099,40.85895405662141]}},{"type":"Feature","properties":{"ll_type":"Honorary","intro_num":"1045","ll_limits":"At the intersection of Avenue J and Nostrand Avenue","intro_month":"5","amend_dt":null,"limits_er":null,"intro_day":"2","repeal_dt":null,"amendt_txt":null,"official_nm":"None","old_name":"None","amdyrllsec":null,"amended":"No","honor_name":"Yoseph Robinson Avenue","ll_num":"050","repealed":"No","ulurpcpnum":"none","ll_sec":"51","intro_year":"2013","lleffect_dt":"07/01/2013","borough":"Brooklyn","feat_type":"Intersection name"},"geometry":{"type":"Point","coordinates":[-73.94687439927596,40.626773667978554]}},{"type":"Feature","properties":{"ll_type":"Honorary","intro_num":"1045","ll_limits":"At the intersection of Avenue D and East 40th Street","intro_month":"5","amend_dt":null,"limits_er":null,"intro_day":"2","repeal_dt":null,"amendt_txt":null,"official_nm":"None","old_name":"None","amdyrllsec":null,"amended":"No","honor_name":"Christopher Rose Way","ll_num":"050","repealed":"No","ulurpcpnum":"none","ll_sec":"52","intro_year":"2013","lleffect_dt":"07/01/2013","borough":"Brooklyn","feat_type":"Intersection name"},"geometry":{"type":"Point","coordinates":[-73.93898089419811,40.64153791513971]}},{"type":"Feature","properties":{"ll_type":"Honorary","intro_num":"1188","ll_limits":"At the intersection of 21st Drive and Shore Boulevard","intro_month":"11","amend_dt":null,"limits_er":null,"intro_day":"14","repeal_dt":null,"amendt_txt":null,"official_nm":"None","old_name":"None","amdyrllsec":null,"amended":"No","honor_name":"The Honorable Gloria D’Amico Place","ll_num":"131","repealed":"No","ulurpcpnum":"none","ll_sec":"52","intro_year":"2013","lleffect_dt":"12/17/2013","borough":"Queens","feat_type":"Intersection name"},"geometry":{"type":"Point","coordinates":[-73.91908749744707,40.78306131106658]}},{"type":"Feature","properties":{"ll_type":"Honorary","intro_num":"1188","ll_limits":"At the intersection of 45th Street and Queens Boulevard","intro_month":"11","amend_dt":null,"limits_er":null,"intro_day":"14","repeal_dt":"1/14/15","amendt_txt":null,"official_nm":"None","old_name":"None","amdyrllsec":null,"amended":"No","honor_name":"Sunnyside Gardens Arena Way","ll_num":"131","repealed":"Yes","ulurpcpnum":"none","ll_sec":"53","intro_year":"2013","lleffect_dt":"12/17/2013","borough":"Queens","feat_type":"Intersection name"},"geometry":{"type":"Point","coordinates":[-73.91962926659713,40.743265034648964]}},{"type":"Feature","properties":{"ll_type":"Honorary","intro_num":"1188","ll_limits":"At the intersection of 61st Street and Woodside Avenue","intro_month":"11","amend_dt":null,"limits_er":null,"intro_day":"14","repeal_dt":null,"amendt_txt":null,"official_nm":"None","old_name":"None","amdyrllsec":null,"amended":"No","honor_name":"Walter McCaffrey Place","ll_num":"131","repealed":"No","ulurpcpnum":"none","ll_sec":"54","intro_year":"2013","lleffect_dt":"12/17/2013","borough":"Queens","feat_type":"Intersection name"},"geometry":{"type":"Point","coordinates":[-73.90368742646737,40.744914404680934]}},{"type":"Feature","properties":{"ll_type":"Honorary","intro_num":"0564","ll_limits":"the intersection of Fulton Street, Ralph Avenue and MacDougal Street","intro_month":"6","amend_dt":null,"limits_er":null,"intro_day":"7","repeal_dt":null,"amendt_txt":null,"official_nm":"None","old_name":"None","amdyrllsec":null,"amended":"No","honor_name":"Chief Charles A. Joshua Plaza","ll_num":"060","repealed":"No","ulurpcpnum":"none","ll_sec":"11","intro_year":"1999","lleffect_dt":"12/04/2001","borough":"Brooklyn","feat_type":"Plaza name"},"geometry":{"type":"Point","coordinates":[-73.92164748148522,40.678870546757096]}},{"type":"Feature","properties":{"ll_type":"Honorary","intro_num":"0564","ll_limits":"the intersection of East 241st Street and Martha Avenue","intro_month":"6","amend_dt":null,"limits_er":null,"intro_day":"7","repeal_dt":null,"amendt_txt":null,"official_nm":"None","old_name":"None","amdyrllsec":null,"amended":"No","honor_name":"Msgr., John J. Considine Square","ll_num":"060","repealed":"No","ulurpcpnum":"none","ll_sec":"10","intro_year":"1999","lleffect_dt":"12/04/2001","borough":"Bronx","feat_type":"Square name"},"geometry":{"type":"Point","coordinates":[-73.86559886861916,40.90192346597998]}},{"type":"Feature","properties":{"ll_type":"Honorary","intro_num":"0757","ll_limits":"the intersection of 92nd Street and Fort Hamilton Parkway","intro_month":"5","amend_dt":null,"limits_er":null,"intro_day":"24","repeal_dt":null,"amendt_txt":null,"official_nm":"None","old_name":"None","amdyrllsec":null,"amended":"No","honor_name":"Donna and Michele Blanchard Plaza","ll_num":"071","repealed":"No","ulurpcpnum":"none","ll_sec":"3","intro_year":"2000","lleffect_dt":"12/26/2001","borough":"Brooklyn","feat_type":"Plaza name"},"geometry":{"type":"Point","coordinates":[-74.02748855964504,40.61698424479974]}},{"type":"Feature","properties":{"ll_type":"Honorary","intro_num":"0757","ll_limits":"the intersection of Perry Avenue and 68th Street","intro_month":"5","amend_dt":null,"limits_er":null,"intro_day":"24","repeal_dt":null,"amendt_txt":null,"official_nm":"None","old_name":"None","amdyrllsec":null,"amended":"No","honor_name":"Plaza of Heroes","ll_num":"071","repealed":"No","ulurpcpnum":"none","ll_sec":"10","intro_year":"2000","lleffect_dt":"12/26/2001","borough":"Queens","feat_type":"Plaza name"},"geometry":{"type":"Point","coordinates":[-73.89651800818272,40.72612041146425]}},{"type":"Feature","properties":{"ll_type":"Honorary","intro_num":"0281","ll_limits":"the northwest corner of the intersection of Forest Avenue and Bement Avenue","intro_month":"3","amend_dt":null,"limits_er":null,"intro_day":"10","repeal_dt":null,"amendt_txt":null,"official_nm":"None","old_name":"None","amdyrllsec":null,"amended":"No","honor_name":"Edward R. Stanzione Place","ll_num":"008","repealed":"No","ulurpcpnum":"none","ll_sec":"25","intro_year":"2004","lleffect_dt":"05/05/2004","borough":"Staten Island","feat_type":"Corner name"},"geometry":{"type":"Point","coordinates":[-74.11133607572826,40.62972984806146]}},{"type":"Feature","properties":{"ll_type":"Honorary","intro_num":"0289","ll_limits":"Between Almeda Avenue and Shore Front Parkway","intro_month":"4","amend_dt":null,"limits_er":"Error: It should be the intersection of Beach 57th Street and Beach Channel Dr","intro_day":"26","repeal_dt":null,"amendt_txt":null,"official_nm":"57th Street and Beach Channel Drive","old_name":"none","amdyrllsec":null,"amended":"No","honor_name":"Goldie M. Maple Way","ll_num":"013","repealed":"No","ulurpcpnum":"none","ll_sec":"53","intro_year":"2006","lleffect_dt":"05/23/2006","borough":"Brooklyn","feat_type":"Intersection name"},"geometry":{"type":"Point","coordinates":[-73.7872433384221,40.59482412028746]}},{"type":"Feature","properties":{"ll_type":"Honorary","intro_num":"0428","ll_limits":"At the intersection of East 147th Street and Bruckner Boulevard","intro_month":"11","amend_dt":null,"limits_er":"Error: It should be at the intersection of 147th Street and Southern Blvd","intro_day":"29","repeal_dt":"7/11/2011","amendt_txt":null,"official_nm":"None","old_name":"None","amdyrllsec":null,"amended":"No","honor_name":"Police Officer Kenneth Mahon Place","ll_num":"003","repealed":"Yes","ulurpcpnum":"none","ll_sec":"3","intro_year":"2010","lleffect_dt":"12/20/2010","borough":"Bronx","feat_type":"Intersection name"},"geometry":{"type":"Point","coordinates":[-73.90305158391344,40.80988983013488]}},{"type":"Feature","properties":{"ll_type":"Honorary","intro_num":"0590","ll_limits":"Between Broadway and Hamilton Place","intro_month":"6","amend_dt":null,"limits_er":"Error: it's the intersection of 136th street and Broadway","intro_day":"14","repeal_dt":null,"amendt_txt":null,"official_nm":"West 136th Street","old_name":"none","amdyrllsec":null,"amended":"No","honor_name":"Ricardo A. Perez Place","ll_num":"047","repealed":"No","ulurpcpnum":"none","ll_sec":"22","intro_year":"2011","lleffect_dt":"07/11/2011","borough":"Manhattan","feat_type":"Intersection name"},"geometry":{"type":"Point","coordinates":[-73.95458509643996,40.820769224559264]}},{"type":"Feature","properties":{"ll_type":"Honorary","intro_num":"0457","ll_limits":"On the Corner of Wainwright Street and Pompei Avenue","intro_month":"10","amend_dt":null,"limits_er":"Error: It's the intersection of Memphis ave and  Wainwright Street","intro_day":"25","repeal_dt":null,"amendt_txt":null,"official_nm":"None","old_name":"None","amdyrllsec":null,"amended":"No","honor_name":"Gaetano Vincent Mangano Street","ll_num":"050","repealed":"No","ulurpcpnum":"none","ll_sec":"41","intro_year":"2006","lleffect_dt":"12/05/2006","borough":"Staten Island","feat_type":"Intersection name"},"geometry":{"type":"Point","coordinates":[-74.16937166374859,40.54889834579127]}},{"type":"Feature","properties":{"ll_type":"Honorary","intro_num":"1103","ll_limits":"At the intersection of Nixon Avenue and Ward Avenue","intro_month":"12","amend_dt":null,"limits_er":null,"intro_day":"9","repeal_dt":null,"amendt_txt":null,"official_nm":"None","old_name":"None","amdyrllsec":null,"amended":"No","honor_name":"NYS Senator 1956-2006, Hon. John J. Marchi Way","ll_num":"092","repealed":"No","ulurpcpnum":"none","ll_sec":"29","intro_year":"2009","lleffect_dt":"12/28/2009","borough":"Staten Island","feat_type":"Intersection name"},"geometry":{"type":"Point","coordinates":[-74.08247058756541,40.633468192759025]}},{"type":"Feature","properties":{"ll_type":"Honorary","intro_num":"0877","ll_limits":"On the corner of the Grand Concourse between 179th Street and East Burnside Avenue","intro_month":"12","amend_dt":null,"limits_er":"Error: it's the southeast corner of the intersection of Bush street and Grand Concourse","intro_day":"9","repeal_dt":null,"amendt_txt":null,"official_nm":"Bush Street","old_name":"none","amdyrllsec":null,"amended":"No","honor_name":"Reverend Jessie Woodhouse Place","ll_num":"064","repealed":"No","ulurpcpnum":"none","ll_sec":"4","intro_year":"2008","lleffect_dt":"12/29/2008","borough":"Bronx","feat_type":"Intersection name"},"geometry":{"type":"Point","coordinates":[-73.90394580426879,40.851525760719674]}},{"type":"Feature","properties":{"ll_type":"Honorary","intro_num":"0471","ll_limits":"the southeast corner of the intersection of Avenue U and Lake Street","intro_month":"10","amend_dt":null,"limits_er":null,"intro_day":"13","repeal_dt":null,"amendt_txt":null,"official_nm":"None","old_name":"None","amdyrllsec":null,"amended":"No","honor_name":"Edward H. Alleva Sr. Corner","ll_num":"063","repealed":"No","ulurpcpnum":"none","ll_sec":"78","intro_year":"2004","lleffect_dt":"12/21/2004","borough":"Brooklyn","feat_type":"Corner name"},"geometry":{"type":"Point","coordinates":[-73.97398781299357,40.59679558901535]}},{"type":"Feature","properties":{"ll_type":"Honorary","intro_num":"0318","ll_limits":"the northeast corner of the intersection of Cornell Street and Decker Avenue","intro_month":"12","amend_dt":null,"limits_er":null,"intro_day":"4","repeal_dt":null,"amendt_txt":null,"official_nm":"None","old_name":"None","amdyrllsec":null,"amended":"No","honor_name":"Susan Clancy Conlon Way","ll_num":"006","repealed":"No","ulurpcpnum":"none","ll_sec":"45","intro_year":"2002","lleffect_dt":"01/07/2003","borough":"Staten Island","feat_type":"Corner name"},"geometry":{"type":"Point","coordinates":[-74.13779444935689,40.62748235006016]}},{"type":"Feature","properties":{"ll_type":"Honorary","intro_num":"0318","ll_limits":"the northwest corner of the intersection of Walker Street and Port Richmond Avenue","intro_month":"12","amend_dt":null,"limits_er":null,"intro_day":"4","repeal_dt":null,"amendt_txt":null,"official_nm":"None","old_name":"None","amdyrllsec":null,"amended":"No","honor_name":"Troy Nilsen Way","ll_num":"006","repealed":"No","ulurpcpnum":"none","ll_sec":"53","intro_year":"2002","lleffect_dt":"01/07/2003","borough":"Staten Island","feat_type":"Corner name"},"geometry":{"type":"Point","coordinates":[-74.1406110039855,40.62975144193387]}},{"type":"Feature","properties":{"ll_type":"Honorary","intro_num":"0471","ll_limits":"the southeast corner of the intersection of Osgood Avenue and Vanderbilt Avenue","intro_month":"10","amend_dt":null,"limits_er":null,"intro_day":"13","repeal_dt":null,"amendt_txt":null,"official_nm":"None","old_name":"None","amdyrllsec":null,"amended":"No","honor_name":"Rev. Hattie Smith-Davis Place","ll_num":"063","repealed":"No","ulurpcpnum":"none","ll_sec":"56","intro_year":"2004","lleffect_dt":"12/21/2004","borough":"Staten Island","feat_type":"Corner name"},"geometry":{"type":"Point","coordinates":[-74.08093573771448,40.61777268858418]}},{"type":"Feature","properties":{"ll_type":"Honorary","intro_num":"0318","ll_limits":"the northeast corner of the intersection of Chapin Avenue and Ridge Avenue","intro_month":"12","amend_dt":null,"limits_er":null,"intro_day":"4","repeal_dt":null,"amendt_txt":null,"official_nm":"None","old_name":"None","amdyrllsec":null,"amended":"No","honor_name":"Paul V. Barbaro Way","ll_num":"006","repealed":"No","ulurpcpnum":"none","ll_sec":"67","intro_year":"2002","lleffect_dt":"01/07/2003","borough":"Staten Island","feat_type":"Corner name"},"geometry":{"type":"Point","coordinates":[-74.10143609029454,40.5970914828723]}},{"type":"Feature","properties":{"ll_type":"Honorary","intro_num":"0343","ll_limits":"the northwest corner of the intersection of Armstrong Avenue and Hylan Boulevard","intro_month":"1","amend_dt":null,"limits_er":null,"intro_day":"8","repeal_dt":null,"amendt_txt":null,"official_nm":"None","old_name":"None","amdyrllsec":null,"amended":"No","honor_name":"Walter A. Matuza Place","ll_num":"015","repealed":"No","ulurpcpnum":"none","ll_sec":"9","intro_year":"2003","lleffect_dt":"02/18/2003","borough":"Staten Island","feat_type":"Corner name"},"geometry":{"type":"Point","coordinates":[-74.15008143460886,40.53782952291153]}},{"type":"Feature","properties":{"ll_type":"Honorary","intro_num":"0437","ll_limits":"the east corner of the intersection of Fulton Street and Warren Street","intro_month":"4","amend_dt":null,"limits_er":null,"intro_day":"30","repeal_dt":null,"amendt_txt":null,"official_nm":"None","old_name":"None","amdyrllsec":null,"amended":"No","honor_name":"Sandra Conaty Brace Way","ll_num":"034","repealed":"No","ulurpcpnum":"none","ll_sec":"28","intro_year":"2003","lleffect_dt":"06/03/2003","borough":"Staten Island","feat_type":"Corner name"},"geometry":{"type":"Point","coordinates":[-74.08217281738257,40.6211032700055]}},{"type":"Feature","properties":{"ll_type":"Honorary","intro_num":"0437","ll_limits":"the northeast corner of the intersection of Oakland Avenue and Forest Avenue","intro_month":"4","amend_dt":null,"limits_er":null,"intro_day":"30","repeal_dt":null,"amendt_txt":null,"official_nm":"None","old_name":"None","amdyrllsec":null,"amended":"No","honor_name":"Firefighter Stephen G. Siller Way","ll_num":"034","repealed":"No","ulurpcpnum":"none","ll_sec":"27","intro_year":"2003","lleffect_dt":"06/03/2003","borough":"Staten Island","feat_type":"Corner name"},"geometry":{"type":"Point","coordinates":[-74.11011391844544,40.62995222072561]}},{"type":"Feature","properties":{"ll_type":"Honorary","intro_num":"0342","ll_limits":"the northeast corner of the intersection of Genessee Avenue and Richmond Avenue","intro_month":"1","amend_dt":null,"limits_er":"Error: it's the southwest corner","intro_day":"8","repeal_dt":null,"amendt_txt":null,"official_nm":"None","old_name":"None","amdyrllsec":null,"amended":"No","honor_name":"Firefighter Michael J. Gorumba Place","ll_num":"014","repealed":"No","ulurpcpnum":"none","ll_sec":"11","intro_year":"2003","lleffect_dt":"02/18/2003","borough":"Staten Island","feat_type":"Corner name"},"geometry":{"type":"Point","coordinates":[-74.16816642765419,40.55261607360016]}},{"type":"Feature","properties":{"ll_type":"Honorary","intro_num":"0342","ll_limits":"the southeast corner of the intersection of Montgomery Street and Henry Street","intro_month":"1","amend_dt":null,"limits_er":null,"intro_day":"8","repeal_dt":null,"amendt_txt":null,"official_nm":"None","old_name":"None","amdyrllsec":null,"amended":"No","honor_name":"Paul Ramos Way","ll_num":"014","repealed":"No","ulurpcpnum":"none","ll_sec":"35","intro_year":"2003","lleffect_dt":"02/18/2003","borough":"Manhattan","feat_type":"Corner name"},"geometry":{"type":"Point","coordinates":[-73.98491382563091,40.71371697949693]}},{"type":"Feature","properties":{"ll_type":"Honorary","intro_num":"0289","ll_limits":"Southwest corner of 81st Street and 16th Avenue","intro_month":"4","amend_dt":null,"limits_er":null,"intro_day":"26","repeal_dt":null,"amendt_txt":null,"official_nm":"None","old_name":"None","amdyrllsec":null,"amended":"No","honor_name":"Cpl. Joseph Basile Way","ll_num":"013","repealed":"No","ulurpcpnum":"none","ll_sec":"5","intro_year":"2006","lleffect_dt":"05/23/2006","borough":"Brooklyn","feat_type":"Intersection name"},"geometry":{"type":"Point","coordinates":[-74.00454671965107,40.61291802439991]}},{"type":"Feature","properties":{"ll_type":"Honorary","intro_num":"0289","ll_limits":"Northeast corner of 46th Street and 7th Avenue","intro_month":"4","amend_dt":null,"limits_er":null,"intro_day":"26","repeal_dt":"7/11/2006","amendt_txt":null,"official_nm":"None","old_name":"None","amdyrllsec":null,"amended":"No","honor_name":"Actors Equity Corner","ll_num":"013","repealed":"Yes","ulurpcpnum":"none","ll_sec":"47","intro_year":"2006","lleffect_dt":"05/23/2006","borough":"Manhattan","feat_type":"Intersection name"},"geometry":{"type":"Point","coordinates":[-73.98489458403341,40.758594448294204]}},{"type":"Feature","properties":{"ll_type":"Honorary","intro_num":"0457","ll_limits":"On the Corner of Audubon Avenue","intro_month":"10","amend_dt":null,"limits_er":null,"intro_day":"25","repeal_dt":null,"amendt_txt":null,"official_nm":"None","old_name":"None","amdyrllsec":null,"amended":"No","honor_name":"171st Street","ll_num":"050","repealed":"No","ulurpcpnum":"none","ll_sec":"17","intro_year":"2006","lleffect_dt":"12/05/2006","borough":"Manhattan","feat_type":"Corner name"},"geometry":{"type":"Point","coordinates":[-73.93702784750607,40.842314187715715]}},{"type":"Feature","properties":{"ll_type":"Honorary","intro_num":"0984","ll_limits":"the southwest corner of Lexington Avenue and East 51st Street","intro_month":"0","amend_dt":null,"limits_er":null,"intro_day":"0","repeal_dt":null,"amendt_txt":null,"official_nm":"None","old_name":"None","amdyrllsec":null,"amended":"No","honor_name":"Bernard H. Mendik Corner","ll_num":"063","repealed":"No","ulurpcpnum":"none","ll_sec":"1","intro_year":"2001","lleffect_dt":"12/04/2001","borough":"Manhattan","feat_type":"Corner name"},"geometry":{"type":"Point","coordinates":[-73.97207385868163,40.757106315089054]}},{"type":"Feature","properties":{"ll_type":"Honorary","intro_num":"0982","ll_limits":"southwest corner of 37th Street and 28th Avenue","intro_month":"0","amend_dt":null,"limits_er":null,"intro_day":"0","repeal_dt":null,"amendt_txt":null,"official_nm":"None","old_name":"None","amdyrllsec":null,"amended":"No","honor_name":"St. Rocco's Place","ll_num":"062","repealed":"No","ulurpcpnum":"none","ll_sec":"1","intro_year":"2001","lleffect_dt":"12/04/2001","borough":"Queens","feat_type":"Corner name"},"geometry":{"type":"Point","coordinates":[-73.91545589181973,40.766182354391724]}},{"type":"Feature","properties":{"ll_type":"Honorary","intro_num":"0914","ll_limits":"Southeast corner of Bradley Avenue and Westwood Avenue","intro_month":"0","amend_dt":null,"limits_er":null,"intro_day":"0","repeal_dt":null,"amendt_txt":null,"official_nm":"None","old_name":"None","amdyrllsec":null,"amended":"No","honor_name":"C.O. George Motchan Corner","ll_num":"056","repealed":"No","ulurpcpnum":"none","ll_sec":"1","intro_year":"2001","lleffect_dt":"09/06/2001","borough":"Staten Island","feat_type":"Corner name"},"geometry":{"type":"Point","coordinates":[-74.13170046434243,40.60547309331595]}},{"type":"Feature","properties":{"ll_type":"Honorary","intro_num":"0895","ll_limits":"the southwest corner of 80th Road and Kew Gardens Road","intro_month":"0","amend_dt":null,"limits_er":null,"intro_day":"0","repeal_dt":null,"amendt_txt":null,"official_nm":"None","old_name":"None","amdyrllsec":null,"amended":"No","honor_name":"Joseph W. Queen Corner","ll_num":"033","repealed":"No","ulurpcpnum":"none","ll_sec":"1","intro_year":"2001","lleffect_dt":"06/8/2001","borough":"Queens","feat_type":"Corner name"},"geometry":{"type":"Point","coordinates":[-73.83054488102725,40.713606103353534]}},{"type":"Feature","properties":{"ll_type":"Honorary","intro_num":"0722","ll_limits":"Southwest corner of Convent Avenue and West 143rd Street","intro_month":"0","amend_dt":null,"limits_er":null,"intro_day":"0","repeal_dt":null,"amendt_txt":null,"official_nm":"None","old_name":"None","amdyrllsec":null,"amended":"No","honor_name":"W. Haywood Burns Corner","ll_num":"034","repealed":"No","ulurpcpnum":"none","ll_sec":"1","intro_year":"2000","lleffect_dt":"06/20/2000","borough":"Manhattan","feat_type":"Corner name"},"geometry":{"type":"Point","coordinates":[-73.9473214784893,40.823326135539055]}},{"type":"Feature","properties":{"ll_type":"Honorary","intro_num":"0661","ll_limits":"Northeast corner of Maclay Avenue and Seddon Street","intro_month":"0","amend_dt":null,"limits_er":null,"intro_day":"0","repeal_dt":null,"amendt_txt":null,"official_nm":"None","old_name":"None","amdyrllsec":null,"amended":"No","honor_name":"Louis Tuzzio Corner","ll_num":"037","repealed":"No","ulurpcpnum":"none","ll_sec":"1","intro_year":"1999","lleffect_dt":"06/29/2000","borough":"Bronx","feat_type":"Corner name"},"geometry":{"type":"Point","coordinates":[-73.8496141342578,40.841215805146554]}},{"type":"Feature","properties":{"ll_type":"Honorary","intro_num":"0660","ll_limits":"Southeast corner of Campbell Drive and Agar Place.","intro_month":"0","amend_dt":null,"limits_er":null,"intro_day":"0","repeal_dt":null,"amendt_txt":null,"official_nm":"None","old_name":"None","amdyrllsec":null,"amended":"No","honor_name":"Maude Steiner Corner","ll_num":"008","repealed":"No","ulurpcpnum":"none","ll_sec":"1","intro_year":"1999","lleffect_dt":"02/26/2001","borough":"Bronx","feat_type":"Corner name"},"geometry":{"type":"Point","coordinates":[-73.81725990900338,40.8391735739583]}},{"type":"Feature","properties":{"ll_type":"Honorary","intro_num":"0622","ll_limits":"the corner of 41st Street and 5th Avenue.","intro_month":"0","amend_dt":null,"limits_er":null,"intro_day":"0","repeal_dt":null,"amendt_txt":null,"official_nm":"None","old_name":"None","amdyrllsec":null,"amended":"No","honor_name":"John Bigelow Plaza","ll_num":"049","repealed":"No","ulurpcpnum":"none","ll_sec":"1","intro_year":"1999","lleffect_dt":"08/08/2001","borough":"Manhattan","feat_type":"Corner name"},"geometry":{"type":"Point","coordinates":[-73.98137143301355,40.75281385672669]}},{"type":"Feature","properties":{"ll_type":"Honorary","intro_num":"0613","ll_limits":"the southwest corner of 78th Street and 37th Avenue","intro_month":"0","amend_dt":null,"limits_er":null,"intro_day":"0","repeal_dt":null,"amendt_txt":null,"official_nm":"None","old_name":"None","amdyrllsec":null,"amended":"No","honor_name":"Julio Rivera Corner","ll_num":"020","repealed":"No","ulurpcpnum":"none","ll_sec":"1","intro_year":"1999","lleffect_dt":"04/17/2000","borough":"Queens","feat_type":"Corner name"},"geometry":{"type":"Point","coordinates":[-73.88809878439419,40.749265569929435]}},{"type":"Feature","properties":{"ll_type":"Honorary","intro_num":"0612","ll_limits":"the southeast and northeast corners of the intersection at 108th Street and 67th Road","intro_month":"0","amend_dt":null,"limits_er":null,"intro_day":"0","repeal_dt":null,"amendt_txt":null,"official_nm":"None","old_name":"None","amdyrllsec":null,"amended":"No","honor_name":"Holocaust Memorial Corners","ll_num":"062","repealed":"No","ulurpcpnum":"none","ll_sec":"1","intro_year":"1999","lleffect_dt":"10/18/1999","borough":"Queens","feat_type":"Corner name"},"geometry":{"type":"Point","coordinates":[-73.84711752740174,40.728408472056195]}},{"type":"Feature","properties":{"ll_type":"Honorary","intro_num":"0612","ll_limits":"the southeast and northeast corners of the intersection at 108th Street and 67th Road","intro_month":"0","amend_dt":null,"limits_er":null,"intro_day":"0","repeal_dt":null,"amendt_txt":null,"official_nm":"None","old_name":"None","amdyrllsec":null,"amended":"No","honor_name":"Holocaust Memorial Corners","ll_num":"062","repealed":"No","ulurpcpnum":"none","ll_sec":"1","intro_year":"1999","lleffect_dt":"10/18/1999","borough":"Queens","feat_type":"Corner name"},"geometry":{"type":"Point","coordinates":[-73.84704586859803,40.72825158908183]}},{"type":"Feature","properties":{"ll_type":"Honorary","intro_num":"0506","ll_limits":"the northwest corner of Flatbush Avenue and Dekalb Avenue","intro_month":"0","amend_dt":null,"limits_er":null,"intro_day":"0","repeal_dt":null,"amendt_txt":null,"official_nm":"None","old_name":"None","amdyrllsec":null,"amended":"No","honor_name":"Harry Rosen Way-Cheesecake Corner","ll_num":"005","repealed":"No","ulurpcpnum":"none","ll_sec":"1","intro_year":"1999","lleffect_dt":"02/01/1999","borough":"Brooklyn","feat_type":"Corner name"},"geometry":{"type":"Point","coordinates":[-73.9817572524051,40.69003181736627]}},{"type":"Feature","properties":{"ll_type":"Honorary","intro_num":"0474","ll_limits":"the Northeast corner of 7th Avenue and Christopher Street","intro_month":"0","amend_dt":null,"limits_er":null,"intro_day":"0","repeal_dt":null,"amendt_txt":null,"official_nm":"None","old_name":"None","amdyrllsec":null,"amended":"No","honor_name":"Wes Joice Corner","ll_num":"008","repealed":"No","ulurpcpnum":"none","ll_sec":"1","intro_year":"1998","lleffect_dt":"03/11/1999","borough":"Manhattan","feat_type":"Corner name"},"geometry":{"type":"Point","coordinates":[-74.00255019214173,40.733720968239474]}},{"type":"Feature","properties":{"ll_type":"Honorary","intro_num":"0397","ll_limits":"Northeast corner at the intersection of White Plains Road and Gleason Avenue","intro_month":"0","amend_dt":null,"limits_er":null,"intro_day":"0","repeal_dt":null,"amendt_txt":null,"official_nm":"None","old_name":"None","amdyrllsec":null,"amended":"No","honor_name":"Reverend Wesley G. Janzen Place","ll_num":"018","repealed":"No","ulurpcpnum":"none","ll_sec":"1","intro_year":"1998","lleffect_dt":"05/18/1999","borough":"Bronx","feat_type":"Intersection name"},"geometry":{"type":"Point","coordinates":[-73.86149672946777,40.83060354186649]}},{"type":"Feature","properties":{"ll_type":"Honorary","intro_num":"0396","ll_limits":"the northwest corner at the intersection of Avenue Y and Ocean Avenue","intro_month":"0","amend_dt":null,"limits_er":null,"intro_day":"0","repeal_dt":null,"amendt_txt":null,"official_nm":"None","old_name":"None","amdyrllsec":null,"amended":"No","honor_name":"Firemen's Corner","ll_num":"055","repealed":"No","ulurpcpnum":"none","ll_sec":"1","intro_year":"1998","lleffect_dt":"11/10/1998","borough":"Brooklyn","feat_type":"Corner name"},"geometry":{"type":"Point","coordinates":[-73.94994632615354,40.590724214888404]}},{"type":"Feature","properties":{"ll_type":"Honorary","intro_num":"0362","ll_limits":"the Corner of Hollywood Avenue and Bruckner Boulevard Service Road South","intro_month":"0","amend_dt":null,"limits_er":null,"intro_day":"0","repeal_dt":null,"amendt_txt":null,"official_nm":"None","old_name":"None","amdyrllsec":null,"amended":"No","honor_name":"Dr. Catherine Raschke Plaza","ll_num":"002","repealed":"No","ulurpcpnum":"none","ll_sec":"1","intro_year":"1998","lleffect_dt":"02/01/1999","borough":"Bronx","feat_type":"Plaza name"},"geometry":{"type":"Point","coordinates":[-73.82515883906107,40.83461447170666]}},{"type":"Feature","properties":{"ll_type":"Honorary","intro_num":"0342","ll_limits":"Intersection of Givans and Fish Avenues","intro_month":"0","amend_dt":null,"limits_er":null,"intro_day":"0","repeal_dt":null,"amendt_txt":null,"official_nm":"None","old_name":"None","amdyrllsec":null,"amended":"No","honor_name":"Linton J. Cummings Square","ll_num":"053","repealed":"No","ulurpcpnum":"none","ll_sec":"1","intro_year":"1998","lleffect_dt":"11/10/1998","borough":"Bronx","feat_type":"Intersection name"},"geometry":{"type":"Point","coordinates":[-73.84865998511982,40.8736114846197]}},{"type":"Feature","properties":{"ll_type":"Honorary","intro_num":"0336","ll_limits":"the southeast corner of Exterior Street and West 230th Street","intro_month":"0","amend_dt":null,"limits_er":null,"intro_day":"0","repeal_dt":null,"amendt_txt":null,"official_nm":"None","old_name":"None","amdyrllsec":null,"amended":"No","honor_name":"Marie Smith Urban Street","ll_num":"050","repealed":"No","ulurpcpnum":"none","ll_sec":"1","intro_year":"1998","lleffect_dt":"11/10/1998","borough":"Bronx","feat_type":"Corner name"},"geometry":{"type":"Point","coordinates":[-73.90604059107746,40.87688605961416]}},{"type":"Feature","properties":{"ll_type":"Honorary","intro_num":"0296","ll_limits":"the northeast corner at the intersection of West 135th Street and Amsterdam Avenue","intro_month":"9","amend_dt":null,"limits_er":null,"intro_day":"17","repeal_dt":null,"amendt_txt":null,"official_nm":"None","old_name":"None","amdyrllsec":null,"amended":"No","honor_name":"Vinegar Hill Corner","ll_num":"044","repealed":"No","ulurpcpnum":"none","ll_sec":"1","intro_year":"1998","lleffect_dt":"10/07/1998","borough":"Manhattan","feat_type":"Corner name"},"geometry":{"type":"Point","coordinates":[-73.95203057553788,40.81895767368286]}},{"type":"Feature","properties":{"ll_type":"Honorary","intro_num":"0162","ll_limits":"the southwest corner at the intersection of Woodhull Street and Henry Street","intro_month":"0","amend_dt":null,"limits_er":null,"intro_day":"0","repeal_dt":null,"amendt_txt":null,"official_nm":"None","old_name":"None","amdyrllsec":null,"amended":"No","honor_name":"Erasmus \"Mike\" Napolitano Corner","ll_num":"032","repealed":"No","ulurpcpnum":"none","ll_sec":"1","intro_year":"1998","lleffect_dt":"07/13/1998","borough":"Brooklyn","feat_type":"Corner name"},"geometry":{"type":"Point","coordinates":[-74.00116908638844,40.68067530401225]}},{"type":"Feature","properties":{"ll_type":"Honorary","intro_num":"0020","ll_limits":"the intersection of 53rd Street and 16th Avenue","intro_month":"0","amend_dt":null,"limits_er":null,"intro_day":"0","repeal_dt":null,"amendt_txt":null,"official_nm":"None","old_name":"None","amdyrllsec":null,"amended":"No","honor_name":"Zichron Kedoshim Square","ll_num":"028","repealed":"No","ulurpcpnum":"none","ll_sec":"1","intro_year":"1998","lleffect_dt":"07/13/1998","borough":"Brooklyn","feat_type":"Square name"},"geometry":{"type":"Point","coordinates":[-73.98800768636531,40.628800149460595]}},{"type":"Feature","properties":{"ll_type":"Honorary","intro_num":"0670","ll_limits":"The triangle at the intersection of Avenue S and East 33 Street","intro_month":"0","amend_dt":null,"limits_er":null,"intro_day":"0","repeal_dt":null,"amendt_txt":null,"official_nm":"None","old_name":"None","amdyrllsec":null,"amended":"No","honor_name":"Firefighter Christopher Bopp Memorial Triangle","ll_num":"007","repealed":"No","ulurpcpnum":"none","ll_sec":"1","intro_year":"1999","lleffect_dt":"02/22/2000","borough":"Brooklyn","feat_type":"Triangle name"},"geometry":{"type":"Point","coordinates":[-73.93351310759819,40.60834345590784]}},{"type":"Feature","properties":{"ll_type":"Honorary","intro_num":"388","ll_limits":"At the northernmost intersection of 163rd Street and Rev. James Polite Avenue","intro_month":"6","amend_dt":null,"limits_er":null,"intro_day":"25","repeal_dt":null,"amendt_txt":null,"official_nm":"None","old_name":"None","amdyrllsec":null,"amended":"No","honor_name":"Rev. Dr. Shellie Sampson, Jr. Way","ll_num":"034","repealed":"No","ulurpcpnum":"none","ll_sec":"1","intro_year":"2014","lleffect_dt":"07/09/2014","borough":"Bronx","feat_type":"Intersection name"},"geometry":{"type":"Point","coordinates":[-73.89901798734294,40.821846359793405]}},{"type":"Feature","properties":{"ll_type":"Honorary","intro_num":"388","ll_limits":"At the intersection of Kingsbridge Road and Morris Avenue","intro_month":"6","amend_dt":null,"limits_er":null,"intro_day":"25","repeal_dt":null,"amendt_txt":null,"official_nm":"None","old_name":"None","amdyrllsec":null,"amended":"No","honor_name":"El Grito de Lares","ll_num":"034","repealed":"No","ulurpcpnum":"none","ll_sec":"5","intro_year":"2014","lleffect_dt":"07/09/2014","borough":"Bronx","feat_type":"Intersection name"},"geometry":{"type":"Point","coordinates":[-73.89631315756391,40.867038575088586]}},{"type":"Feature","properties":{"ll_type":"Honorary","intro_num":"388","ll_limits":"North side of the intersection of Clinton Street and Delancey Street","intro_month":"6","amend_dt":null,"limits_er":null,"intro_day":"25","repeal_dt":null,"amendt_txt":null,"official_nm":"None","old_name":"None","amdyrllsec":null,"amended":"No","honor_name":"Dashane Santana Way","ll_num":"034","repealed":"No","ulurpcpnum":"none","ll_sec":"6","intro_year":"2014","lleffect_dt":"07/09/2014","borough":"Manhattan","feat_type":"Intersection name"},"geometry":{"type":"Point","coordinates":[-73.9857192783476,40.71800758303502]}},{"type":"Feature","properties":{"ll_type":"Honorary","intro_num":"388","ll_limits":"At the southwest corner of Kensington Street and Oriental Boulevard","intro_month":"6","amend_dt":null,"limits_er":null,"intro_day":"25","repeal_dt":null,"amendt_txt":null,"official_nm":"None","old_name":"None","amdyrllsec":null,"amended":"No","honor_name":"Ed Eisenberg Way","ll_num":"034","repealed":"No","ulurpcpnum":"none","ll_sec":"7","intro_year":"2014","lleffect_dt":"07/09/2014","borough":"Brooklyn","feat_type":"Intersection name"},"geometry":{"type":"Point","coordinates":[-73.94172962923224,40.57797409639149]}},{"type":"Feature","properties":{"ll_type":"Honorary","intro_num":"388","ll_limits":"At the intersection of 95th Street and 43rd Avenue","intro_month":"6","amend_dt":null,"limits_er":null,"intro_day":"25","repeal_dt":null,"amendt_txt":null,"official_nm":"None","old_name":"None","amdyrllsec":null,"amended":"No","honor_name":"P. O. Robert M. Ehmer Place","ll_num":"034","repealed":"No","ulurpcpnum":"none","ll_sec":"11","intro_year":"2014","lleffect_dt":"07/09/2014","borough":"Queens","feat_type":"Intersection name"},"geometry":{"type":"Point","coordinates":[-73.86928799777574,40.7452419117261]}},{"type":"Feature","properties":{"ll_type":"Honorary","intro_num":"388","ll_limits":"At the intersection of 104th Street and 35th Avenue","intro_month":"6","amend_dt":null,"limits_er":null,"intro_day":"25","repeal_dt":null,"amendt_txt":null,"official_nm":"None","old_name":"None","amdyrllsec":null,"amended":"No","honor_name":"Professor William H. Pease, Jr. Way","ll_num":"034","repealed":"No","ulurpcpnum":"none","ll_sec":"12","intro_year":"2014","lleffect_dt":"07/09/2014","borough":"Queens","feat_type":"Intersection name"},"geometry":{"type":"Point","coordinates":[-73.8642624886931,40.754917891102394]}},{"type":"Feature","properties":{"ll_type":"Honorary","intro_num":"388","ll_limits":"At the northwest corner of 77th Street and 21st Avenue","intro_month":"6","amend_dt":null,"limits_er":null,"intro_day":"25","repeal_dt":"1/14/2015","amendt_txt":null,"official_nm":"None","old_name":"None","amdyrllsec":null,"amended":"No","honor_name":"Angelo “Chubby” Campanella Way","ll_num":"034","repealed":"Yes","ulurpcpnum":"none","ll_sec":"14","intro_year":"2014","lleffect_dt":"07/09/2014","borough":"Brooklyn","feat_type":"Intersection name"},"geometry":{"type":"Point","coordinates":[-73.99081211498556,40.60847499368126]}},{"type":"Feature","properties":{"ll_type":"Honorary","intro_num":"388","ll_limits":"At the northeast corner of Keegans Lane and Greencroft Avenue underneath the Giffords Lane street sign","intro_month":"6","amend_dt":null,"limits_er":null,"intro_day":"25","repeal_dt":null,"amendt_txt":null,"official_nm":"None","old_name":"None","amdyrllsec":null,"amended":"No","honor_name":"NYPD Sgt. Peter J. McPolin, Jr. Way","ll_num":"034","repealed":"No","ulurpcpnum":"none","ll_sec":"16","intro_year":"2014","lleffect_dt":"07/09/2014","borough":"Staten Island","feat_type":"Intersection name"},"geometry":{"type":"Point","coordinates":[-74.13791803307242,40.55010136973686]}},{"type":"Feature","properties":{"ll_type":"Honorary","intro_num":"388","ll_limits":"At the southwest corner of Bleeker Street and Charles Street","intro_month":"6","amend_dt":null,"limits_er":null,"intro_day":"25","repeal_dt":null,"amendt_txt":null,"official_nm":"None","old_name":"None","amdyrllsec":null,"amended":"No","honor_name":"Police Officer Brian Murray Way","ll_num":"034","repealed":"No","ulurpcpnum":"none","ll_sec":"17","intro_year":"2014","lleffect_dt":"07/09/2014","borough":"Manhattan","feat_type":"Intersection name"},"geometry":{"type":"Point","coordinates":[-74.00482189498486,40.73458533185796]}},{"type":"Feature","properties":{"ll_type":"Honorary","intro_num":"388","ll_limits":"At the southeast corner of 43rd Street and 10th Avenue","intro_month":"6","amend_dt":null,"limits_er":null,"intro_day":"25","repeal_dt":null,"amendt_txt":null,"official_nm":"None","old_name":"None","amdyrllsec":null,"amended":"No","honor_name":"Stan Brooks Way","ll_num":"034","repealed":"No","ulurpcpnum":"none","ll_sec":"18","intro_year":"2014","lleffect_dt":"07/09/2014","borough":"Manhattan","feat_type":"Intersection name"},"geometry":{"type":"Point","coordinates":[-73.99488059387889,40.7601671991397]}},{"type":"Feature","properties":{"ll_type":"Honorary","intro_num":"388","ll_limits":"At the southwest corner of 29th Street and 9th Avenue","intro_month":"6","amend_dt":null,"limits_er":null,"intro_day":"25","repeal_dt":null,"amendt_txt":null,"official_nm":"None","old_name":"None","amdyrllsec":null,"amended":"No","honor_name":"Phyllis Gonzalez Way","ll_num":"034","repealed":"No","ulurpcpnum":"none","ll_sec":"19","intro_year":"2014","lleffect_dt":"07/09/2014","borough":"Manhattan","feat_type":"Intersection name"},"geometry":{"type":"Point","coordinates":[-73.99878561207858,40.75023880431998]}},{"type":"Feature","properties":{"ll_type":"Honorary","intro_num":"388","ll_limits":"At the intersection of Farrington Street and Northern Boulevard","intro_month":"6","amend_dt":null,"limits_er":null,"intro_day":"25","repeal_dt":null,"amendt_txt":null,"official_nm":"None","old_name":"None","amdyrllsec":null,"amended":"No","honor_name":"Daniel Carter Beard Memorial Square","ll_num":"034","repealed":"No","ulurpcpnum":"none","ll_sec":"21","intro_year":"2014","lleffect_dt":"07/09/2014","borough":"Queens","feat_type":"Intersection name"},"geometry":{"type":"Point","coordinates":[-73.8312494368001,40.76312969672058]}},{"type":"Feature","properties":{"ll_type":"Honorary","intro_num":"388","ll_limits":"At the intersection of 63rd Drive and 108th Street","intro_month":"6","amend_dt":null,"limits_er":null,"intro_day":"25","repeal_dt":null,"amendt_txt":null,"official_nm":"None","old_name":"None","amdyrllsec":null,"amended":"No","honor_name":"Sergei Dovlatov Way","ll_num":"034","repealed":"No","ulurpcpnum":"none","ll_sec":"22","intro_year":"2014","lleffect_dt":"07/09/2014","borough":"Queens","feat_type":"Intersection name"},"geometry":{"type":"Point","coordinates":[-73.84994464953738,40.733607050388535]}},{"type":"Feature","properties":{"ll_type":"Honorary","intro_num":"388","ll_limits":"At the intersection of 116th Street and Broadway","intro_month":"6","amend_dt":null,"limits_er":null,"intro_day":"25","repeal_dt":"1/14/2015","amendt_txt":null,"official_nm":"None","old_name":"None","amdyrllsec":null,"amended":"No","honor_name":"Barnard College 125th Year Anniversary","ll_num":"034","repealed":"Yes","ulurpcpnum":"none","ll_sec":"25","intro_year":"2014","lleffect_dt":"07/09/2014","borough":"Manhattan","feat_type":"Intersection name"},"geometry":{"type":"Point","coordinates":[-73.96389877924555,40.808002746612345]}},{"type":"Feature","properties":{"ll_type":"Honorary","intro_num":"388","ll_limits":"At the northeast and southeast corners of 100th Street and 2nd Avenue","intro_month":"6","amend_dt":null,"limits_er":null,"intro_day":"25","repeal_dt":null,"amendt_txt":null,"official_nm":"None","old_name":"None","amdyrllsec":null,"amended":"No","honor_name":"Revs. Norm and Peg Eddy Way","ll_num":"034","repealed":"No","ulurpcpnum":"none","ll_sec":"27","intro_year":"2014","lleffect_dt":"07/09/2014","borough":"Manhattan","feat_type":"Intersection name"},"geometry":{"type":"Point","coordinates":[-73.9450085667488,40.78682479844757]}},{"type":"Feature","properties":{"ll_type":"Honorary","intro_num":"388","ll_limits":"At the northeast and southeast corners of 100th Street and 2nd Avenue","intro_month":"6","amend_dt":null,"limits_er":null,"intro_day":"25","repeal_dt":null,"amendt_txt":null,"official_nm":"None","old_name":"None","amdyrllsec":null,"amended":"No","honor_name":"Revs. Norm and Peg Eddy Way","ll_num":"034","repealed":"No","ulurpcpnum":"none","ll_sec":"27","intro_year":"2014","lleffect_dt":"07/09/2014","borough":"Manhattan","feat_type":"Intersection name"},"geometry":{"type":"Point","coordinates":[-73.94511832965186,40.78667433469319]}},{"type":"Feature","properties":{"ll_type":"Honorary","intro_num":"388","ll_limits":"At the intersection of Forest Hill Road and Travis Avenue","intro_month":"6","amend_dt":null,"limits_er":null,"intro_day":"25","repeal_dt":null,"amendt_txt":null,"official_nm":"None","old_name":"None","amdyrllsec":null,"amended":"No","honor_name":"Simeonette Mapes Way","ll_num":"034","repealed":"No","ulurpcpnum":"none","ll_sec":"28","intro_year":"2014","lleffect_dt":"07/09/2014","borough":"Staten Island","feat_type":"Intersection name"},"geometry":{"type":"Point","coordinates":[-74.14762041386453,40.585019469116624]}},{"type":"Feature","properties":{"ll_type":"Honorary","intro_num":"388","ll_limits":"At the intersection of Stanton Street and Pitt Street","intro_month":"6","amend_dt":null,"limits_er":null,"intro_day":"25","repeal_dt":null,"amendt_txt":null,"official_nm":"None","old_name":"None","amdyrllsec":null,"amended":"No","honor_name":"Marie Christopher Way","ll_num":"034","repealed":"No","ulurpcpnum":"none","ll_sec":"30","intro_year":"2014","lleffect_dt":"07/09/2014","borough":"Manhattan","feat_type":"Intersection name"},"geometry":{"type":"Point","coordinates":[-73.98193054319309,40.719458652869555]}},{"type":"Feature","properties":{"ll_type":"Honorary","intro_num":"388","ll_limits":"At both intersections of Springfield Boulevard and 113th Avenue","intro_month":"6","amend_dt":null,"limits_er":null,"intro_day":"25","repeal_dt":null,"amendt_txt":null,"official_nm":"None","old_name":"None","amdyrllsec":null,"amended":"No","honor_name":"Rev. Charlie W. Mixon Way","ll_num":"034","repealed":"No","ulurpcpnum":"none","ll_sec":"31","intro_year":"2014","lleffect_dt":"07/09/2014","borough":"Queens","feat_type":"Intersection name"},"geometry":{"type":"Point","coordinates":[-73.7403321921273,40.70389515251164]}},{"type":"Feature","properties":{"ll_type":"Honorary","intro_num":"388","ll_limits":"At both intersections of Springfield Boulevard and 113th Avenue","intro_month":"6","amend_dt":null,"limits_er":null,"intro_day":"25","repeal_dt":null,"amendt_txt":null,"official_nm":"None","old_name":"None","amdyrllsec":null,"amended":"No","honor_name":"Rev. Charlie W. Mixon Way","ll_num":"034","repealed":"No","ulurpcpnum":"none","ll_sec":"31","intro_year":"2014","lleffect_dt":"07/09/2014","borough":"Queens","feat_type":"Intersection name"},"geometry":{"type":"Point","coordinates":[-73.7402408484605,40.704145254619725]}},{"type":"Feature","properties":{"ll_type":"Honorary","intro_num":"388","ll_limits":"At the intersection of Guy R. Brewer Boulevard and 110th Avenue","intro_month":"6","amend_dt":null,"limits_er":null,"intro_day":"25","repeal_dt":null,"amendt_txt":null,"official_nm":"None","old_name":"None","amdyrllsec":null,"amended":"No","honor_name":"Bishop Roderick R. Caesar Sr. Way","ll_num":"034","repealed":"No","ulurpcpnum":"none","ll_sec":"32","intro_year":"2014","lleffect_dt":"07/09/2014","borough":"Queens","feat_type":"Intersection name"},"geometry":{"type":"Point","coordinates":[-73.78893104095134,40.69339783858373]}},{"type":"Feature","properties":{"ll_type":"Honorary","intro_num":"388","ll_limits":"At the intersection of Dongan Street and Richmond Terrace","intro_month":"6","amend_dt":null,"limits_er":null,"intro_day":"25","repeal_dt":null,"amendt_txt":null,"official_nm":"None","old_name":"None","amdyrllsec":null,"amended":"No","honor_name":"Kenneth Cubas Way","ll_num":"034","repealed":"No","ulurpcpnum":"none","ll_sec":"37","intro_year":"2014","lleffect_dt":"07/09/2014","borough":"Staten Island","feat_type":"Intersection name"},"geometry":{"type":"Point","coordinates":[-74.12460507156489,40.63746613606154]}},{"type":"Feature","properties":{"ll_type":"Honorary","intro_num":"388","ll_limits":"At the northeast corner of City Island Avenue and Cross Street","intro_month":"6","amend_dt":null,"limits_er":null,"intro_day":"25","repeal_dt":null,"amendt_txt":null,"official_nm":"None","old_name":"None","amdyrllsec":null,"amended":"No","honor_name":"Commander William G. Clancy Lane","ll_num":"034","repealed":"No","ulurpcpnum":"none","ll_sec":"39","intro_year":"2014","lleffect_dt":"07/09/2014","borough":"Bronx","feat_type":"Intersection name"},"geometry":{"type":"Point","coordinates":[-73.78983443276329,40.85328751788989]}},{"type":"Feature","properties":{"ll_type":"Honorary","intro_num":"388","ll_limits":"At the northeast corner of Bell Boulevard and 43rd Avenue","intro_month":"6","amend_dt":null,"limits_er":null,"intro_day":"25","repeal_dt":"1/14/2015","amendt_txt":null,"official_nm":"None","old_name":"None","amdyrllsec":null,"amended":"No","honor_name":"Benjamin Fried Boulevard","ll_num":"034","repealed":"Yes","ulurpcpnum":"none","ll_sec":"40","intro_year":"2014","lleffect_dt":"07/09/2014","borough":"Queens","feat_type":"Intersection name"},"geometry":{"type":"Point","coordinates":[-73.76986061767523,40.761574121103315]}},{"type":"Feature","properties":{"ll_type":"Honorary","intro_num":"388","ll_limits":"At the southwest corner of Tuskegee Airmen Way and Sutphin Boulevard","intro_month":"6","amend_dt":null,"limits_er":null,"intro_day":"25","repeal_dt":null,"amendt_txt":null,"official_nm":"None","old_name":"None","amdyrllsec":null,"amended":"No","honor_name":"Major Fred O. “Blue Eagle” Wilson Square","ll_num":"034","repealed":"No","ulurpcpnum":"none","ll_sec":"43","intro_year":"2014","lleffect_dt":"07/09/2014","borough":"Queens","feat_type":"Intersection name"},"geometry":{"type":"Point","coordinates":[-73.80229185757618,40.694530362186825]}},{"type":"Feature","properties":{"ll_type":"Honorary","intro_num":"388","ll_limits":"At the northeast corner of Tuskegee Airmen Way and Sutphin Boulevard","intro_month":"6","amend_dt":null,"limits_er":null,"intro_day":"25","repeal_dt":null,"amendt_txt":null,"official_nm":"None","old_name":"None","amdyrllsec":null,"amended":"No","honor_name":"2nd Lt. Victor Terrelonge Corner","ll_num":"034","repealed":"No","ulurpcpnum":"none","ll_sec":"44","intro_year":"2014","lleffect_dt":"07/09/2014","borough":"Queens","feat_type":"Intersection name"},"geometry":{"type":"Point","coordinates":[-73.80194876396905,40.6945538079236]}},{"type":"Feature","properties":{"ll_type":"Honorary","intro_num":"388","ll_limits":"At the northeast corner of Tuskegee Airmen Way and 150th Street","intro_month":"6","amend_dt":null,"limits_er":null,"intro_day":"25","repeal_dt":null,"amendt_txt":null,"official_nm":"None","old_name":"None","amdyrllsec":null,"amended":"No","honor_name":"2nd Lt. Haldane King Corner","ll_num":"034","repealed":"No","ulurpcpnum":"none","ll_sec":"45","intro_year":"2014","lleffect_dt":"07/09/2014","borough":"Queens","feat_type":"Intersection name"},"geometry":{"type":"Point","coordinates":[-73.80113901180293,40.69552650674798]}},{"type":"Feature","properties":{"ll_type":"Honorary","intro_num":"388","ll_limits":"At the southeast corner of Tuskegee Airmen Way and 153rd Street","intro_month":"6","amend_dt":null,"limits_er":null,"intro_day":"25","repeal_dt":null,"amendt_txt":null,"official_nm":"None","old_name":"None","amdyrllsec":null,"amended":"No","honor_name":"2nd Lt. William M. “Wild Bill” Wheeler Way","ll_num":"034","repealed":"No","ulurpcpnum":"none","ll_sec":"46","intro_year":"2014","lleffect_dt":"07/09/2014","borough":"Queens","feat_type":"Intersection name"},"geometry":{"type":"Point","coordinates":[-73.80040153810079,40.695816115346496]}},{"type":"Feature","properties":{"ll_type":"Honorary","intro_num":"388","ll_limits":"At the southwest corner of Tuskegee Airmen Way and 154th  Street","intro_month":"6","amend_dt":null,"limits_er":null,"intro_day":"25","repeal_dt":null,"amendt_txt":null,"official_nm":"None","old_name":"None","amdyrllsec":null,"amended":"No","honor_name":"General Benjamin Oliver Davis, Jr. Blvd.","ll_num":"034","repealed":"No","ulurpcpnum":"none","ll_sec":"47","intro_year":"2014","lleffect_dt":"07/09/2014","borough":"Queens","feat_type":"Intersection name"},"geometry":{"type":"Point","coordinates":[-73.79985641446585,40.69621574109455]}},{"type":"Feature","properties":{"ll_type":"Honorary","intro_num":"388","ll_limits":"At the north corner of Tuskegee Airmen Way and 154th Street","intro_month":"6","amend_dt":null,"limits_er":null,"intro_day":"25","repeal_dt":null,"amendt_txt":null,"official_nm":"None","old_name":"None","amdyrllsec":null,"amended":"No","honor_name":"99th Flying Training Squadron Drive","ll_num":"034","repealed":"No","ulurpcpnum":"none","ll_sec":"48","intro_year":"2014","lleffect_dt":"07/09/2014","borough":"Queens","feat_type":"Intersection name"},"geometry":{"type":"Point","coordinates":[-73.79990567191973,40.69643714988186]}},{"type":"Feature","properties":{"ll_type":"Honorary","intro_num":"388","ll_limits":"At the north corner of Tuskegee Airmen Way and 156th Street","intro_month":"6","amend_dt":null,"limits_er":null,"intro_day":"25","repeal_dt":null,"amendt_txt":null,"official_nm":"None","old_name":"None","amdyrllsec":null,"amended":"No","honor_name":"761st Tank Battalion Avenue","ll_num":"034","repealed":"No","ulurpcpnum":"none","ll_sec":"49","intro_year":"2014","lleffect_dt":"07/09/2014","borough":"Queens","feat_type":"Intersection name"},"geometry":{"type":"Point","coordinates":[-73.79854640132629,40.69746653270584]}},{"type":"Feature","properties":{"ll_type":"Honorary","intro_num":"388","ll_limits":"At the southeast corner of Tuskegee Airmen Way and 157th Street","intro_month":"6","amend_dt":null,"limits_er":null,"intro_day":"25","repeal_dt":null,"amendt_txt":null,"official_nm":"None","old_name":"None","amdyrllsec":null,"amended":"No","honor_name":"555th Parachute Infantry Battalion Lane","ll_num":"034","repealed":"No","ulurpcpnum":"none","ll_sec":"50","intro_year":"2014","lleffect_dt":"07/09/2014","borough":"Queens","feat_type":"Intersection name"},"geometry":{"type":"Point","coordinates":[-73.79772047066243,40.697962957960044]}},{"type":"Feature","properties":{"ll_type":"Honorary","intro_num":"388","ll_limits":"At the intersection of Union Hall Street and Tuskegee Airmen Way","intro_month":"6","amend_dt":null,"limits_er":null,"intro_day":"25","repeal_dt":null,"amendt_txt":null,"official_nm":"None","old_name":"None","amdyrllsec":null,"amended":"No","honor_name":"332nd Fighter Group Corner","ll_num":"034","repealed":"No","ulurpcpnum":"none","ll_sec":"51","intro_year":"2014","lleffect_dt":"07/09/2014","borough":"Queens","feat_type":"Intersection name"},"geometry":{"type":"Point","coordinates":[-73.79449920925344,40.69938577665863]}},{"type":"Feature","properties":{"ll_type":"Honorary","intro_num":"388","ll_limits":"At the intersection of Tuskegee Airmen Way and 160th Street","intro_month":"6","amend_dt":null,"limits_er":null,"intro_day":"25","repeal_dt":null,"amendt_txt":null,"official_nm":"None","old_name":"None","amdyrllsec":null,"amended":"No","honor_name":"Buffalo Soldiers Square","ll_num":"034","repealed":"No","ulurpcpnum":"none","ll_sec":"52","intro_year":"2014","lleffect_dt":"07/09/2014","borough":"Queens","feat_type":"Intersection name"},"geometry":{"type":"Point","coordinates":[-73.79572173745652,40.699014734669426]}},{"type":"Feature","properties":{"ll_type":"Honorary","intro_num":"388","ll_limits":"At the southwest corner of Tuskegee Airmen Way and 159th Street","intro_month":"6","amend_dt":null,"limits_er":null,"intro_day":"25","repeal_dt":null,"amendt_txt":null,"official_nm":"None","old_name":"None","amdyrllsec":null,"amended":"No","honor_name":"26th Regiment United States Colored Troops Drive","ll_num":"034","repealed":"No","ulurpcpnum":"none","ll_sec":"53","intro_year":"2014","lleffect_dt":"07/09/2014","borough":"Queens","feat_type":"Intersection name"},"geometry":{"type":"Point","coordinates":[-73.7964888560862,40.698557769503395]}},{"type":"Feature","properties":{"ll_type":"Honorary","intro_num":"388","ll_limits":"At the north corner of Tuskegee Airmen Way and 159th Street","intro_month":"6","amend_dt":null,"limits_er":null,"intro_day":"25","repeal_dt":null,"amendt_txt":null,"official_nm":"None","old_name":"None","amdyrllsec":null,"amended":"No","honor_name":"369th Infantry Regiment “Harlem Hellfighters” Lane","ll_num":"034","repealed":"No","ulurpcpnum":"none","ll_sec":"54","intro_year":"2014","lleffect_dt":"07/09/2014","borough":"Queens","feat_type":"Intersection name"},"geometry":{"type":"Point","coordinates":[-73.79654984653763,40.69880425364123]}},{"type":"Feature","properties":{"ll_type":"Honorary","intro_num":"388","ll_limits":"At the north corner of Tuskegee Airmen Way and 160th Street","intro_month":"6","amend_dt":null,"limits_er":null,"intro_day":"25","repeal_dt":null,"amendt_txt":null,"official_nm":"None","old_name":"None","amdyrllsec":null,"amended":"No","honor_name":"2nd Lt. August Harvey Martin Street","ll_num":"034","repealed":"No","ulurpcpnum":"none","ll_sec":"55","intro_year":"2014","lleffect_dt":"07/09/2014","borough":"Queens","feat_type":"Intersection name"},"geometry":{"type":"Point","coordinates":[-73.7957085763882,40.699138781515316]}},{"type":"Feature","properties":{"ll_type":"Honorary","intro_num":"388","ll_limits":"At the northwest corner of Tuskegee Airmen Way and 148th Street","intro_month":"6","amend_dt":null,"limits_er":null,"intro_day":"25","repeal_dt":null,"amendt_txt":null,"official_nm":"None","old_name":"None","amdyrllsec":null,"amended":"No","honor_name":"2nd Lt. Samuel Lynn Corner","ll_num":"034","repealed":"No","ulurpcpnum":"none","ll_sec":"56","intro_year":"2014","lleffect_dt":"07/09/2014","borough":"Queens","feat_type":"Intersection name"},"geometry":{"type":"Point","coordinates":[-73.80136395589396,40.695492518048496]}},{"type":"Feature","properties":{"ll_type":"Honorary","intro_num":"388","ll_limits":"At the southwest corner of Tuskegee Airmen Way and 155th Street","intro_month":"6","amend_dt":null,"limits_er":null,"intro_day":"25","repeal_dt":null,"amendt_txt":null,"official_nm":"None","old_name":"None","amdyrllsec":null,"amended":"No","honor_name":"92nd Infantry Division Avenue","ll_num":"034","repealed":"No","ulurpcpnum":"none","ll_sec":"57","intro_year":"2014","lleffect_dt":"07/09/2014","borough":"Queens","feat_type":"Intersection name"},"geometry":{"type":"Point","coordinates":[-73.7991924175058,40.69671181816909]}},{"type":"Feature","properties":{"ll_type":"Honorary","intro_num":"388","ll_limits":"At the southwest corner of Tuskegee Airmen Way and 156th Street","intro_month":"6","amend_dt":null,"limits_er":null,"intro_day":"25","repeal_dt":null,"amendt_txt":null,"official_nm":"None","old_name":"None","amdyrllsec":null,"amended":"No","honor_name":"452nd Anti-Aircraft Drive","ll_num":"034","repealed":"No","ulurpcpnum":"none","ll_sec":"58","intro_year":"2014","lleffect_dt":"07/09/2014","borough":"Queens","feat_type":"Intersection name"},"geometry":{"type":"Point","coordinates":[-73.79855074580269,40.697312299240224]}},{"type":"Feature","properties":{"ll_type":"Honorary","intro_num":"388","ll_limits":"At the southeast corner of Tuskegee Airmen Way and 150th Street","intro_month":"6","amend_dt":null,"limits_er":null,"intro_day":"25","repeal_dt":null,"amendt_txt":null,"official_nm":"None","old_name":"None","amdyrllsec":null,"amended":"No","honor_name":"2nd Lt. Harry A. Sheppard Corner","ll_num":"034","repealed":"No","ulurpcpnum":"none","ll_sec":"59","intro_year":"2014","lleffect_dt":"07/09/2014","borough":"Queens","feat_type":"Intersection name"},"geometry":{"type":"Point","coordinates":[-73.80107990336627,40.695332566059456]}},{"type":"Feature","properties":{"ll_type":"Honorary","intro_num":"388","ll_limits":"On the northwest and southwest corners of Tuskegee Airmen Way and Guy R. Brewer Boulevard","intro_month":"6","amend_dt":null,"limits_er":null,"intro_day":"25","repeal_dt":null,"amendt_txt":null,"official_nm":"None","old_name":"None","amdyrllsec":null,"amended":"No","honor_name":"Cathay Williams Blvd.","ll_num":"034","repealed":"No","ulurpcpnum":"none","ll_sec":"60","intro_year":"2014","lleffect_dt":"07/09/2014","borough":"Queens","feat_type":"Intersection name"},"geometry":{"type":"Point","coordinates":[-73.79372320387789,40.6997964892153]}},{"type":"Feature","properties":{"ll_type":"Honorary","intro_num":"388","ll_limits":"On the northwest and southwest corners of Tuskegee Airmen Way and Guy R. Brewer Boulevard","intro_month":"6","amend_dt":null,"limits_er":null,"intro_day":"25","repeal_dt":null,"amendt_txt":null,"official_nm":"None","old_name":"None","amdyrllsec":null,"amended":"No","honor_name":"Cathay Williams Blvd.","ll_num":"034","repealed":"No","ulurpcpnum":"none","ll_sec":"60","intro_year":"2014","lleffect_dt":"07/09/2014","borough":"Queens","feat_type":"Intersection name"},"geometry":{"type":"Point","coordinates":[-73.79362525730197,40.69962637031572]}},{"type":"Feature","properties":{"ll_type":"Honorary","intro_num":"388","ll_limits":"On the north corner of Tuskegee Airmen Way and 153rd Street","intro_month":"6","amend_dt":null,"limits_er":null,"intro_day":"25","repeal_dt":null,"amendt_txt":null,"official_nm":"None","old_name":"None","amdyrllsec":null,"amended":"No","honor_name":"Flt. Officer Lawrence A. Brown Corner","ll_num":"034","repealed":"No","ulurpcpnum":"none","ll_sec":"61","intro_year":"2014","lleffect_dt":"07/09/2014","borough":"Queens","feat_type":"Intersection name"},"geometry":{"type":"Point","coordinates":[-73.80055228966881,40.69595972155495]}},{"type":"Feature","properties":{"ll_type":"Honorary","intro_num":"388","ll_limits":"At the intersection of Burnside Avenue and University Avenue","intro_month":"6","amend_dt":null,"limits_er":null,"intro_day":"25","repeal_dt":"1/14/2015","amendt_txt":null,"official_nm":"None","old_name":"None","amdyrllsec":null,"amended":"No","honor_name":"Jose Pena Gomez Boulevard","ll_num":"034","repealed":"Yes","ulurpcpnum":"none","ll_sec":"62","intro_year":"2014","lleffect_dt":"07/09/2014","borough":"Bronx","feat_type":"Intersection name"},"geometry":{"type":"Point","coordinates":[-73.91227299254713,40.853758556860974]}},{"type":"Feature","properties":{"ll_type":"Honorary","intro_num":"388","ll_limits":"At the intersection of Beach 130th Street and Newport Avenue","intro_month":"6","amend_dt":null,"limits_er":null,"intro_day":"25","repeal_dt":null,"amendt_txt":null,"official_nm":"None","old_name":"None","amdyrllsec":null,"amended":"No","honor_name":"Dylan Smith Way","ll_num":"034","repealed":"No","ulurpcpnum":"none","ll_sec":"63","intro_year":"2014","lleffect_dt":"07/09/2014","borough":"Queens","feat_type":"Intersection name"},"geometry":{"type":"Point","coordinates":[-73.84990786797289,40.57753618129412]}},{"type":"Feature","properties":{"ll_type":"Honorary","intro_num":"0428","ll_limits":"Edenwald Avenue and East 233rd Street","intro_month":"11","amend_dt":null,"limits_er":null,"intro_day":"29","repeal_dt":null,"amendt_txt":null,"official_nm":"None","old_name":"None","amdyrllsec":null,"amended":"No","honor_name":"Dorothy Pamela Gomes Way","ll_num":"003","repealed":"No","ulurpcpnum":"none","ll_sec":"55","intro_year":"2010","lleffect_dt":"12/20/2010","borough":"Bronx","feat_type":"Intersection name"},"geometry":{"type":"Point","coordinates":[-73.85069084083285,40.89130277124614]}},{"type":"Feature","properties":{"ll_type":"Honorary","intro_num":"0428","ll_limits":"At the northwest corner of Steinway Street and Broadway","intro_month":"11","amend_dt":null,"limits_er":null,"intro_day":"29","repeal_dt":null,"amendt_txt":null,"official_nm":"None","old_name":"None","amdyrllsec":null,"amended":"No","honor_name":"Julie Wager Way","ll_num":"003","repealed":"No","ulurpcpnum":"none","ll_sec":"59","intro_year":"2010","lleffect_dt":"12/20/2010","borough":"Queens","feat_type":"Intersection name"},"geometry":{"type":"Point","coordinates":[-73.91904695743006,40.75911401312878]}},{"type":"Feature","properties":{"ll_type":"Honorary","intro_num":"0428","ll_limits":"At the southwest corner of 35th Street and Ditmars Boulevard","intro_month":"11","amend_dt":null,"limits_er":null,"intro_day":"29","repeal_dt":null,"amendt_txt":null,"official_nm":"None","old_name":"None","amdyrllsec":null,"amended":"No","honor_name":"Frank Justich Way","ll_num":"003","repealed":"No","ulurpcpnum":"none","ll_sec":"60","intro_year":"2010","lleffect_dt":"12/20/2010","borough":"Queens","feat_type":"Intersection name"},"geometry":{"type":"Point","coordinates":[-73.90907526088606,40.77485216877101]}},{"type":"Feature","properties":{"ll_type":"Honorary","intro_num":"0428","ll_limits":"At the intersection of Jackson Avenue and Queens Boulevard","intro_month":"11","amend_dt":null,"limits_er":null,"intro_day":"29","repeal_dt":null,"amendt_txt":null,"official_nm":"None","old_name":"None","amdyrllsec":null,"amended":"No","honor_name":"William Modell Way","ll_num":"003","repealed":"No","ulurpcpnum":"none","ll_sec":"61","intro_year":"2010","lleffect_dt":"12/20/2010","borough":"Queens","feat_type":"Intersection name"},"geometry":{"type":"Point","coordinates":[-73.93739653736574,40.74891643954238]}},{"type":"Feature","properties":{"ll_type":"Honorary","intro_num":"0428","ll_limits":"At the southwest corner of 27th Street and 47th Street","intro_month":"11","amend_dt":null,"limits_er":null,"intro_day":"29","repeal_dt":null,"amendt_txt":null,"official_nm":"None","old_name":"None","amdyrllsec":null,"amended":"No","honor_name":"Chuck Costello 9/11 Memorial Way","ll_num":"003","repealed":"No","ulurpcpnum":"none","ll_sec":"62","intro_year":"2010","lleffect_dt":"12/20/2010","borough":"Queens","feat_type":"Intersection name"},"geometry":{"type":"Point","coordinates":[-73.94058487488554,40.7435311398952]}},{"type":"Feature","properties":{"ll_type":"Honorary","intro_num":"0428","ll_limits":"At the intersection of 58th Street and Roosevelt Avenue","intro_month":"11","amend_dt":null,"limits_er":null,"intro_day":"29","repeal_dt":null,"amendt_txt":null,"official_nm":"None","old_name":"None","amdyrllsec":null,"amended":"No","honor_name":"Martin M. Trainor Way","ll_num":"003","repealed":"No","ulurpcpnum":"none","ll_sec":"63","intro_year":"2010","lleffect_dt":"12/20/2010","borough":"Queens","feat_type":"Intersection name"},"geometry":{"type":"Point","coordinates":[-73.90661325015355,40.74539316440931]}},{"type":"Feature","properties":{"ll_type":"Honorary","intro_num":"0428","ll_limits":"At the intersection of 47th Avenue and 49th Street","intro_month":"11","amend_dt":null,"limits_er":null,"intro_day":"29","repeal_dt":"10/2/2012","amendt_txt":null,"official_nm":"None","old_name":"None","amdyrllsec":null,"amended":"No","honor_name":"Alejandro Nino Place","ll_num":"003","repealed":"Yes","ulurpcpnum":"none","ll_sec":"64","intro_year":"2010","lleffect_dt":"12/20/2010","borough":"Queens","feat_type":"Intersection name"},"geometry":{"type":"Point","coordinates":[-73.91631067017511,40.740854435094505]}},{"type":"Feature","properties":{"ll_type":"Honorary","intro_num":"0428","ll_limits":"At the intersection of 41st Street and 47th Avenue","intro_month":"11","amend_dt":null,"limits_er":null,"intro_day":"29","repeal_dt":"7/1/2013","amendt_txt":null,"official_nm":"None","old_name":"None","amdyrllsec":null,"amended":"No","honor_name":"Carlo A. Lanzillotti Place","ll_num":"003","repealed":"Yes","ulurpcpnum":"none","ll_sec":"65","intro_year":"2010","lleffect_dt":"12/20/2010","borough":"Queens","feat_type":"Intersection name"},"geometry":{"type":"Point","coordinates":[-73.92373909534749,40.74169150029952]}},{"type":"Feature","properties":{"ll_type":"Honorary","intro_num":"0428","ll_limits":"At the intersection of 45th Street and 48th Avenue","intro_month":"11","amend_dt":null,"limits_er":null,"intro_day":"29","repeal_dt":null,"amendt_txt":null,"official_nm":"None","old_name":"None","amdyrllsec":null,"amended":"No","honor_name":"Claire Kraft Way","ll_num":"003","repealed":"No","ulurpcpnum":"none","ll_sec":"66","intro_year":"2010","lleffect_dt":"12/20/2010","borough":"Queens","feat_type":"Intersection name"},"geometry":{"type":"Point","coordinates":[-73.9203950839007,40.73941731097024]}},{"type":"Feature","properties":{"ll_type":"Honorary","intro_num":"0620","ll_limits":"At the southeast corner of Stanley Avenue and Schenck Avenue","intro_month":"1","amend_dt":null,"limits_er":null,"intro_day":"14","repeal_dt":null,"amendt_txt":null,"official_nm":"None","old_name":"None","amdyrllsec":null,"amended":"No","honor_name":"Prince Joshua Avitto Way","ll_num":"015","repealed":"No","ulurpcpnum":"none","ll_sec":"2","intro_year":"2015","lleffect_dt":"01/14/2015","borough":"Brooklyn","feat_type":"Intersection name"},"geometry":{"type":"Point","coordinates":[-73.88271917121038,40.659736656046206]}},{"type":"Feature","properties":{"ll_type":"Honorary","intro_num":"0620","ll_limits":"At the intersection of Kingsbridge Road and Jerome Avenue","intro_month":"1","amend_dt":null,"limits_er":null,"intro_day":"14","repeal_dt":null,"amendt_txt":null,"official_nm":"None","old_name":"None","amdyrllsec":null,"amended":"No","honor_name":"Luis Munoz Way","ll_num":"015","repealed":"No","ulurpcpnum":"none","ll_sec":"6","intro_year":"2015","lleffect_dt":"01/14/2015","borough":"Bronx","feat_type":"Intersection name"},"geometry":{"type":"Point","coordinates":[-73.89740323317297,40.86747418965545]}},{"type":"Feature","properties":{"ll_type":"Honorary","intro_num":"0620","ll_limits":"At the intersection of 195 Street and Reservoir Avenue","intro_month":"1","amend_dt":null,"limits_er":null,"intro_day":"14","repeal_dt":null,"amendt_txt":null,"official_nm":"None","old_name":"None","amdyrllsec":null,"amended":"No","honor_name":"Basil Paterson Boulevard","ll_num":"015","repealed":"No","ulurpcpnum":"none","ll_sec":"7","intro_year":"2015","lleffect_dt":"01/14/2015","borough":"Bronx","feat_type":"Intersection name"},"geometry":{"type":"Point","coordinates":[-73.89891854325502,40.869658574273195]}},{"type":"Feature","properties":{"ll_type":"Honorary","intro_num":"0620","ll_limits":"At the intersection of East Fordham Road and Creston Avenue adjacent to Muller Triangle","intro_month":"1","amend_dt":null,"limits_er":null,"intro_day":"14","repeal_dt":null,"amendt_txt":null,"official_nm":"None","old_name":"None","amdyrllsec":null,"amended":"No","honor_name":"Oscar de la Renta Boulevard","ll_num":"015","repealed":"No","ulurpcpnum":"none","ll_sec":"8","intro_year":"2015","lleffect_dt":"01/14/2015","borough":"Bronx","feat_type":"Intersection name"},"geometry":{"type":"Point","coordinates":[-73.89841038446048,40.86229696653669]}},{"type":"Feature","properties":{"ll_type":"Honorary","intro_num":"0620","ll_limits":"At the southeast corner of West 8 Street and MacDougal Street","intro_month":"1","amend_dt":null,"limits_er":null,"intro_day":"14","repeal_dt":null,"amendt_txt":null,"official_nm":"None","old_name":"None","amdyrllsec":null,"amended":"No","honor_name":"Norman Buchbinder Way","ll_num":"015","repealed":"No","ulurpcpnum":"none","ll_sec":"10","intro_year":"2015","lleffect_dt":"01/14/2015","borough":"Manhattan","feat_type":"Intersection name"},"geometry":{"type":"Point","coordinates":[-73.99796321771906,40.73288165539969]}},{"type":"Feature","properties":{"ll_type":"Honorary","intro_num":"0620","ll_limits":"At the southwest corner of 82 Street and 13 Avenue","intro_month":"1","amend_dt":null,"limits_er":null,"intro_day":"14","repeal_dt":null,"amendt_txt":null,"official_nm":"None","old_name":"None","amdyrllsec":null,"amended":"No","honor_name":"Frank J. Santo Way","ll_num":"015","repealed":"No","ulurpcpnum":"none","ll_sec":"16","intro_year":"2015","lleffect_dt":"01/14/2015","borough":"Brooklyn","feat_type":"Intersection name"},"geometry":{"type":"Point","coordinates":[-74.01170762066334,40.616333008589926]}},{"type":"Feature","properties":{"ll_type":"Honorary","intro_num":"0620","ll_limits":"At the southwest corner of 77 Street and 21 Avenue","intro_month":"1","amend_dt":null,"limits_er":null,"intro_day":"14","repeal_dt":null,"amendt_txt":null,"official_nm":"None","old_name":"None","amdyrllsec":null,"amended":"No","honor_name":"Angelo \"Chubby\" Campanella","ll_num":"015","repealed":"No","ulurpcpnum":"none","ll_sec":"19","intro_year":"2015","lleffect_dt":"01/14/2015","borough":"Brooklyn","feat_type":"Intersection name"},"geometry":{"type":"Point","coordinates":[-73.99095261715934,40.60832725445896]}},{"type":"Feature","properties":{"ll_type":"Honorary","intro_num":"0620","ll_limits":"At the intersection of Androvette Street and Kreischer Street","intro_month":"1","amend_dt":null,"limits_er":null,"intro_day":"14","repeal_dt":null,"amendt_txt":null,"official_nm":"None","old_name":"None","amdyrllsec":null,"amended":"No","honor_name":"Jimmy Zappalorti Lane","ll_num":"015","repealed":"No","ulurpcpnum":"none","ll_sec":"21","intro_year":"2015","lleffect_dt":"01/14/2015","borough":"Staten Island","feat_type":"Intersection name"},"geometry":{"type":"Point","coordinates":[-74.23945747418153,40.53524621808566]}},{"type":"Feature","properties":{"ll_type":"Honorary","intro_num":"0620","ll_limits":"At the intersection of Ramblewood Avenue and Oakdale Street","intro_month":"1","amend_dt":null,"limits_er":null,"intro_day":"14","repeal_dt":null,"amendt_txt":null,"official_nm":"None","old_name":"None","amdyrllsec":null,"amended":"No","honor_name":"FDNY Lt. Matt Ambelas Way","ll_num":"015","repealed":"No","ulurpcpnum":"none","ll_sec":"22","intro_year":"2015","lleffect_dt":"01/14/2015","borough":"Staten Island","feat_type":"Intersection name"},"geometry":{"type":"Point","coordinates":[-74.15520077730818,40.545731637058545]}},{"type":"Feature","properties":{"ll_type":"Honorary","intro_num":"0620","ll_limits":"At the intersection of Asch Loop and Bartow Avenue","intro_month":"1","amend_dt":null,"limits_er":null,"intro_day":"14","repeal_dt":null,"amendt_txt":null,"official_nm":"None","old_name":"None","amdyrllsec":null,"amended":"No","honor_name":"Milton Alexander Way","ll_num":"015","repealed":"No","ulurpcpnum":"none","ll_sec":"23","intro_year":"2015","lleffect_dt":"01/14/2015","borough":"Bronx","feat_type":"Intersection name"},"geometry":{"type":"Point","coordinates":[-73.83047411292648,40.86911713805345]}},{"type":"Feature","properties":{"ll_type":"Honorary","intro_num":"0620","ll_limits":"At the intersection of East 49 Street and Fillmore Avenue","intro_month":"1","amend_dt":null,"limits_er":null,"intro_day":"14","repeal_dt":null,"amendt_txt":null,"official_nm":"None","old_name":"None","amdyrllsec":null,"amended":"No","honor_name":"Edwin Thomas Way","ll_num":"015","repealed":"No","ulurpcpnum":"none","ll_sec":"30","intro_year":"2015","lleffect_dt":"01/14/2015","borough":"Brooklyn","feat_type":"Intersection name"},"geometry":{"type":"Point","coordinates":[-73.9273994625902,40.61441875372474]}},{"type":"Feature","properties":{"ll_type":"Honorary","intro_num":"0620","ll_limits":"At the intersection of Felton Street and Fahy Avenue","intro_month":"1","amend_dt":null,"limits_er":null,"intro_day":"14","repeal_dt":null,"amendt_txt":null,"official_nm":"None","old_name":"None","amdyrllsec":null,"amended":"No","honor_name":"William Creech Vietnam Veteran Way","ll_num":"015","repealed":"No","ulurpcpnum":"none","ll_sec":"31","intro_year":"2015","lleffect_dt":"01/14/2015","borough":"Staten Island","feat_type":"Intersection name"},"geometry":{"type":"Point","coordinates":[-74.16772851326652,40.6202578127553]}},{"type":"Feature","properties":{"ll_type":"Honorary","intro_num":"0620","ll_limits":"At the intersection of Ovid Place and Dormans Road","intro_month":"1","amend_dt":null,"limits_er":null,"intro_day":"14","repeal_dt":null,"amendt_txt":null,"official_nm":"None","old_name":"None","amdyrllsec":null,"amended":"No","honor_name":"Henry McCoy Jr. Way","ll_num":"015","repealed":"No","ulurpcpnum":"none","ll_sec":"33","intro_year":"2015","lleffect_dt":"01/14/2015","borough":"Queens","feat_type":"Intersection name"},"geometry":{"type":"Point","coordinates":[-73.76669479651969,40.69658444674659]}},{"type":"Feature","properties":{"ll_type":"Honorary","intro_num":"0620","ll_limits":"At the intersection of 91 Avenue and 188 Street","intro_month":"1","amend_dt":null,"limits_er":null,"intro_day":"14","repeal_dt":null,"amendt_txt":null,"official_nm":"None","old_name":"None","amdyrllsec":null,"amended":"No","honor_name":"Kenneth Anthony Nugent Way","ll_num":"015","repealed":"No","ulurpcpnum":"none","ll_sec":"34","intro_year":"2015","lleffect_dt":"01/14/2015","borough":"Queens","feat_type":"Intersection name"},"geometry":{"type":"Point","coordinates":[-73.771341667767,40.71179880888318]}},{"type":"Feature","properties":{"ll_type":"Honorary","intro_num":"0620","ll_limits":"At the intersection of Springfield Boulevard and Linden Boulevard","intro_month":"1","amend_dt":null,"limits_er":null,"intro_day":"14","repeal_dt":null,"amendt_txt":null,"official_nm":"None","old_name":"None","amdyrllsec":null,"amended":"No","honor_name":"Kevin Lamont Miller Jr. Way","ll_num":"015","repealed":"No","ulurpcpnum":"none","ll_sec":"35","intro_year":"2015","lleffect_dt":"01/14/2015","borough":"Queens","feat_type":"Intersection name"},"geometry":{"type":"Point","coordinates":[-73.74359286099916,40.69621532499776]}},{"type":"Feature","properties":{"ll_type":"Honorary","intro_num":"0620","ll_limits":"At the intersection of Metropolitan Avenue and Wood Road","intro_month":"1","amend_dt":null,"limits_er":null,"intro_day":"14","repeal_dt":null,"amendt_txt":null,"official_nm":"None","old_name":"None","amdyrllsec":null,"amended":"No","honor_name":"Kalyana Ranasinghe Way","ll_num":"015","repealed":"No","ulurpcpnum":"none","ll_sec":"36","intro_year":"2015","lleffect_dt":"01/14/2015","borough":"Bronx","feat_type":"Intersection name"},"geometry":{"type":"Point","coordinates":[-73.8605254398021,40.83742462622985]}},{"type":"Feature","properties":{"ll_type":"Honorary","intro_num":"0620","ll_limits":"At the southeast corner of St. Nicholas and 162 Street","intro_month":"1","amend_dt":null,"limits_er":null,"intro_day":"14","repeal_dt":null,"amendt_txt":null,"official_nm":"None","old_name":"None","amdyrllsec":null,"amended":"No","honor_name":"Max Bond Way","ll_num":"015","repealed":"No","ulurpcpnum":"none","ll_sec":"38","intro_year":"2015","lleffect_dt":"01/14/2015","borough":"Manhattan","feat_type":"Intersection name"},"geometry":{"type":"Point","coordinates":[-73.93979951582581,40.83570172493198]}},{"type":"Feature","properties":{"ll_type":"Honorary","intro_num":"0620","ll_limits":"At the northeast corner underneath the Bard Avenue sign and Amelia Court","intro_month":"1","amend_dt":null,"limits_er":null,"intro_day":"14","repeal_dt":null,"amendt_txt":null,"official_nm":"None","old_name":"None","amdyrllsec":null,"amended":"No","honor_name":"Battalion Chief Charles L. Kasper Way","ll_num":"015","repealed":"No","ulurpcpnum":"none","ll_sec":"41","intro_year":"2015","lleffect_dt":"01/14/2015","borough":"Staten Island","feat_type":"Intersection name"},"geometry":{"type":"Point","coordinates":[-74.1081857707978,40.64319058630002]}},{"type":"Feature","properties":{"ll_type":"Honorary","intro_num":"0620","ll_limits":"At the northwest corner of Maple Parkway and Forest Avenue","intro_month":"1","amend_dt":null,"limits_er":null,"intro_day":"14","repeal_dt":null,"amendt_txt":null,"official_nm":"None","old_name":"None","amdyrllsec":null,"amended":"No","honor_name":"Vincent C. Pompa Way","ll_num":"015","repealed":"No","ulurpcpnum":"none","ll_sec":"42","intro_year":"2015","lleffect_dt":"01/14/2015","borough":"Staten Island","feat_type":"Intersection name"},"geometry":{"type":"Point","coordinates":[-74.15678659682274,40.62616403575483]}},{"type":"Feature","properties":{"ll_type":"Honorary","intro_num":"0620","ll_limits":"Northwest corner of West End Avenue and West 97 Street (300 block)","intro_month":"1","amend_dt":null,"limits_er":null,"intro_day":"14","repeal_dt":null,"amendt_txt":null,"official_nm":"None","old_name":"None","amdyrllsec":null,"amended":"No","honor_name":"Cooper Stock Way","ll_num":"015","repealed":"No","ulurpcpnum":"none","ll_sec":"43","intro_year":"2015","lleffect_dt":"01/14/2015","borough":"Manhattan","feat_type":"Intersection name"},"geometry":{"type":"Point","coordinates":[-73.9727546786944,40.796016445828855]}},{"type":"Feature","properties":{"ll_type":"Honorary","intro_num":"0620","ll_limits":"At the southwest corner of Columbus Avenue and West 60 Street and the southeast corner of Amsterdam Avenue and West 60 Street (100 block)","intro_month":"1","amend_dt":null,"limits_er":null,"intro_day":"14","repeal_dt":null,"amendt_txt":null,"official_nm":"None","old_name":"None","amdyrllsec":null,"amended":"No","honor_name":"PCS Way","ll_num":"015","repealed":"No","ulurpcpnum":"none","ll_sec":"44","intro_year":"2015","lleffect_dt":"01/14/2015","borough":"Manhattan","feat_type":"Intersection name"},"geometry":{"type":"Point","coordinates":[-73.98441498043961,40.769812832284636]}},{"type":"Feature","properties":{"ll_type":"Honorary","intro_num":"0620","ll_limits":"At the southwest corner of Columbus Avenue and West 60 Street and the southeast corner of Amsterdam Avenue and West 60 Street (100 block)","intro_month":"1","amend_dt":null,"limits_er":null,"intro_day":"14","repeal_dt":null,"amendt_txt":null,"official_nm":"None","old_name":"None","amdyrllsec":null,"amended":"No","honor_name":"PCS Way","ll_num":"015","repealed":"No","ulurpcpnum":"none","ll_sec":"44","intro_year":"2015","lleffect_dt":"01/14/2015","borough":"Manhattan","feat_type":"Intersection name"},"geometry":{"type":"Point","coordinates":[-73.98710990415961,40.770923450730095]}},{"type":"Feature","properties":{"ll_type":"Honorary","intro_num":"0620","ll_limits":"At the intersection of Avenue W and East 2 Street","intro_month":"1","amend_dt":null,"limits_er":null,"intro_day":"14","repeal_dt":null,"amendt_txt":null,"official_nm":"None","old_name":"None","amdyrllsec":null,"amended":"No","honor_name":"Barbara Dattilo Way","ll_num":"015","repealed":"No","ulurpcpnum":"none","ll_sec":"45","intro_year":"2015","lleffect_dt":"01/14/2015","borough":"Brooklyn","feat_type":"Intersection name"},"geometry":{"type":"Point","coordinates":[-73.96877659496589,40.592868750380205]}},{"type":"Feature","properties":{"ll_type":"Honorary","intro_num":"0620","ll_limits":"At the intersection of West 29 Street and Neptune Avenue","intro_month":"1","amend_dt":null,"limits_er":null,"intro_day":"14","repeal_dt":null,"amendt_txt":null,"official_nm":"None","old_name":"None","amdyrllsec":null,"amended":"No","honor_name":"Brother Jack SanFilippo Way","ll_num":"015","repealed":"No","ulurpcpnum":"none","ll_sec":"46","intro_year":"2015","lleffect_dt":"01/14/2015","borough":"Brooklyn","feat_type":"Intersection name"},"geometry":{"type":"Point","coordinates":[-73.99580937033558,40.57775938531092]}},{"type":"Feature","properties":{"ll_type":"Honorary","intro_num":"0620","ll_limits":"At the intersection of 108 Street and Park Lane South","intro_month":"1","amend_dt":null,"limits_er":null,"intro_day":"14","repeal_dt":null,"amendt_txt":null,"official_nm":"None","old_name":"None","amdyrllsec":null,"amended":"No","honor_name":"Jack Maple Place","ll_num":"015","repealed":"No","ulurpcpnum":"none","ll_sec":"48","intro_year":"2015","lleffect_dt":"01/14/2015","borough":"Queens","feat_type":"Intersection name"},"geometry":{"type":"Point","coordinates":[-73.84215844825349,40.70090256348728]}},{"type":"Feature","properties":{"ll_type":"Honorary","intro_num":"0620","ll_limits":"At the northwest corner 43 Avenue and Bell Boulevard","intro_month":"1","amend_dt":null,"limits_er":null,"intro_day":"14","repeal_dt":null,"amendt_txt":null,"official_nm":"None","old_name":"None","amdyrllsec":null,"amended":"No","honor_name":"Benjamin Fried Boulevard","ll_num":"015","repealed":"No","ulurpcpnum":"none","ll_sec":"49","intro_year":"2015","lleffect_dt":"01/14/2015","borough":"Queens","feat_type":"Intersection name"},"geometry":{"type":"Point","coordinates":[-73.77015569418982,40.76150005811171]}},{"type":"Feature","properties":{"ll_type":"Honorary","intro_num":"0620","ll_limits":"40 West Mosholu Parkway","intro_month":"1","amend_dt":null,"limits_er":null,"intro_day":"14","repeal_dt":null,"amendt_txt":null,"official_nm":"None","old_name":"None","amdyrllsec":null,"amended":"No","honor_name":"Margaret Mack Triangle","ll_num":"015","repealed":"No","ulurpcpnum":"none","ll_sec":"56","intro_year":"2015","lleffect_dt":"01/14/2015","borough":"Bronx","feat_type":"Intersection name"},"geometry":{"type":"Point","coordinates":[-73.88595071744959,40.88050741129641]}},{"type":"Feature","properties":{"ll_type":"Honorary","intro_num":"0620","ll_limits":"At the northeast corner of Forest Avenue and Oakland Avenue","intro_month":"1","amend_dt":null,"limits_er":null,"intro_day":"14","repeal_dt":null,"amendt_txt":null,"official_nm":"None","old_name":"None","amdyrllsec":null,"amended":"No","honor_name":"Stanley Jay Way","ll_num":"015","repealed":"No","ulurpcpnum":"none","ll_sec":"40","intro_year":"2015","lleffect_dt":"01/14/2015","borough":"Staten Island","feat_type":"Intersection name"},"geometry":{"type":"Point","coordinates":[-74.10991997462553,40.629984930393846]}},{"type":"Feature","properties":{"ll_type":"Honorary","intro_num":"0620","ll_limits":"At the intersection of 45 Street and Queens Boulevard","intro_month":"1","amend_dt":null,"limits_er":null,"intro_day":"14","repeal_dt":null,"amendt_txt":null,"official_nm":"None","old_name":"None","amdyrllsec":null,"amended":"No","honor_name":"Sunnyside Garden Arena Way","ll_num":"015","repealed":"No","ulurpcpnum":"none","ll_sec":"51","intro_year":"2015","lleffect_dt":"01/14/2015","borough":"Queens","feat_type":"Intersection name"},"geometry":{"type":"Point","coordinates":[-73.92055663546748,40.74337403609014]}},{"type":"Feature","properties":{"ll_type":"Honorary","intro_num":"0620","ll_limits":"At the intersection of 116 Street and Broadway","intro_month":"1","amend_dt":null,"limits_er":null,"intro_day":"14","repeal_dt":null,"amendt_txt":null,"official_nm":"None","old_name":"None","amdyrllsec":null,"amended":"No","honor_name":"Barnard Way","ll_num":"015","repealed":"No","ulurpcpnum":"none","ll_sec":"29","intro_year":"2015","lleffect_dt":"01/14/2015","borough":"Manhattan","feat_type":"Intersection name"},"geometry":{"type":"Point","coordinates":[-73.96389877924555,40.808002746612345]}},{"type":"Feature","properties":{"ll_type":"Honorary","intro_num":"0849","ll_limits":"At the north side of Stanley Avenue and Schenck Avenue","intro_month":"7","amend_dt":null,"limits_er":null,"intro_day":"23","repeal_dt":null,"amendt_txt":null,"official_nm":"None","old_name":"None","amdyrllsec":null,"amended":"No","honor_name":"Tanaya R. Copeland Avenue","ll_num":"076","repealed":"No","ulurpcpnum":"none","ll_sec":"2","intro_year":"2015","lleffect_dt":"08/10/2015","borough":"Brooklyn","feat_type":"Intersection name"},"geometry":{"type":"Point","coordinates":[-73.88286782209424,40.65992953262616]}},{"type":"Feature","properties":{"ll_type":"Honorary","intro_num":"0849","ll_limits":"At the southeast corner of West 132 Street and Adam Clayton Powell Jr. Boulevard","intro_month":"7","amend_dt":null,"limits_er":null,"intro_day":"23","repeal_dt":null,"amendt_txt":null,"official_nm":"None","old_name":"None","amdyrllsec":null,"amended":"No","honor_name":"Leonard Harper Way","ll_num":"076","repealed":"No","ulurpcpnum":"none","ll_sec":"10","intro_year":"2015","lleffect_dt":"08/10/2015","borough":"Manhattan","feat_type":"Intersection name"},"geometry":{"type":"Point","coordinates":[-73.94492794730796,40.81322269344221]}},{"type":"Feature","properties":{"ll_type":"Honorary","intro_num":"0849","ll_limits":"At the southeast corner of Bedford Street and Grove Street","intro_month":"7","amend_dt":null,"limits_er":null,"intro_day":"23","repeal_dt":null,"amendt_txt":null,"official_nm":"None","old_name":"None","amdyrllsec":null,"amended":"No","honor_name":"Larry Selman Way","ll_num":"076","repealed":"No","ulurpcpnum":"none","ll_sec":"13","intro_year":"2015","lleffect_dt":"08/10/2015","borough":"Manhattan","feat_type":"Intersection name"},"geometry":{"type":"Point","coordinates":[-74.00537619499713,40.73240868567054]}},{"type":"Feature","properties":{"ll_type":"Honorary","intro_num":"0849","ll_limits":"At the northwest corner of Washington Place and 6 Avenue","intro_month":"7","amend_dt":null,"limits_er":null,"intro_day":"23","repeal_dt":null,"amendt_txt":null,"official_nm":"None","old_name":"None","amdyrllsec":null,"amended":"No","honor_name":"Sgt. Charles H. Cochrane Way","ll_num":"076","repealed":"No","ulurpcpnum":"none","ll_sec":"14","intro_year":"2015","lleffect_dt":"08/10/2015","borough":"Manhattan","feat_type":"Intersection name"},"geometry":{"type":"Point","coordinates":[-74.0006092332286,40.73245396193979]}},{"type":"Feature","properties":{"ll_type":"Honorary","intro_num":"0849","ll_limits":"At the northeast corner of Main Street and Cherry Avenue","intro_month":"7","amend_dt":null,"limits_er":null,"intro_day":"23","repeal_dt":null,"amendt_txt":null,"official_nm":"None","old_name":"None","amdyrllsec":null,"amended":"No","honor_name":"Allison Hope Liao Way","ll_num":"076","repealed":"No","ulurpcpnum":"none","ll_sec":"16","intro_year":"2015","lleffect_dt":"08/10/2015","borough":"Queens","feat_type":"Intersection name"},"geometry":{"type":"Point","coordinates":[-73.82677636442989,40.752616187964975]}},{"type":"Feature","properties":{"ll_type":"Honorary","intro_num":"0849","ll_limits":"At the southwest corner of 140 Street and Amsterdam Avenue","intro_month":"7","amend_dt":null,"limits_er":null,"intro_day":"23","repeal_dt":null,"amendt_txt":null,"official_nm":"None","old_name":"None","amdyrllsec":null,"amended":"No","honor_name":"Dorothy Skinner Way","ll_num":"076","repealed":"No","ulurpcpnum":"none","ll_sec":"18","intro_year":"2015","lleffect_dt":"08/10/2015","borough":"Manhattan","feat_type":"Intersection name"},"geometry":{"type":"Point","coordinates":[-73.95011865136067,40.82206850495774]}},{"type":"Feature","properties":{"ll_type":"Honorary","intro_num":"0849","ll_limits":"At the intersection of Amsterdam Avenue and 162 Street","intro_month":"7","amend_dt":null,"limits_er":null,"intro_day":"23","repeal_dt":null,"amendt_txt":null,"official_nm":"None","old_name":"None","amdyrllsec":null,"amended":"No","honor_name":"Firefighter John P. Sullivan Way","ll_num":"076","repealed":"No","ulurpcpnum":"none","ll_sec":"20","intro_year":"2015","lleffect_dt":"08/10/2015","borough":"Manhattan","feat_type":"Intersection name"},"geometry":{"type":"Point","coordinates":[-73.93994981338372,40.83607748760982]}},{"type":"Feature","properties":{"ll_type":"Honorary","intro_num":"0849","ll_limits":"At the southeast corner of East 64 Street and Ralph Avenue","intro_month":"7","amend_dt":null,"limits_er":null,"intro_day":"23","repeal_dt":null,"amendt_txt":null,"official_nm":"None","old_name":"None","amdyrllsec":null,"amended":"No","honor_name":"Peter W. Piccininni Way","ll_num":"076","repealed":"No","ulurpcpnum":"none","ll_sec":"21","intro_year":"2015","lleffect_dt":"08/10/2015","borough":"Brooklyn","feat_type":"Intersection name"},"geometry":{"type":"Point","coordinates":[-73.9172351825817,40.62082586945012]}},{"type":"Feature","properties":{"ll_type":"Honorary","intro_num":"0849","ll_limits":"At the intersection of East 152 Street and Prospect Avenue","intro_month":"7","amend_dt":null,"limits_er":null,"intro_day":"23","repeal_dt":null,"amendt_txt":null,"official_nm":"None","old_name":"None","amdyrllsec":null,"amended":"No","honor_name":"Captain James McDonnell Way","ll_num":"076","repealed":"No","ulurpcpnum":"none","ll_sec":"22","intro_year":"2015","lleffect_dt":"08/10/2015","borough":"Bronx","feat_type":"Intersection name"},"geometry":{"type":"Point","coordinates":[-73.90358561837989,40.81509983214212]}},{"type":"Feature","properties":{"ll_type":"Honorary","intro_num":"0849","ll_limits":"At the southeast corner of East 112 Street and Lexington Avenue","intro_month":"7","amend_dt":null,"limits_er":null,"intro_day":"23","repeal_dt":null,"amendt_txt":null,"official_nm":"None","old_name":"None","amdyrllsec":null,"amended":"No","honor_name":"William Soto Way","ll_num":"076","repealed":"No","ulurpcpnum":"none","ll_sec":"23","intro_year":"2015","lleffect_dt":"08/10/2015","borough":"Manhattan","feat_type":"Intersection name"},"geometry":{"type":"Point","coordinates":[-73.94342984403816,40.79595435372045]}},{"type":"Feature","properties":{"ll_type":"Honorary","intro_num":"0849","ll_limits":"At the intersection of Richmond Road and Arthur Kill Road","intro_month":"7","amend_dt":null,"limits_er":null,"intro_day":"23","repeal_dt":null,"amendt_txt":null,"official_nm":"None","old_name":"None","amdyrllsec":null,"amended":"No","honor_name":"Dr. Meryl Efron Way","ll_num":"076","repealed":"No","ulurpcpnum":"none","ll_sec":"24","intro_year":"2015","lleffect_dt":"08/10/2015","borough":"Staten Island","feat_type":"Intersection name"},"geometry":{"type":"Point","coordinates":[-74.14699102555811,40.57201284535114]}},{"type":"Feature","properties":{"ll_type":"Honorary","intro_num":"0849","ll_limits":"At the intersection of Major Avenue and Lily Pond Road","intro_month":"7","amend_dt":null,"limits_er":null,"intro_day":"23","repeal_dt":null,"amendt_txt":null,"official_nm":"None","old_name":"None","amdyrllsec":null,"amended":"No","honor_name":"Officer Thomas Choi Avenue","ll_num":"076","repealed":"No","ulurpcpnum":"none","ll_sec":"26","intro_year":"2015","lleffect_dt":"08/10/2015","borough":"Staten Island","feat_type":"Intersection name"},"geometry":{"type":"Point","coordinates":[-74.06463740793625,40.600182466388524]}},{"type":"Feature","properties":{"ll_type":"Honorary","intro_num":"0849","ll_limits":"At the intersection of 66 Street and 16 Avenue","intro_month":"7","amend_dt":null,"limits_er":null,"intro_day":"23","repeal_dt":null,"amendt_txt":null,"official_nm":"None","old_name":"None","amdyrllsec":null,"amended":"No","honor_name":"Assistant Principal Linda A. Romano Place","ll_num":"076","repealed":"No","ulurpcpnum":"none","ll_sec":"27","intro_year":"2015","lleffect_dt":"08/10/2015","borough":"Brooklyn","feat_type":"Intersection name"},"geometry":{"type":"Point","coordinates":[-73.99554647611691,40.621392515152614]}},{"type":"Feature","properties":{"ll_type":"Honorary","intro_num":"0849","ll_limits":"At the intersection of 222 Street and 92 Road","intro_month":"7","amend_dt":null,"limits_er":null,"intro_day":"23","repeal_dt":null,"amendt_txt":null,"official_nm":"None","old_name":"None","amdyrllsec":null,"amended":"No","honor_name":"Detective 1st Grade Brian Moore Way","ll_num":"076","repealed":"No","ulurpcpnum":"none","ll_sec":"29","intro_year":"2015","lleffect_dt":"08/10/2015","borough":"Queens","feat_type":"Intersection name"},"geometry":{"type":"Point","coordinates":[-73.73462841459666,40.72594091093746]}},{"type":"Feature","properties":{"ll_type":"Honorary","intro_num":"0849","ll_limits":"At the intersection of 1490 Grenada Place and Faber Terrace","intro_month":"7","amend_dt":null,"limits_er":null,"intro_day":"23","repeal_dt":null,"amendt_txt":null,"official_nm":"None","old_name":"None","amdyrllsec":null,"amended":"No","honor_name":"Detective Dennis Guerra Way","ll_num":"076","repealed":"No","ulurpcpnum":"none","ll_sec":"32","intro_year":"2015","lleffect_dt":"08/10/2015","borough":"Queens","feat_type":"Intersection name"},"geometry":{"type":"Point","coordinates":[-73.7638816694675,40.61124248045748]}},{"type":"Feature","properties":{"ll_type":"Honorary","intro_num":"0849","ll_limits":"At the intersection of Isham Street and Seaman Avenue","intro_month":"7","amend_dt":null,"limits_er":null,"intro_day":"23","repeal_dt":null,"amendt_txt":null,"official_nm":"None","old_name":"None","amdyrllsec":null,"amended":"No","honor_name":"Matty Alou Way","ll_num":"076","repealed":"No","ulurpcpnum":"none","ll_sec":"36","intro_year":"2015","lleffect_dt":"08/10/2015","borough":"Manhattan","feat_type":"Intersection name"},"geometry":{"type":"Point","coordinates":[-73.92089663008774,40.86987701967792]}},{"type":"Feature","properties":{"ll_type":"Honorary","intro_num":"0849","ll_limits":"At the intersection of 168 Street and Broadway","intro_month":"7","amend_dt":null,"limits_er":null,"intro_day":"23","repeal_dt":null,"amendt_txt":null,"official_nm":"None","old_name":"None","amdyrllsec":null,"amended":"No","honor_name":"Albert Blumberg Way","ll_num":"076","repealed":"No","ulurpcpnum":"none","ll_sec":"37","intro_year":"2015","lleffect_dt":"08/10/2015","borough":"Manhattan","feat_type":"Intersection name"},"geometry":{"type":"Point","coordinates":[-73.93976587718943,40.841077427773946]}},{"type":"Feature","properties":{"ll_type":"Honorary","intro_num":"0849","ll_limits":"at Park Terrace East south of 215 Street","intro_month":"7","amend_dt":null,"limits_er":null,"intro_day":"23","repeal_dt":null,"amendt_txt":null,"official_nm":"None","old_name":"None","amdyrllsec":null,"amended":"No","honor_name":"Bruce Reynolds Way","ll_num":"076","repealed":"No","ulurpcpnum":"none","ll_sec":"38","intro_year":"2015","lleffect_dt":"08/10/2015","borough":"Manhattan","feat_type":"Intersection name"},"geometry":{"type":"Point","coordinates":[-73.91693392121486,40.870068326558524]}},{"type":"Feature","properties":{"ll_type":"Honorary","intro_num":"0849","ll_limits":"At the intersection of 172 Street and Amsterdam Avenue","intro_month":"7","amend_dt":null,"limits_er":null,"intro_day":"23","repeal_dt":null,"amendt_txt":null,"official_nm":"None","old_name":"None","amdyrllsec":null,"amended":"No","honor_name":"EMT Luis De Pena Jr. Square","ll_num":"076","repealed":"No","ulurpcpnum":"none","ll_sec":"39","intro_year":"2015","lleffect_dt":"08/10/2015","borough":"Manhattan","feat_type":"Intersection name"},"geometry":{"type":"Point","coordinates":[-73.93514017418644,40.842311673906515]}},{"type":"Feature","properties":{"ll_type":"Honorary","intro_num":"0849","ll_limits":"At the southeast corner of Richmond Terrace and Snug Harbor Road at the eastern leg of Snug Harbor Road","intro_month":"7","amend_dt":null,"limits_er":null,"intro_day":"23","repeal_dt":null,"amendt_txt":null,"official_nm":"None","old_name":"None","amdyrllsec":null,"amended":"No","honor_name":"Elizabeth Egbert Way","ll_num":"076","repealed":"No","ulurpcpnum":"none","ll_sec":"40","intro_year":"2015","lleffect_dt":"08/10/2015","borough":"Staten Island","feat_type":"Intersection name"},"geometry":{"type":"Point","coordinates":[-74.10457786289078,40.645209368579344]}},{"type":"Feature","properties":{"ll_type":"Honorary","intro_num":"0849","ll_limits":"At the northeast corner of Forest Avenue and Harbor Road","intro_month":"7","amend_dt":null,"limits_er":null,"intro_day":"23","repeal_dt":null,"amendt_txt":null,"official_nm":"None","old_name":"None","amdyrllsec":null,"amended":"No","honor_name":"Dominick (Dom) Lambert Way","ll_num":"076","repealed":"No","ulurpcpnum":"none","ll_sec":"41","intro_year":"2015","lleffect_dt":"08/10/2015","borough":"Staten Island","feat_type":"Intersection name"},"geometry":{"type":"Point","coordinates":[-74.16038974741541,40.626659063838474]}},{"type":"Feature","properties":{"ll_type":"Honorary","intro_num":"0849","ll_limits":"At the southeast corner of Myrtle Avenue and Clove Road","intro_month":"7","amend_dt":null,"limits_er":null,"intro_day":"23","repeal_dt":null,"amendt_txt":null,"official_nm":"None","old_name":"None","amdyrllsec":null,"amended":"No","honor_name":"Art Hall Way","ll_num":"076","repealed":"No","ulurpcpnum":"none","ll_sec":"42","intro_year":"2015","lleffect_dt":"08/10/2015","borough":"Staten Island","feat_type":"Intersection name"},"geometry":{"type":"Point","coordinates":[-74.12191978690564,40.628354563443295]}},{"type":"Feature","properties":{"ll_type":"Honorary","intro_num":"0849","ll_limits":"At the southwest corner underneath the Henderson Avenue sign at the intersection of Henerdson Avenue and Campbell Avenue","intro_month":"7","amend_dt":null,"limits_er":"Misspelled \"Henderson\" in limits description","intro_day":"23","repeal_dt":null,"amendt_txt":null,"official_nm":"None","old_name":"None","amdyrllsec":null,"amended":"No","honor_name":"Wayne \"Chops\" Derrick Way","ll_num":"076","repealed":"No","ulurpcpnum":"none","ll_sec":"43","intro_year":"2015","lleffect_dt":"08/10/2015","borough":"Staten Island","feat_type":"Intersection name"},"geometry":{"type":"Point","coordinates":[-74.11642745116424,40.63704743636596]}},{"type":"Feature","properties":{"ll_type":"Honorary","intro_num":"0849","ll_limits":"At the intersection of West 17 Street and Surf Avenue","intro_month":"7","amend_dt":null,"limits_er":null,"intro_day":"23","repeal_dt":null,"amendt_txt":null,"official_nm":"None","old_name":"None","amdyrllsec":null,"amended":"No","honor_name":"Louis Powsner Way","ll_num":"076","repealed":"No","ulurpcpnum":"none","ll_sec":"44","intro_year":"2015","lleffect_dt":"08/10/2015","borough":"Brooklyn","feat_type":"Intersection name"},"geometry":{"type":"Point","coordinates":[-73.9845190303209,40.575303751602625]}},{"type":"Feature","properties":{"ll_type":"Honorary","intro_num":"0849","ll_limits":"At the intersection of Mermaid Avenue and West 27 Street","intro_month":"7","amend_dt":null,"limits_er":null,"intro_day":"23","repeal_dt":null,"amendt_txt":null,"official_nm":"None","old_name":"None","amdyrllsec":null,"amended":"No","honor_name":"Father Connie Mobley Boulevard","ll_num":"076","repealed":"No","ulurpcpnum":"none","ll_sec":"45","intro_year":"2015","lleffect_dt":"08/10/2015","borough":"Brooklyn","feat_type":"Intersection name"},"geometry":{"type":"Point","coordinates":[-73.99326198014161,40.57569515449718]}},{"type":"Feature","properties":{"ll_type":"Honorary","intro_num":"0849","ll_limits":"At the intersection of Hubbard Street and Avenue Z","intro_month":"7","amend_dt":null,"limits_er":null,"intro_day":"23","repeal_dt":null,"amendt_txt":null,"official_nm":"None","old_name":"None","amdyrllsec":null,"amended":"No","honor_name":"Seth Kushner Way","ll_num":"076","repealed":"No","ulurpcpnum":"none","ll_sec":"46","intro_year":"2015","lleffect_dt":"08/10/2015","borough":"Brooklyn","feat_type":"Intersection name"},"geometry":{"type":"Point","coordinates":[-73.96296899251969,40.5870179291323]}},{"type":"Feature","properties":{"ll_type":"Honorary","intro_num":"0849","ll_limits":"At the northeast corner of Revere Avenue and Dill Place","intro_month":"7","amend_dt":null,"limits_er":null,"intro_day":"23","repeal_dt":null,"amendt_txt":null,"official_nm":"None","old_name":"None","amdyrllsec":null,"amended":"No","honor_name":"Bill Twomey Place","ll_num":"076","repealed":"No","ulurpcpnum":"none","ll_sec":"47","intro_year":"2015","lleffect_dt":"08/10/2015","borough":"Bronx","feat_type":"Intersection name"},"geometry":{"type":"Point","coordinates":[-73.82346544843111,40.826158919552384]}},{"type":"Feature","properties":{"ll_type":"Honorary","intro_num":"0849","ll_limits":"At the northeast corner of Northern Boulevard and Marathon Parkway","intro_month":"7","amend_dt":null,"limits_er":null,"intro_day":"23","repeal_dt":null,"amendt_txt":null,"official_nm":"None","old_name":"None","amdyrllsec":null,"amended":"No","honor_name":"Matinecock Way","ll_num":"076","repealed":"No","ulurpcpnum":"none","ll_sec":"49","intro_year":"2015","lleffect_dt":"08/10/2015","borough":"Queens","feat_type":"Intersection name"},"geometry":{"type":"Point","coordinates":[-73.737556564771,40.76856720267377]}},{"type":"Feature","properties":{"ll_type":"Honorary","intro_num":"0849","ll_limits":"At the northwest corner of East 37 Street and Foster Avenue","intro_month":"7","amend_dt":null,"limits_er":null,"intro_day":"23","repeal_dt":null,"amendt_txt":null,"official_nm":"None","old_name":"None","amdyrllsec":null,"amended":"No","honor_name":"Catharine McAuley High School Way","ll_num":"076","repealed":"No","ulurpcpnum":"none","ll_sec":"51","intro_year":"2015","lleffect_dt":"08/10/2015","borough":"Brooklyn","feat_type":"Intersection name"},"geometry":{"type":"Point","coordinates":[-73.94140999145688,40.636791725200105]}},{"type":"Feature","properties":{"ll_type":"Honorary","intro_num":"0849","ll_limits":"At the corner of 243rd Street and 147 Avenue","intro_month":"7","amend_dt":null,"limits_er":null,"intro_day":"23","repeal_dt":null,"amendt_txt":null,"official_nm":"None","old_name":"None","amdyrllsec":null,"amended":"No","honor_name":"Sheila Pecoraro Way","ll_num":"076","repealed":"No","ulurpcpnum":"none","ll_sec":"0","intro_year":"2015","lleffect_dt":"08/10/2015","borough":"Queens","feat_type":"Intersection name"},"geometry":{"type":"Point","coordinates":[-73.74153201553898,40.65735854457921]}},{"type":"Feature","properties":{"ll_type":"Honorary","intro_num":"0471","ll_limits":"the intersection of Travis Avenue and South Avenue","intro_month":"10","amend_dt":null,"limits_er":null,"intro_day":"13","repeal_dt":null,"amendt_txt":null,"official_nm":"None","old_name":"None","amdyrllsec":null,"amended":"No","honor_name":"Purple Heart Way","ll_num":"063","repealed":"No","ulurpcpnum":"none","ll_sec":"72","intro_year":"2004","lleffect_dt":"12/21/2004","borough":"Staten Island","feat_type":"Intersection name"},"geometry":{"type":"Point","coordinates":[-74.18408316673211,40.602665394653975]}},{"type":"Feature","properties":{"ll_type":"Honorary","intro_num":"988","ll_limits":"At the northeast corner of Beach Channel Drive and Beach 169th Street","intro_month":"6","amend_dt":null,"limits_er":null,"intro_day":"28","repeal_dt":null,"amendt_txt":null,"official_nm":"None","old_name":"None","amdyrllsec":null,"amended":"No","honor_name":"US Navy Seaplane Division One Way","ll_num":"139","repealed":"No","ulurpcpnum":null,"ll_sec":"83","intro_year":"2018","lleffect_dt":"07/29/2018","borough":"Queens","feat_type":null},"geometry":{"type":"Point","coordinates":[-73.88054756634351,40.56769224270727]}},{"type":"Feature","properties":{"ll_type":"Honorary","intro_num":"988","ll_limits":"At the intersection of 59th Street and 32nd Avenue","intro_month":"6","amend_dt":null,"limits_er":null,"intro_day":"28","repeal_dt":null,"amendt_txt":null,"official_nm":"None","old_name":"None","amdyrllsec":null,"amended":"No","honor_name":"Tibet Way","ll_num":"139","repealed":"No","ulurpcpnum":null,"ll_sec":"90","intro_year":"2018","lleffect_dt":"07/29/2018","borough":"Queens","feat_type":null},"geometry":{"type":"Point","coordinates":[-73.9043476000804,40.755732521936686]}},{"type":"Feature","properties":{"ll_type":"Honorary","intro_num":"988","ll_limits":"At the northeast corner of 187th Street and Tiebout Avenue","intro_month":"6","amend_dt":null,"limits_er":null,"intro_day":"28","repeal_dt":null,"amendt_txt":null,"official_nm":"None","old_name":"None","amdyrllsec":null,"amended":"No","honor_name":"Reverend Dr. Samuel G. Simpson Way","ll_num":"139","repealed":"No","ulurpcpnum":null,"ll_sec":"95","intro_year":"2018","lleffect_dt":"07/29/2018","borough":"Bronx","feat_type":null},"geometry":{"type":"Point","coordinates":[-73.89566649659045,40.85979580524538]}},{"type":"Feature","properties":{"ll_type":"Honorary","intro_num":"988","ll_limits":"Just below Oak Ridge with the street sign pointing down the sloped Memorial Drive","intro_month":"6","amend_dt":null,"limits_er":null,"intro_day":"28","repeal_dt":null,"amendt_txt":null,"official_nm":"Forest Park Drive","old_name":"None","amdyrllsec":null,"amended":"No","honor_name":"Forest Park Memorial Drive","ll_num":"139","repealed":"No","ulurpcpnum":null,"ll_sec":"27","intro_year":"2018","lleffect_dt":"07/29/2018","borough":"Queens","feat_type":null},"geometry":{"type":"Point","coordinates":[-73.84228739406782,40.70263294875678]}},{"type":"Feature","properties":{"ll_type":"Honorary","intro_num":"988","ll_limits":"At the corner of South Avenue and Travis Avenue","intro_month":"6","amend_dt":null,"limits_er":null,"intro_day":"28","repeal_dt":null,"amendt_txt":null,"official_nm":"None","old_name":"None","amdyrllsec":null,"amended":"No","honor_name":"George Kaye Katsoris Candy Man Way","ll_num":"139","repealed":"No","ulurpcpnum":null,"ll_sec":"44","intro_year":"2018","lleffect_dt":"07/29/2018","borough":"Staten Island","feat_type":null},"geometry":{"type":"Point","coordinates":[-74.18402151951175,40.60262838998849]}},{"type":"Feature","properties":{"ll_type":"Honorary","intro_num":"988","ll_limits":"At the intersection of Newberry Avenue and Bank Place","intro_month":"6","amend_dt":null,"limits_er":null,"intro_day":"28","repeal_dt":null,"amendt_txt":null,"official_nm":"None","old_name":"None","amdyrllsec":null,"amended":"No","honor_name":"Edward Colucci Way","ll_num":"139","repealed":"No","ulurpcpnum":null,"ll_sec":"39","intro_year":"2018","lleffect_dt":"07/29/2018","borough":"Staten Island","feat_type":null},"geometry":{"type":"Point","coordinates":[-74.09419973299799,40.59504038379788]}},{"type":"Feature","properties":{"ll_type":"Honorary","intro_num":"988","ll_limits":"At the northeast corner of Brighton Beach Avenue and Brighton 2nd Street","intro_month":"6","amend_dt":null,"limits_er":null,"intro_day":"28","repeal_dt":null,"amendt_txt":null,"official_nm":"None","old_name":"None","amdyrllsec":null,"amended":"No","honor_name":"Sofia Vinokurov & Mark Rakhman Place","ll_num":"139","repealed":"No","ulurpcpnum":null,"ll_sec":"11","intro_year":"2018","lleffect_dt":"07/29/2018","borough":"Brooklyn","feat_type":null},"geometry":{"type":"Point","coordinates":[-73.96503670754606,40.57698854278649]}},{"type":"Feature","properties":{"ll_type":"Honorary","intro_num":"988","ll_limits":"At the southwest corner of Classon Avenue and Sterling Place","intro_month":"6","amend_dt":null,"limits_er":null,"intro_day":"28","repeal_dt":null,"amendt_txt":null,"official_nm":"None","old_name":"None","amdyrllsec":null,"amended":"No","honor_name":"Frank and Doris Bell Way","ll_num":"139","repealed":"No","ulurpcpnum":null,"ll_sec":"8","intro_year":"2018","lleffect_dt":"07/29/2018","borough":"Brooklyn","feat_type":null},"geometry":{"type":"Point","coordinates":[-73.96054071875825,40.67393315937723]}},{"type":"Feature","properties":{"ll_type":"Honorary","intro_num":"988","ll_limits":"At the intersection of 27th Street and 23rd Avenue","intro_month":"6","amend_dt":null,"limits_er":null,"intro_day":"28","repeal_dt":null,"amendt_txt":null,"official_nm":"None","old_name":"None","amdyrllsec":null,"amended":"No","honor_name":"AKTINA FM Way","ll_num":"139","repealed":"No","ulurpcpnum":null,"ll_sec":"7","intro_year":"2018","lleffect_dt":"07/29/2018","borough":"Queens","feat_type":null},"geometry":{"type":"Point","coordinates":[-73.91523438133399,40.776032092714125]}},{"type":"Feature","properties":{"ll_type":"Honorary","intro_num":"988","ll_limits":"At the intersection of Mosholu Parkway South and Perry Avenue","intro_month":"6","amend_dt":null,"limits_er":null,"intro_day":"28","repeal_dt":null,"amendt_txt":null,"official_nm":"None","old_name":"None","amdyrllsec":null,"amended":"No","honor_name":"Mary Vallati Place","ll_num":"139","repealed":"No","ulurpcpnum":null,"ll_sec":"6","intro_year":"2018","lleffect_dt":"07/29/2018","borough":"Bronx","feat_type":null},"geometry":{"type":"Point","coordinates":[-73.88222049377838,40.871227248120896]}},{"type":"Feature","properties":{"ll_type":"Honorary","intro_num":"988","ll_limits":"At the intersection of Baldwin Street and Bradley Street","intro_month":"6","amend_dt":null,"limits_er":null,"intro_day":"28","repeal_dt":null,"amendt_txt":null,"official_nm":"None","old_name":"None","amdyrllsec":null,"amended":"No","honor_name":"Sgt. John McCormick Street","ll_num":"139","repealed":"No","ulurpcpnum":null,"ll_sec":"5","intro_year":"2018","lleffect_dt":"07/29/2018","borough":"Bronx","feat_type":null},"geometry":{"type":"Point","coordinates":[-73.85208755474099,40.90917971838339]}},{"type":"Feature","properties":{"ll_type":"Honorary","intro_num":"988","ll_limits":"At the southeast corner of South William Street and Broad Street","intro_month":"6","amend_dt":null,"limits_er":null,"intro_day":"28","repeal_dt":null,"amendt_txt":null,"official_nm":"None","old_name":"None","amdyrllsec":null,"amended":"No","honor_name":"Mill Street Synagogue/Seixas Way","ll_num":"139","repealed":"No","ulurpcpnum":null,"ll_sec":"4","intro_year":"2018","lleffect_dt":"07/29/2018","borough":"Manhattan","feat_type":null},"geometry":{"type":"Point","coordinates":[-74.01148095994533,40.704233601294234]}},{"type":"Feature","properties":{"ll_type":"Honorary","intro_num":"988","ll_limits":"At the intersection of 111th Street and Fifth Avenue","intro_month":"6","amend_dt":null,"limits_er":null,"intro_day":"28","repeal_dt":null,"amendt_txt":null,"official_nm":"None","old_name":"None","amdyrllsec":null,"amended":"No","honor_name":"111th Street Old Timers Way","ll_num":"139","repealed":"No","ulurpcpnum":null,"ll_sec":"2","intro_year":"2018","lleffect_dt":"07/29/2018","borough":"Manhattan","feat_type":null},"geometry":{"type":"Point","coordinates":[-73.94879165316239,40.79747712836832]}},{"type":"Feature","properties":{"ll_type":"Honorary","intro_num":"988","ll_limits":"At the southwest corner of East 118th Street and Park Avenue","intro_month":"6","amend_dt":null,"limits_er":null,"intro_day":"28","repeal_dt":null,"amendt_txt":null,"official_nm":"None","old_name":"None","amdyrllsec":null,"amended":"No","honor_name":"Firefighter William E. Woodlon Place","ll_num":"139","repealed":"No","ulurpcpnum":null,"ll_sec":"1","intro_year":"2018","lleffect_dt":"07/29/2018","borough":"Manhattan","feat_type":null},"geometry":{"type":"Point","coordinates":[-73.94242267138361,40.80067171019573]}},{"type":"Feature","properties":{"ll_type":"Honorary","intro_num":"988","ll_limits":"At the intersection of Woodbine Street and Irving Avenue","intro_month":"6","amend_dt":null,"limits_er":null,"intro_day":"28","repeal_dt":null,"amendt_txt":null,"official_nm":"None","old_name":"None","amdyrllsec":null,"amended":"No","honor_name":"Specialist Rasheed Sahib Way","ll_num":"139","repealed":"No","ulurpcpnum":null,"ll_sec":"15","intro_year":"2018","lleffect_dt":"07/29/2018","borough":"Brooklyn","feat_type":null},"geometry":{"type":"Point","coordinates":[-73.91180007755841,40.69755584639343]}},{"type":"Feature","properties":{"ll_type":"Honorary","intro_num":"988","ll_limits":"At the northeast corner of Surf Avenue and West 12th Street","intro_month":"6","amend_dt":null,"limits_er":null,"intro_day":"28","repeal_dt":null,"amendt_txt":null,"official_nm":"None","old_name":"None","amdyrllsec":null,"amended":"No","honor_name":"Police Officer Leon Fox Way","ll_num":"139","repealed":"No","ulurpcpnum":null,"ll_sec":"14","intro_year":"2018","lleffect_dt":"07/29/2018","borough":"Brooklyn","feat_type":null},"geometry":{"type":"Point","coordinates":[-73.97952731578914,40.575698569944976]}},{"type":"Feature","properties":{"ll_type":"Honorary","intro_num":"988","ll_limits":"At the southeast corner of Avenue U and Coney Island Avenue","intro_month":"6","amend_dt":null,"limits_er":null,"intro_day":"28","repeal_dt":null,"amendt_txt":null,"official_nm":"None","old_name":"None","amdyrllsec":null,"amended":"No","honor_name":"Lester’s Way","ll_num":"139","repealed":"No","ulurpcpnum":null,"ll_sec":"13","intro_year":"2018","lleffect_dt":"07/29/2018","borough":"Brooklyn","feat_type":null},"geometry":{"type":"Point","coordinates":[-73.9610151781045,40.598214893753315]}},{"type":"Feature","properties":{"ll_type":"Honorary","intro_num":"988","ll_limits":"At the intersection of Ocean Avenue and Shore Boulevard","intro_month":"6","amend_dt":null,"limits_er":null,"intro_day":"28","repeal_dt":null,"amendt_txt":null,"official_nm":"None","old_name":"None","amdyrllsec":null,"amended":"No","honor_name":"Rabbi Dr. Eli B. Greenwald Way","ll_num":"139","repealed":"No","ulurpcpnum":null,"ll_sec":"12","intro_year":"2018","lleffect_dt":"07/29/2018","borough":"Brooklyn","feat_type":null},"geometry":{"type":"Point","coordinates":[-73.94807309375926,40.58178707176033]}},{"type":"Feature","properties":{"ll_type":"Honorary","intro_num":"988","ll_limits":"Underneath the Franklin Avenue street sign at the corner of East 169th Street and Franklin Avenue","intro_month":"6","amend_dt":null,"limits_er":null,"intro_day":"28","repeal_dt":null,"amendt_txt":null,"official_nm":"Franklin Avenue","old_name":"None","amdyrllsec":null,"amended":"No","honor_name":"ILL. RTE. REV. IDUS A. NUNN SR. PLACE","ll_num":"139","repealed":"No","ulurpcpnum":null,"ll_sec":"18","intro_year":"2018","lleffect_dt":"07/29/2018","borough":"Bronx","feat_type":null},"geometry":{"type":"Point","coordinates":[-73.90186317328639,40.831719358860035]}},{"type":"Feature","properties":{"ll_type":"Honorary","intro_num":"988","ll_limits":"At the intersection of Pitkin Avenue and Hendrix Street","intro_month":"6","amend_dt":null,"limits_er":null,"intro_day":"28","repeal_dt":null,"amendt_txt":null,"official_nm":"None","old_name":"None","amdyrllsec":null,"amended":"No","honor_name":"Bishop John L. Smith Way","ll_num":"139","repealed":"No","ulurpcpnum":null,"ll_sec":"16","intro_year":"2018","lleffect_dt":"07/29/2018","borough":"Brooklyn","feat_type":null},"geometry":{"type":"Point","coordinates":[-73.88942005748898,40.67284739900325]}},{"type":"Feature","properties":{"ll_type":"Honorary","intro_num":"988","ll_limits":"Underneath the East 169th Street sign at the corner of Franklin Avenue and East 169th Street across the street from 611 East 169th Street","intro_month":"6","amend_dt":null,"limits_er":null,"intro_day":"28","repeal_dt":null,"amendt_txt":null,"official_nm":"Franklin Avenue","old_name":"None","amdyrllsec":null,"amended":"No","honor_name":"Sandra Tremble Way","ll_num":"139","repealed":"No","ulurpcpnum":null,"ll_sec":"19","intro_year":"2018","lleffect_dt":"07/29/2018","borough":"Bronx","feat_type":null},"geometry":{"type":"Point","coordinates":[-73.90204518700222,40.831776913855585]}},{"type":"Feature","properties":{"ll_type":"Honorary","intro_num":"988","ll_limits":"At the intersection of Bayshore Avenue and Ampere Avenue","intro_month":"6","amend_dt":null,"limits_er":null,"intro_day":"28","repeal_dt":null,"amendt_txt":null,"official_nm":"None","old_name":"None","amdyrllsec":null,"amended":"No","honor_name":"Detective Joseph G. Lemm Way","ll_num":"139","repealed":"No","ulurpcpnum":null,"ll_sec":"20","intro_year":"2018","lleffect_dt":"07/29/2018","borough":"Bronx","feat_type":null},"geometry":{"type":"Point","coordinates":[-73.81647583154233,40.8460819760239]}},{"type":"Feature","properties":{"ll_type":"Honorary","intro_num":"988","ll_limits":"At the intersection of 112th Street and 72nd Drive","intro_month":"6","amend_dt":null,"limits_er":null,"intro_day":"28","repeal_dt":null,"amendt_txt":null,"official_nm":"None","old_name":"None","amdyrllsec":null,"amended":"No","honor_name":"Walter Becker Way","ll_num":"139","repealed":"No","ulurpcpnum":null,"ll_sec":"34","intro_year":"2018","lleffect_dt":"07/29/2018","borough":"Queens","feat_type":null},"geometry":{"type":"Point","coordinates":[-73.83795672900784,40.720313320563434]}},{"type":"Feature","properties":{"ll_type":"Honorary","intro_num":"988","ll_limits":"At the northwest corner of East 233rd Street and Murdock Avenue","intro_month":"6","amend_dt":null,"limits_er":null,"intro_day":"28","repeal_dt":null,"amendt_txt":null,"official_nm":"None","old_name":"None","amdyrllsec":null,"amended":"No","honor_name":"Sandra Gresham Way","ll_num":"139","repealed":"No","ulurpcpnum":null,"ll_sec":"33","intro_year":"2018","lleffect_dt":"07/29/2018","borough":"Bronx","feat_type":null},"geometry":{"type":"Point","coordinates":[-73.8393751338458,40.88884408226772]}},{"type":"Feature","properties":{"ll_type":"Honorary","intro_num":"988","ll_limits":"At the southeast corner of East 215th Street and Barnes Avenue","intro_month":"6","amend_dt":null,"limits_er":null,"intro_day":"28","repeal_dt":null,"amendt_txt":null,"official_nm":"None","old_name":"None","amdyrllsec":null,"amended":"No","honor_name":"Andy “Pops” King Jr. Way","ll_num":"139","repealed":"No","ulurpcpnum":null,"ll_sec":"32","intro_year":"2018","lleffect_dt":"07/29/2018","borough":"Bronx","feat_type":null},"geometry":{"type":"Point","coordinates":[-73.86138762209917,40.87973770303847]}},{"type":"Feature","properties":{"ll_type":"Honorary","intro_num":"988","ll_limits":"At the southwest corner of MacDougal Street and Houston Street","intro_month":"6","amend_dt":null,"limits_er":null,"intro_day":"28","repeal_dt":null,"amendt_txt":null,"official_nm":"None","old_name":"None","amdyrllsec":null,"amended":"No","honor_name":"Lucy and Lenny Cecere Way","ll_num":"139","repealed":"No","ulurpcpnum":null,"ll_sec":"31","intro_year":"2018","lleffect_dt":"07/29/2018","borough":"Manhattan","feat_type":null},"geometry":{"type":"Point","coordinates":[-74.00233547815174,40.72792758445577]}},{"type":"Feature","properties":{"ll_type":"Honorary","intro_num":"988","ll_limits":"At the northeast corner of Horace Harding Expressway and Bell Boulevard","intro_month":"6","amend_dt":null,"limits_er":null,"intro_day":"28","repeal_dt":null,"amendt_txt":null,"official_nm":"None","old_name":"None","amdyrllsec":null,"amended":"No","honor_name":"Bayside Hills 9/11 Memorial Way","ll_num":"139","repealed":"No","ulurpcpnum":null,"ll_sec":"26","intro_year":"2018","lleffect_dt":"07/29/2018","borough":"Queens","feat_type":null},"geometry":{"type":"Point","coordinates":[-73.76145648613985,40.74790208408763]}},{"type":"Feature","properties":{"ll_type":"Honorary","intro_num":"988","ll_limits":"At the southwest corner of 210th Street and Horace Harding Expressway adjacent to the Armenian Church of Holy Martyrs","intro_month":"6","amend_dt":null,"limits_er":null,"intro_day":"28","repeal_dt":null,"amendt_txt":null,"official_nm":"None","old_name":"None","amdyrllsec":null,"amended":"No","honor_name":"Armenia Way","ll_num":"139","repealed":"No","ulurpcpnum":null,"ll_sec":"25","intro_year":"2018","lleffect_dt":"07/29/2018","borough":"Queens","feat_type":null},"geometry":{"type":"Point","coordinates":[-73.76707744675942,40.74634802625078]}},{"type":"Feature","properties":{"ll_type":"Honorary","intro_num":"988","ll_limits":"After the Grand Central Parkway Entrance to 188-48 85th Road","intro_month":"6","amend_dt":null,"limits_er":null,"intro_day":"28","repeal_dt":null,"amendt_txt":null,"official_nm":"85th Road","old_name":"None","amdyrllsec":null,"amended":"No","honor_name":"Ahmadiyya Way","ll_num":"139","repealed":"No","ulurpcpnum":null,"ll_sec":"24","intro_year":"2018","lleffect_dt":"07/29/2018","borough":"Queens","feat_type":null},"geometry":{"type":"Point","coordinates":[-73.77533009692117,40.72294330175395]}},{"type":"Feature","properties":{"ll_type":"Honorary","intro_num":"988","ll_limits":"At the intersection of Pelham Parkway South and Bogart Avenue","intro_month":"6","amend_dt":null,"limits_er":null,"intro_day":"28","repeal_dt":null,"amendt_txt":null,"official_nm":"None","old_name":"None","amdyrllsec":null,"amended":"No","honor_name":"Blanche Comras Rifkin Way","ll_num":"139","repealed":"No","ulurpcpnum":null,"ll_sec":"23","intro_year":"2018","lleffect_dt":"07/29/2018","borough":"Bronx","feat_type":null},"geometry":{"type":"Point","coordinates":[-73.86097060642396,40.85680691143222]}},{"type":"Feature","properties":{"ll_type":"Honorary","intro_num":"988","ll_limits":"At the intersection of Guyon Avenue and South Railroad Avenue","intro_month":"6","amend_dt":null,"limits_er":null,"intro_day":"28","repeal_dt":null,"amendt_txt":null,"official_nm":"None","old_name":"None","amdyrllsec":null,"amended":"No","honor_name":"Ret. NYPD Capt. Carmine Cantalino Way","ll_num":"139","repealed":"No","ulurpcpnum":null,"ll_sec":"40","intro_year":"2018","lleffect_dt":"07/29/2018","borough":"Staten Island","feat_type":null},"geometry":{"type":"Point","coordinates":[-74.12674991853213,40.564442709372145]}},{"type":"Feature","properties":{"ll_type":"Honorary","intro_num":"988","ll_limits":"At the intersection of Dinsmore Street and Victory Boulevard","intro_month":"6","amend_dt":null,"limits_er":null,"intro_day":"28","repeal_dt":null,"amendt_txt":null,"official_nm":"None","old_name":"None","amdyrllsec":null,"amended":"No","honor_name":"SPC Marcus Brown Way","ll_num":"139","repealed":"No","ulurpcpnum":null,"ll_sec":"38","intro_year":"2018","lleffect_dt":"07/29/2018","borough":"Staten Island","feat_type":null},"geometry":{"type":"Point","coordinates":[-74.17057140811254,40.60497953761296]}},{"type":"Feature","properties":{"ll_type":"Honorary","intro_num":"988","ll_limits":"At the intersection of Parkinson Avenue and Reid Avenue","intro_month":"6","amend_dt":null,"limits_er":null,"intro_day":"28","repeal_dt":null,"amendt_txt":null,"official_nm":"None","old_name":"None","amdyrllsec":null,"amended":"No","honor_name":"Joseph L. Cugini Way","ll_num":"139","repealed":"No","ulurpcpnum":null,"ll_sec":"37","intro_year":"2018","lleffect_dt":"07/29/2018","borough":"Staten Island","feat_type":null},"geometry":{"type":"Point","coordinates":[-74.080892300953,40.593655918555996]}},{"type":"Feature","properties":{"ll_type":"Honorary","intro_num":"988","ll_limits":"At the southeast corner of East 85th Street and Avenue L","intro_month":"6","amend_dt":null,"limits_er":null,"intro_day":"28","repeal_dt":null,"amendt_txt":null,"official_nm":"None","old_name":"None","amdyrllsec":null,"amended":"No","honor_name":"American Hero Sergeant Roshain E. Brooks Way","ll_num":"139","repealed":"No","ulurpcpnum":null,"ll_sec":"36","intro_year":"2018","lleffect_dt":"07/29/2018","borough":"Brooklyn","feat_type":null},"geometry":{"type":"Point","coordinates":[-73.90395271415092,40.63293699262046]}},{"type":"Feature","properties":{"ll_type":"Honorary","intro_num":"988","ll_limits":"At the intersection of Woodlawn Avenue and Fayette Avenue","intro_month":"6","amend_dt":null,"limits_er":null,"intro_day":"28","repeal_dt":null,"amendt_txt":null,"official_nm":"None","old_name":"None","amdyrllsec":null,"amended":"No","honor_name":"Edgar Meekins Way","ll_num":"139","repealed":"No","ulurpcpnum":null,"ll_sec":"41","intro_year":"2018","lleffect_dt":"07/29/2018","borough":"Staten Island","feat_type":null},"geometry":{"type":"Point","coordinates":[-74.08259888484685,40.59969704252555]}},{"type":"Feature","properties":{"ll_type":"Honorary","intro_num":"988","ll_limits":"At the intersection of Malone Avenue and Hylan Boulevard","intro_month":"6","amend_dt":null,"limits_er":null,"intro_day":"28","repeal_dt":null,"amendt_txt":null,"official_nm":"None","old_name":"None","amdyrllsec":null,"amended":"No","honor_name":"John V. LaFemina Way","ll_num":"139","repealed":"No","ulurpcpnum":null,"ll_sec":"42","intro_year":"2018","lleffect_dt":"07/29/2018","borough":"Staten Island","feat_type":null},"geometry":{"type":"Point","coordinates":[-74.12480365076159,40.559439183850834]}},{"type":"Feature","properties":{"ll_type":"Honorary","intro_num":"988","ll_limits":"At the intersection of Buel Avenue and Hylan Boulevard","intro_month":"6","amend_dt":null,"limits_er":null,"intro_day":"28","repeal_dt":null,"amendt_txt":null,"official_nm":"None","old_name":"None","amdyrllsec":null,"amended":"No","honor_name":"Mario R. Ariemma Way","ll_num":"139","repealed":"No","ulurpcpnum":null,"ll_sec":"43","intro_year":"2018","lleffect_dt":"07/29/2018","borough":"Staten Island","feat_type":null},"geometry":{"type":"Point","coordinates":[-74.09340699402472,40.58524011163233]}},{"type":"Feature","properties":{"ll_type":"Honorary","intro_num":"988","ll_limits":"At the northeast corner of 40th Street and 4th Avenue","intro_month":"6","amend_dt":null,"limits_er":null,"intro_day":"28","repeal_dt":null,"amendt_txt":null,"official_nm":"None","old_name":"None","amdyrllsec":null,"amended":"No","honor_name":"Firefighter Thomas Phelan Marine Pilot","ll_num":"139","repealed":"No","ulurpcpnum":null,"ll_sec":"45","intro_year":"2018","lleffect_dt":"07/29/2018","borough":"Brooklyn","feat_type":null},"geometry":{"type":"Point","coordinates":[-74.00683943338511,40.652229078651025]}},{"type":"Feature","properties":{"ll_type":"Honorary","intro_num":"988","ll_limits":"At the intersection of 179th Street and Fort Washington Avenue","intro_month":"6","amend_dt":null,"limits_er":null,"intro_day":"28","repeal_dt":null,"amendt_txt":null,"official_nm":"None","old_name":"None","amdyrllsec":null,"amended":"No","honor_name":"Bishop Arnulfo Romero Way","ll_num":"139","repealed":"No","ulurpcpnum":null,"ll_sec":"68","intro_year":"2018","lleffect_dt":"07/29/2018","borough":"Manahttan","feat_type":null},"geometry":{"type":"Point","coordinates":[-73.93891946578732,40.849325388123646]}},{"type":"Feature","properties":{"ll_type":"Honorary","intro_num":"988","ll_limits":"At the intersection of 169th Street and St. Nicholas Avenue","intro_month":"6","amend_dt":null,"limits_er":null,"intro_day":"28","repeal_dt":null,"amendt_txt":null,"official_nm":"None","old_name":"None","amdyrllsec":null,"amended":"No","honor_name":"Isaiah “Obie” Bing Way","ll_num":"139","repealed":"No","ulurpcpnum":null,"ll_sec":"66","intro_year":"2018","lleffect_dt":"07/29/2018","borough":"Manhattan","feat_type":null},"geometry":{"type":"Point","coordinates":[-73.93933455174137,40.84168045924995]}},{"type":"Feature","properties":{"ll_type":"Honorary","intro_num":"988","ll_limits":"At the intersection of Astor Place and Lafayette","intro_month":"6","amend_dt":null,"limits_er":null,"intro_day":"28","repeal_dt":null,"amendt_txt":null,"official_nm":"None","old_name":"None","amdyrllsec":null,"amended":"No","honor_name":"Joseph Papp Way","ll_num":"139","repealed":"No","ulurpcpnum":null,"ll_sec":"65","intro_year":"2018","lleffect_dt":"07/29/2018","borough":"Manhattan","feat_type":null},"geometry":{"type":"Point","coordinates":[-73.99143527057821,40.729862794250195]}},{"type":"Feature","properties":{"ll_type":"Honorary","intro_num":"988","ll_limits":"At the intersection of 140th Avenue and 180th Street","intro_month":"6","amend_dt":null,"limits_er":null,"intro_day":"28","repeal_dt":null,"amendt_txt":null,"official_nm":"None","old_name":"None","amdyrllsec":null,"amended":"No","honor_name":"Rev. Freddie Brunswick Way","ll_num":"139","repealed":"No","ulurpcpnum":null,"ll_sec":"64","intro_year":"2018","lleffect_dt":"07/29/2018","borough":"Queens","feat_type":null},"geometry":{"type":"Point","coordinates":[-73.763813723518,40.67165094082046]}},{"type":"Feature","properties":{"ll_type":"Honorary","intro_num":"988","ll_limits":"At the northeast corner of 116th Street and Lenox Avenue","intro_month":"6","amend_dt":null,"limits_er":null,"intro_day":"28","repeal_dt":null,"amendt_txt":null,"official_nm":"None","old_name":"None","amdyrllsec":null,"amended":"No","honor_name":"Apostle William Brown Way","ll_num":"139","repealed":"No","ulurpcpnum":null,"ll_sec":"60","intro_year":"2018","lleffect_dt":"07/29/2018","borough":"Manhattan","feat_type":null},"geometry":{"type":"Point","coordinates":[-73.94935945184675,40.8020420311323]}},{"type":"Feature","properties":{"ll_type":"Honorary","intro_num":"988","ll_limits":"At the northeast corner of 139th Street and Malcolm X Boulevard","intro_month":"6","amend_dt":null,"limits_er":null,"intro_day":"28","repeal_dt":null,"amendt_txt":null,"official_nm":"None","old_name":"None","amdyrllsec":null,"amended":"No","honor_name":"Valerie M. Orridge, R.N. Way","ll_num":"139","repealed":"No","ulurpcpnum":null,"ll_sec":"59","intro_year":"2018","lleffect_dt":"07/29/2018","borough":"Manhattan","feat_type":null},"geometry":{"type":"Point","coordinates":[-73.93870521986642,40.81667921123811]}},{"type":"Feature","properties":{"ll_type":"Honorary","intro_num":"988","ll_limits":"At the northeast corner of 121st Street and St. Nicholas Avenue","intro_month":"6","amend_dt":null,"limits_er":null,"intro_day":"28","repeal_dt":null,"amendt_txt":null,"official_nm":"None","old_name":"None","amdyrllsec":null,"amended":"No","honor_name":"Michael Lancaster Way","ll_num":"139","repealed":"No","ulurpcpnum":null,"ll_sec":"58","intro_year":"2018","lleffect_dt":"07/29/2018","borough":"Manhattan","feat_type":null},"geometry":{"type":"Point","coordinates":[-73.95291046852321,40.80755215472289]}},{"type":"Feature","properties":{"ll_type":"Honorary","intro_num":"988","ll_limits":"At the intersection of West 123rd Street and St. Nicholas Avenue with the sign facing north in front of 258 St. Nicholas Avenue","intro_month":"6","amend_dt":null,"limits_er":null,"intro_day":"28","repeal_dt":null,"amendt_txt":null,"official_nm":"None","old_name":"None","amdyrllsec":null,"amended":"No","honor_name":"Ossie Davis Way","ll_num":"139","repealed":"No","ulurpcpnum":null,"ll_sec":"57","intro_year":"2018","lleffect_dt":"07/29/2018","borough":"Manhattan","feat_type":null},"geometry":{"type":"Point","coordinates":[-73.9530027058059,40.8091938102821]}},{"type":"Feature","properties":{"ll_type":"Honorary","intro_num":"988","ll_limits":"At the intersection of West 123rd Street and St. Nicholas Avenue with the sign facing east in front of 258 St. Nicholas Avenue","intro_month":"6","amend_dt":null,"limits_er":null,"intro_day":"28","repeal_dt":null,"amendt_txt":null,"official_nm":"None","old_name":"None","amdyrllsec":null,"amended":"No","honor_name":"Ruby Dee Place","ll_num":"139","repealed":"No","ulurpcpnum":null,"ll_sec":"56","intro_year":"2018","lleffect_dt":"07/29/2018","borough":"Manhattan","feat_type":null},"geometry":{"type":"Point","coordinates":[-73.95300514853392,40.80923728551864]}},{"type":"Feature","properties":{"ll_type":"Honorary","intro_num":"988","ll_limits":"At the northeast corner of West 123rd Street and Manhattan Avenue","intro_month":"6","amend_dt":null,"limits_er":null,"intro_day":"28","repeal_dt":null,"amendt_txt":null,"official_nm":"None","old_name":"None","amdyrllsec":null,"amended":"No","honor_name":"Fannie Pennington Way","ll_num":"139","repealed":"No","ulurpcpnum":null,"ll_sec":"55","intro_year":"2018","lleffect_dt":"07/29/2018","borough":"Manhattan","feat_type":null},"geometry":{"type":"Point","coordinates":[-73.95346989568004,40.80949140634192]}},{"type":"Feature","properties":{"ll_type":"Honorary","intro_num":"988","ll_limits":"At the northeast corner of West 137th Street and Adam Clayton Jr. Boulevard","intro_month":"6","amend_dt":null,"limits_er":null,"intro_day":"28","repeal_dt":null,"amendt_txt":null,"official_nm":"None","old_name":"None","amdyrllsec":null,"amended":"No","honor_name":"New York Rens Court","ll_num":"139","repealed":"No","ulurpcpnum":null,"ll_sec":"54","intro_year":"2018","lleffect_dt":"07/29/2018","borough":"Manhattan","feat_type":null},"geometry":{"type":"Point","coordinates":[-73.94247146520631,40.81656763434175]}},{"type":"Feature","properties":{"ll_type":"Honorary","intro_num":"988","ll_limits":"At the southwest corner of West 123rd Street and Frederick Douglass Boulevard","intro_month":"6","amend_dt":null,"limits_er":null,"intro_day":"28","repeal_dt":"1/19/2020","amendt_txt":null,"official_nm":"None","old_name":"None","amdyrllsec":null,"amended":"No","honor_name":"Randy “Bubba” Nelson McGhee Place","ll_num":"139","repealed":"Yes","ulurpcpnum":null,"ll_sec":"53","intro_year":"2018","lleffect_dt":"07/29/2018","borough":"Manhattan","feat_type":null},"geometry":{"type":"Point","coordinates":[-73.95202088823645,40.80873755035757]}},{"type":"Feature","properties":{"ll_type":"Honorary","intro_num":"988","ll_limits":"At the intersection of 102nd Street and Nicholls Avenue","intro_month":"6","amend_dt":null,"limits_er":null,"intro_day":"28","repeal_dt":null,"amendt_txt":null,"official_nm":"None","old_name":"None","amdyrllsec":null,"amended":"No","honor_name":"Nicholas Pennetti Way","ll_num":"139","repealed":"No","ulurpcpnum":null,"ll_sec":"50","intro_year":"2018","lleffect_dt":"07/29/2018","borough":"Queens","feat_type":null},"geometry":{"type":"Point","coordinates":[-73.86174352440881,40.74499639143338]}},{"type":"Feature","properties":{"ll_type":"Honorary","intro_num":"988","ll_limits":"At the northeast corner of 167th Street and Linden Boulevard","intro_month":"6","amend_dt":null,"limits_er":null,"intro_day":"28","repeal_dt":null,"amendt_txt":null,"official_nm":"None","old_name":"None","amdyrllsec":null,"amended":"No","honor_name":"Rev. Julius C. Carter Way","ll_num":"139","repealed":"No","ulurpcpnum":null,"ll_sec":"49","intro_year":"2018","lleffect_dt":"07/29/2018","borough":"Queens","feat_type":null},"geometry":{"type":"Point","coordinates":[-73.7824695953623,40.690326673592395]}},{"type":"Feature","properties":{"ll_type":"Honorary","intro_num":"988","ll_limits":"At the northeast corner of 167th Street and Linden Boulevard","intro_month":"6","amend_dt":null,"limits_er":null,"intro_day":"28","repeal_dt":null,"amendt_txt":null,"official_nm":"None","old_name":"None","amdyrllsec":null,"amended":"No","honor_name":"Mother Coreania H. Carter Way","ll_num":"139","repealed":"No","ulurpcpnum":null,"ll_sec":"48","intro_year":"2018","lleffect_dt":"07/29/2018","borough":"Queens","feat_type":null},"geometry":{"type":"Point","coordinates":[-73.78238015844668,40.69036388941988]}},{"type":"Feature","properties":{"ll_type":"Honorary","intro_num":"988","ll_limits":"At the southeast corner of 191st Street and Hollis Avenue","intro_month":"6","amend_dt":null,"limits_er":null,"intro_day":"28","repeal_dt":null,"amendt_txt":null,"official_nm":"None","old_name":"None","amdyrllsec":null,"amended":"No","honor_name":"Zanu G. Simpson Way","ll_num":"139","repealed":"No","ulurpcpnum":null,"ll_sec":"47","intro_year":"2018","lleffect_dt":"07/29/2018","borough":"Queens","feat_type":null},"geometry":{"type":"Point","coordinates":[-73.76719745003778,40.7093689123341]}},{"type":"Feature","properties":{"ll_type":"Honorary","intro_num":"988","ll_limits":"At the intersection of Indian Road and 218th Street","intro_month":"6","amend_dt":null,"limits_er":null,"intro_day":"28","repeal_dt":null,"amendt_txt":null,"official_nm":"None","old_name":"None","amdyrllsec":null,"amended":"No","honor_name":"John Brian Murtaugh Way","ll_num":"139","repealed":"No","ulurpcpnum":null,"ll_sec":"73","intro_year":"2018","lleffect_dt":"07/29/2018","borough":"Manhattan","feat_type":null},"geometry":{"type":"Point","coordinates":[-73.91841122728492,40.87302674458008]}},{"type":"Feature","properties":{"ll_type":"Honorary","intro_num":"988","ll_limits":"At the southeast corner of 176th Street and Broadway","intro_month":"6","amend_dt":null,"limits_er":null,"intro_day":"28","repeal_dt":null,"amendt_txt":null,"official_nm":"None","old_name":"None","amdyrllsec":null,"amended":"No","honor_name":"Rafael Corporán de los Santos Way","ll_num":"139","repealed":"No","ulurpcpnum":null,"ll_sec":"72","intro_year":"2018","lleffect_dt":"07/29/2018","borough":"Manhattan","feat_type":null},"geometry":{"type":"Point","coordinates":[-73.93806793550023,40.846856748919]}},{"type":"Feature","properties":{"ll_type":"Honorary","intro_num":"988","ll_limits":"At the northeast corner of Broadway and West 180th Street","intro_month":"6","amend_dt":null,"limits_er":null,"intro_day":"28","repeal_dt":null,"amendt_txt":null,"official_nm":"None","old_name":"None","amdyrllsec":null,"amended":"No","honor_name":"Carmen Giorgina Acosta-Cruz Way","ll_num":"139","repealed":"No","ulurpcpnum":null,"ll_sec":"71","intro_year":"2018","lleffect_dt":"07/29/2018","borough":"Manhattan","feat_type":null},"geometry":{"type":"Point","coordinates":[-73.93617894833326,40.849530384622206]}},{"type":"Feature","properties":{"ll_type":"Honorary","intro_num":"988","ll_limits":"At the north side corner of West 162nd Street and Edgecombe Avenue","intro_month":"6","amend_dt":null,"limits_er":null,"intro_day":"28","repeal_dt":null,"amendt_txt":null,"official_nm":"None","old_name":"None","amdyrllsec":null,"amended":"No","honor_name":"Pamela North Way","ll_num":"139","repealed":"No","ulurpcpnum":null,"ll_sec":"70","intro_year":"2018","lleffect_dt":"07/29/2018","borough":"Manhattan","feat_type":null},"geometry":{"type":"Point","coordinates":[-73.93782262685171,40.83504158463205]}},{"type":"Feature","properties":{"ll_type":"Honorary","intro_num":"988","ll_limits":"At the northeast corner of Carroll Place and St. Peter’s Place","intro_month":"6","amend_dt":null,"limits_er":null,"intro_day":"28","repeal_dt":null,"amendt_txt":null,"official_nm":"None","old_name":"None","amdyrllsec":null,"amended":"No","honor_name":"Monsignor James J. Dorney Way","ll_num":"139","repealed":"No","ulurpcpnum":null,"ll_sec":"75","intro_year":"2018","lleffect_dt":"07/29/2018","borough":"Staten Island","feat_type":null},"geometry":{"type":"Point","coordinates":[-74.08472694088348,40.64747589051963]}},{"type":"Feature","properties":{"ll_type":"Honorary","intro_num":"988","ll_limits":"At the southeast corner of Fairview Avenue and Knox Place","intro_month":"6","amend_dt":null,"limits_er":null,"intro_day":"28","repeal_dt":null,"amendt_txt":null,"official_nm":"None","old_name":"None","amdyrllsec":null,"amended":"No","honor_name":"Samuel A. Browne, Sr. Way","ll_num":"139","repealed":"No","ulurpcpnum":null,"ll_sec":"74","intro_year":"2018","lleffect_dt":"07/29/2018","borough":"Staten Island","feat_type":null},"geometry":{"type":"Point","coordinates":[-74.11855340840359,40.61547617379521]}},{"type":"Feature","properties":{"ll_type":"Honorary","intro_num":"988","ll_limits":"At the intersection of Southern Boulevard and Intervale Avenue","intro_month":"6","amend_dt":null,"limits_er":null,"intro_day":"28","repeal_dt":null,"amendt_txt":null,"official_nm":"None","old_name":"None","amdyrllsec":null,"amended":"No","honor_name":"Officer Thomas P. Ruotolo Corner","ll_num":"139","repealed":"No","ulurpcpnum":null,"ll_sec":"78","intro_year":"2018","lleffect_dt":"07/29/2018","borough":"Bronx","feat_type":null},"geometry":{"type":"Point","coordinates":[-73.8952239553482,40.817285015758934]}},{"type":"Feature","properties":{"ll_type":"Honorary","intro_num":"988","ll_limits":"At the northeast corner of Columbus Avenue and West 92nd Street","intro_month":"6","amend_dt":null,"limits_er":null,"intro_day":"28","repeal_dt":null,"amendt_txt":null,"official_nm":"None","old_name":"None","amdyrllsec":null,"amended":"No","honor_name":"Beulah Sanders Way","ll_num":"139","repealed":"No","ulurpcpnum":null,"ll_sec":"76","intro_year":"2018","lleffect_dt":"07/29/2018","borough":"Manhattan","feat_type":null},"geometry":{"type":"Point","coordinates":[-73.96939097592713,40.790295800949494]}},{"type":"Feature","properties":{"ll_type":"Honorary","intro_num":"988","ll_limits":"At the southeast corner of Strang Avenue and Murdock Avenue","intro_month":"6","amend_dt":null,"limits_er":null,"intro_day":"28","repeal_dt":null,"amendt_txt":null,"official_nm":"None","old_name":"None","amdyrllsec":null,"amended":"No","honor_name":"Reverend Dr. Samuel G. Simpson Way","ll_num":"139","repealed":"No","ulurpcpnum":null,"ll_sec":"94","intro_year":"2018","lleffect_dt":"07/29/2018","borough":"Bronx","feat_type":null},"geometry":{"type":"Point","coordinates":[-73.83986288357765,40.89068627966648]}},{"type":"Feature","properties":{"ll_type":"Honorary","intro_num":"988","ll_limits":"At the northeast corner of 116th Street and Lexington Avenue","intro_month":"6","amend_dt":null,"limits_er":null,"intro_day":"28","repeal_dt":null,"amendt_txt":null,"official_nm":"None","old_name":"None","amdyrllsec":null,"amended":"No","honor_name":"Vito Marcantonio Lucky Corner","ll_num":"139","repealed":"No","ulurpcpnum":null,"ll_sec":"93","intro_year":"2018","lleffect_dt":"07/29/2018","borough":"Manhattan","feat_type":null},"geometry":{"type":"Point","coordinates":[-73.94142593496619,40.79869230204043]}},{"type":"Feature","properties":{"ll_type":"Honorary","intro_num":"988","ll_limits":"At the intersection of 49th Street and 39th Avenue","intro_month":"6","amend_dt":null,"limits_er":null,"intro_day":"28","repeal_dt":null,"amendt_txt":null,"official_nm":"None","old_name":"None","amdyrllsec":null,"amended":"No","honor_name":"Alexander M. Bing Place","ll_num":"139","repealed":"No","ulurpcpnum":null,"ll_sec":"89","intro_year":"2018","lleffect_dt":"07/29/2018","borough":"Queens","feat_type":null},"geometry":{"type":"Point","coordinates":[-73.9146720566834,40.749034821871184]}},{"type":"Feature","properties":{"ll_type":"Honorary","intro_num":"988","ll_limits":"At the intersection of 44th Street and Greenpoint Avenue","intro_month":"6","amend_dt":null,"limits_er":null,"intro_day":"28","repeal_dt":null,"amendt_txt":null,"official_nm":"None","old_name":"None","amdyrllsec":null,"amended":"No","honor_name":"Murray Fox Way","ll_num":"139","repealed":"No","ulurpcpnum":null,"ll_sec":"88","intro_year":"2018","lleffect_dt":"07/29/2018","borough":"Queens","feat_type":null},"geometry":{"type":"Point","coordinates":[-73.9209575076193,40.741353147554626]}},{"type":"Feature","properties":{"ll_type":"Honorary","intro_num":"988","ll_limits":"At the triangle at Atlantic Avenue and Rockaway Boulevard","intro_month":"6","amend_dt":null,"limits_er":null,"intro_day":"28","repeal_dt":null,"amendt_txt":null,"official_nm":"None","old_name":"None","amdyrllsec":null,"amended":"No","honor_name":"Rev. Lawrence E. Lynch Memorial Triangle","ll_num":"139","repealed":"No","ulurpcpnum":null,"ll_sec":"86","intro_year":"2018","lleffect_dt":"07/29/2018","borough":"Queens","feat_type":null},"geometry":{"type":"Point","coordinates":[-73.86026473930434,40.684749701571334]}},{"type":"Feature","properties":{"ll_type":"Honorary","intro_num":"988","ll_limits":"At the intersection of Jamaica Avenue and Forest Parkway","intro_month":"6","amend_dt":null,"limits_er":null,"intro_day":"28","repeal_dt":null,"amendt_txt":null,"official_nm":"None","old_name":"None","amdyrllsec":null,"amended":"No","honor_name":"Maria Thomson Way","ll_num":"139","repealed":"No","ulurpcpnum":null,"ll_sec":"85","intro_year":"2018","lleffect_dt":"07/29/2018","borough":"Queens","feat_type":null},"geometry":{"type":"Point","coordinates":[-73.86089561576084,40.692317968587474]}},{"type":"Feature","properties":{"ll_type":"Honorary","intro_num":"988","ll_limits":"At the intersection of Ryer Avenue and East 181st Street","intro_month":"6","amend_dt":null,"limits_er":null,"intro_day":"28","repeal_dt":null,"amendt_txt":null,"official_nm":"None","old_name":"None","amdyrllsec":null,"amended":"No","honor_name":"Detective Miosotis Familia Way","ll_num":"139","repealed":"No","ulurpcpnum":null,"ll_sec":"80","intro_year":"2018","lleffect_dt":"07/29/2018","borough":"Bronx","feat_type":null},"geometry":{"type":"Point","coordinates":[-73.90025834710667,40.85429342136195]}},{"type":"Feature","properties":{"ll_type":"Honorary","intro_num":"988","ll_limits":"At the intersection of Fulton Street and Buffalo Avenue","intro_month":"6","amend_dt":null,"limits_er":null,"intro_day":"28","repeal_dt":null,"amendt_txt":null,"official_nm":"None","old_name":"None","amdyrllsec":null,"amended":"No","honor_name":"Archbishop Anthony R. Monk Sr. Way","ll_num":"139","repealed":"No","ulurpcpnum":null,"ll_sec":"79","intro_year":"2018","lleffect_dt":"07/29/2018","borough":"Brooklyn","feat_type":null},"geometry":{"type":"Point","coordinates":[-73.92460966744369,40.67903296509781]}},{"type":"Feature","properties":{"ll_type":"Honorary","intro_num":"1631","ll_limits":"At the southwest corner of East 115th Street and Pleasant Avenue","intro_month":"7","amend_dt":null,"limits_er":null,"intro_day":"23","repeal_dt":null,"amendt_txt":null,"official_nm":"None","old_name":"None","amdyrllsec":null,"amended":"No","honor_name":"Giglio Way","ll_num":"158","repealed":"No","ulurpcpnum":null,"ll_sec":"2","intro_year":"2019","lleffect_dt":"08/23/2019","borough":"Manhattan","feat_type":"Intersection name"},"geometry":{"type":"Point","coordinates":[-73.93384417100033,40.79437959430012]}},{"type":"Feature","properties":{"ll_type":"Honorary","intro_num":"1631","ll_limits":"At the northwest corner 115th Street and Park Avenue","intro_month":"7","amend_dt":null,"limits_er":null,"intro_day":"23","repeal_dt":null,"amendt_txt":null,"official_nm":"None","old_name":"None","amdyrllsec":null,"amended":"No","honor_name":"Pedro 'Pete' Velez Circle","ll_num":"158","repealed":"No","ulurpcpnum":null,"ll_sec":"3","intro_year":"2019","lleffect_dt":"08/23/2019","borough":"Manhattan","feat_type":"Intersection name"},"geometry":{"type":"Point","coordinates":[-73.94389562281019,40.79878463228833]}},{"type":"Feature","properties":{"ll_type":"Honorary","intro_num":"1631","ll_limits":"At the intersection of Linden Boulevard and Lincoln Avenue","intro_month":"7","amend_dt":null,"limits_er":null,"intro_day":"23","repeal_dt":null,"amendt_txt":null,"official_nm":"None","old_name":"None","amdyrllsec":null,"amended":"No","honor_name":"Rev. James Miller Way","ll_num":"158","repealed":"No","ulurpcpnum":null,"ll_sec":"4","intro_year":"2019","lleffect_dt":"08/23/2019","borough":"Brooklyn","feat_type":"Intersection name"},"geometry":{"type":"Point","coordinates":[-73.86553967562365,40.669067643211136]}},{"type":"Feature","properties":{"ll_type":"Honorary","intro_num":"1631","ll_limits":"At the intersection of Deserre Avenue and Woodrow Road","intro_month":"7","amend_dt":null,"limits_er":null,"intro_day":"23","repeal_dt":null,"amendt_txt":null,"official_nm":"None","old_name":"None","amdyrllsec":null,"amended":"No","honor_name":"Leif E. Eikeseth Way","ll_num":"158","repealed":"No","ulurpcpnum":null,"ll_sec":"5","intro_year":"2019","lleffect_dt":"08/23/2019","borough":"Staten Island","feat_type":"Intersection name"},"geometry":{"type":"Point","coordinates":[-74.2011419592141,40.54264522028349]}},{"type":"Feature","properties":{"ll_type":"Honorary","intro_num":"1631","ll_limits":"At the southwest corner of West 183rd Street and Grand Avenue","intro_month":"7","amend_dt":null,"limits_er":null,"intro_day":"23","repeal_dt":null,"amendt_txt":null,"official_nm":"None","old_name":"None","amdyrllsec":null,"amended":"No","honor_name":"SSG Santiago Frias Way","ll_num":"158","repealed":"No","ulurpcpnum":null,"ll_sec":"7","intro_year":"2019","lleffect_dt":"08/23/2019","borough":"Bronx","feat_type":"Intersection name"},"geometry":{"type":"Point","coordinates":[-73.90584995034583,40.85895104977593]}},{"type":"Feature","properties":{"ll_type":"Honorary","intro_num":"1631","ll_limits":"At the intersection of West 190th Street and Grand Avenue","intro_month":"7","amend_dt":null,"limits_er":null,"intro_day":"23","repeal_dt":null,"amendt_txt":null,"official_nm":"None","old_name":"None","amdyrllsec":null,"amended":"No","honor_name":"Pastor Robert Lewis Foley, Sr. Way","ll_num":"158","repealed":"No","ulurpcpnum":null,"ll_sec":"8","intro_year":"2019","lleffect_dt":"08/23/2019","borough":"Bronx","feat_type":"Intersection name"},"geometry":{"type":"Point","coordinates":[-73.90194429509589,40.86455295113682]}},{"type":"Feature","properties":{"ll_type":"Honorary","intro_num":"1631","ll_limits":"At the northeast corner of West Broadway and Lispenard Street","intro_month":"7","amend_dt":null,"limits_er":null,"intro_day":"23","repeal_dt":null,"amendt_txt":null,"official_nm":"None","old_name":"None","amdyrllsec":null,"amended":"No","honor_name":"Police Officer James D. McNaughton Way","ll_num":"158","repealed":"No","ulurpcpnum":null,"ll_sec":"9","intro_year":"2019","lleffect_dt":"08/23/2019","borough":"Manhattan","feat_type":"Intersection name"},"geometry":{"type":"Point","coordinates":[-74.00539791445924,40.7206208922332]}},{"type":"Feature","properties":{"ll_type":"Honorary","intro_num":"1631","ll_limits":"At the intersection of Mill Lane and South William Street","intro_month":"7","amend_dt":null,"limits_er":null,"intro_day":"23","repeal_dt":null,"amendt_txt":null,"official_nm":"None","old_name":"None","amdyrllsec":null,"amended":"No","honor_name":"Mill Street Synagogue/Seixas Way","ll_num":"158","repealed":"No","ulurpcpnum":null,"ll_sec":"10","intro_year":"2019","lleffect_dt":"08/23/2019","borough":"Manhattan","feat_type":"Intersection name"},"geometry":{"type":"Point","coordinates":[-74.01032697728546,40.7047627971796]}},{"type":"Feature","properties":{"ll_type":"Honorary","intro_num":"1631","ll_limits":"At the northwest corner of Van Cortlandt Park South and Hillman Avenue","intro_month":"7","amend_dt":null,"limits_er":null,"intro_day":"23","repeal_dt":null,"amendt_txt":null,"official_nm":"None","old_name":"None","amdyrllsec":null,"amended":"No","honor_name":"William J. Scribner Way","ll_num":"158","repealed":"No","ulurpcpnum":null,"ll_sec":"11","intro_year":"2019","lleffect_dt":"08/23/2019","borough":"Bronx","feat_type":"Intersection name"},"geometry":{"type":"Point","coordinates":[-73.88984701946126,40.88468574611139]}},{"type":"Feature","properties":{"ll_type":"Honorary","intro_num":"1631","ll_limits":"At the intersection of 31st Avenue and 41st Street","intro_month":"7","amend_dt":null,"limits_er":null,"intro_day":"23","repeal_dt":null,"amendt_txt":null,"official_nm":"None","old_name":"None","amdyrllsec":null,"amended":"No","honor_name":"Staff Sergeant Rocco Moretto Way","ll_num":"158","repealed":"No","ulurpcpnum":null,"ll_sec":"12","intro_year":"2019","lleffect_dt":"08/23/2019","borough":"Queens","feat_type":"Intersection name"},"geometry":{"type":"Point","coordinates":[-73.9162939534397,40.760945274964705]}},{"type":"Feature","properties":{"ll_type":"Honorary","intro_num":"1631","ll_limits":"At the intersection of Utica Avenue and Pacific Street","intro_month":"7","amend_dt":null,"limits_er":null,"intro_day":"23","repeal_dt":null,"amendt_txt":null,"official_nm":"None","old_name":"None","amdyrllsec":null,"amended":"No","honor_name":"Reverend Timothy Wright Way","ll_num":"158","repealed":"No","ulurpcpnum":null,"ll_sec":"13","intro_year":"2019","lleffect_dt":"08/23/2019","borough":"Brooklyn","feat_type":"Intersection name"},"geometry":{"type":"Point","coordinates":[-73.93039458335872,40.67659665514263]}},{"type":"Feature","properties":{"ll_type":"Honorary","intro_num":"1631","ll_limits":"At the intersection of Gold Street and York Street","intro_month":"7","amend_dt":null,"limits_er":null,"intro_day":"23","repeal_dt":"1/17/2021","amendt_txt":null,"official_nm":"None","old_name":"None","amdyrllsec":null,"amended":"No","honor_name":"Melquain Jatelle Anderson Way","ll_num":"158","repealed":"Yes","ulurpcpnum":null,"ll_sec":"16","intro_year":"2019","lleffect_dt":"08/23/2019","borough":"Brooklyn","feat_type":"Intersection name"},"geometry":{"type":"Point","coordinates":[-73.98285024813333,40.70135869681223]}},{"type":"Feature","properties":{"ll_type":"Honorary","intro_num":"1631","ll_limits":"At the intersection of Lafayette Avenue and Grand Avenue","intro_month":"7","amend_dt":null,"limits_er":null,"intro_day":"23","repeal_dt":null,"amendt_txt":null,"official_nm":"None","old_name":"None","amdyrllsec":null,"amended":"No","honor_name":"Randy Weston Way","ll_num":"158","repealed":"No","ulurpcpnum":null,"ll_sec":"17","intro_year":"2019","lleffect_dt":"08/23/2019","borough":"Brooklyn","feat_type":"Intersection name"},"geometry":{"type":"Point","coordinates":[-73.96283541215467,40.68855390526402]}},{"type":"Feature","properties":{"ll_type":"Honorary","intro_num":"1631","ll_limits":"At the intersection of Dekalb Avenue and Ryerson Street","intro_month":"7","amend_dt":null,"limits_er":null,"intro_day":"23","repeal_dt":null,"amendt_txt":null,"official_nm":"None","old_name":"None","amdyrllsec":null,"amended":"No","honor_name":"Walt Whitman Way","ll_num":"158","repealed":"No","ulurpcpnum":null,"ll_sec":"18","intro_year":"2019","lleffect_dt":"08/23/2019","borough":"Brooklyn","feat_type":"Intersection name"},"geometry":{"type":"Point","coordinates":[-73.9642624179879,40.68988896674372]}},{"type":"Feature","properties":{"ll_type":"Honorary","intro_num":"1631","ll_limits":"At the northwest corner of Surf Avenue and West 8th Street","intro_month":"7","amend_dt":null,"limits_er":null,"intro_day":"23","repeal_dt":"1/19/2020","amendt_txt":null,"official_nm":"None","old_name":"None","amdyrllsec":null,"amended":"No","honor_name":"Faizal Coto Way","ll_num":"158","repealed":"Yes","ulurpcpnum":null,"ll_sec":"20","intro_year":"2019","lleffect_dt":"08/23/2019","borough":"Brooklyn","feat_type":"Intersection name"},"geometry":{"type":"Point","coordinates":[-73.97679683557968,40.57548392962308]}},{"type":"Feature","properties":{"ll_type":"Honorary","intro_num":"1631","ll_limits":"At the southeast corner of Randall Avenue and Taylor Avenue","intro_month":"7","amend_dt":null,"limits_er":null,"intro_day":"23","repeal_dt":null,"amendt_txt":null,"official_nm":"None","old_name":"None","amdyrllsec":null,"amended":"No","honor_name":"Mario De Jesus Sr. Way","ll_num":"158","repealed":"No","ulurpcpnum":null,"ll_sec":"21","intro_year":"2019","lleffect_dt":"08/23/2019","borough":"Bronx","feat_type":"Intersection name"},"geometry":{"type":"Point","coordinates":[-73.86184938139962,40.81705376897355]}},{"type":"Feature","properties":{"ll_type":"Honorary","intro_num":"1631","ll_limits":"At the northwest corner of Northern Boulevard and 75th Street","intro_month":"7","amend_dt":null,"limits_er":null,"intro_day":"23","repeal_dt":null,"amendt_txt":null,"official_nm":"None","old_name":"None","amdyrllsec":null,"amended":"No","honor_name":"Laura Almeida Egas Corner","ll_num":"158","repealed":"No","ulurpcpnum":null,"ll_sec":"24","intro_year":"2019","lleffect_dt":"08/23/2019","borough":"Queens","feat_type":"Intersection name"},"geometry":{"type":"Point","coordinates":[-73.89200404020288,40.75499815447465]}},{"type":"Feature","properties":{"ll_type":"Honorary","intro_num":"1631","ll_limits":"At the northeast corner of 37th Avenue and 79th Street","intro_month":"7","amend_dt":null,"limits_er":null,"intro_day":"23","repeal_dt":null,"amendt_txt":null,"official_nm":"None","old_name":"None","amdyrllsec":null,"amended":"No","honor_name":"State Senator José R. Peralta Way","ll_num":"158","repealed":"No","ulurpcpnum":null,"ll_sec":"25","intro_year":"2019","lleffect_dt":"08/23/2019","borough":"Queens","feat_type":"Intersection name"},"geometry":{"type":"Point","coordinates":[-73.88701916085375,40.74955305099138]}},{"type":"Feature","properties":{"ll_type":"Honorary","intro_num":"1631","ll_limits":"At the intersection of Central Avenue and Schaefer Street","intro_month":"7","amend_dt":null,"limits_er":null,"intro_day":"23","repeal_dt":"1/19/2020","amendt_txt":null,"official_nm":"None","old_name":"None","amdyrllsec":null,"amended":"No","honor_name":"Archbishop Roy E. Brown Place","ll_num":"158","repealed":"Yes","ulurpcpnum":null,"ll_sec":"26","intro_year":"2019","lleffect_dt":"08/23/2019","borough":"Brooklyn","feat_type":"Intersection name"},"geometry":{"type":"Point","coordinates":[-73.9087274387365,40.68874719549407]}},{"type":"Feature","properties":{"ll_type":"Honorary","intro_num":"1631","ll_limits":"At the northwest corner of Ericson Place and Wellman Avenue","intro_month":"7","amend_dt":null,"limits_er":null,"intro_day":"23","repeal_dt":null,"amendt_txt":null,"official_nm":"None","old_name":"None","amdyrllsec":null,"amended":"No","honor_name":"SGM Doc Paul Golluscio","ll_num":"158","repealed":"No","ulurpcpnum":null,"ll_sec":"29","intro_year":"2019","lleffect_dt":"08/23/2019","borough":"Bronx","feat_type":"Intersection name"},"geometry":{"type":"Point","coordinates":[-73.83695071087642,40.84142385809788]}},{"type":"Feature","properties":{"ll_type":"Honorary","intro_num":"1631","ll_limits":"At the southeast corner of Seward Avenue and 235th Street","intro_month":"7","amend_dt":null,"limits_er":null,"intro_day":"23","repeal_dt":null,"amendt_txt":null,"official_nm":"None","old_name":"None","amdyrllsec":null,"amended":"No","honor_name":"Bernard M. Aquilino Place","ll_num":"158","repealed":"No","ulurpcpnum":null,"ll_sec":"31","intro_year":"2019","lleffect_dt":"08/23/2019","borough":"Queens","feat_type":"Intersection name"},"geometry":{"type":"Point","coordinates":[-73.73589645973402,40.735765331586656]}},{"type":"Feature","properties":{"ll_type":"Honorary","intro_num":"1631","ll_limits":"At the southeast corner of 61st Street and Maspeth Avenue","intro_month":"7","amend_dt":null,"limits_er":null,"intro_day":"23","repeal_dt":null,"amendt_txt":null,"official_nm":"None","old_name":"None","amdyrllsec":null,"amended":"No","honor_name":"Deacon David Ciorciari Way","ll_num":"158","repealed":"No","ulurpcpnum":null,"ll_sec":"32","intro_year":"2019","lleffect_dt":"08/23/2019","borough":"Queens","feat_type":"Intersection name"},"geometry":{"type":"Point","coordinates":[-73.9044696417722,40.72292500320111]}},{"type":"Feature","properties":{"ll_type":"Honorary","intro_num":"1631","ll_limits":"At the northwest corner of 77th Street and 62nd Avenue","intro_month":"7","amend_dt":null,"limits_er":null,"intro_day":"23","repeal_dt":null,"amendt_txt":null,"official_nm":"None","old_name":"None","amdyrllsec":null,"amended":"No","honor_name":"Lorraine Sciulli Way","ll_num":"158","repealed":"No","ulurpcpnum":null,"ll_sec":"33","intro_year":"2019","lleffect_dt":"08/23/2019","borough":"Queens","feat_type":"Intersection name"},"geometry":{"type":"Point","coordinates":[-73.88087104150495,40.72171319663028]}},{"type":"Feature","properties":{"ll_type":"Honorary","intro_num":"1631","ll_limits":"At the southwest corner of Fresh Pond Road and Catalpa Avenue","intro_month":"7","amend_dt":null,"limits_er":null,"intro_day":"23","repeal_dt":null,"amendt_txt":null,"official_nm":"None","old_name":"None","amdyrllsec":null,"amended":"No","honor_name":"Cav. Peter Cardella Way","ll_num":"158","repealed":"No","ulurpcpnum":null,"ll_sec":"34","intro_year":"2019","lleffect_dt":"08/23/2019","borough":"Queens","feat_type":"Intersection name"},"geometry":{"type":"Point","coordinates":[-73.89553050408068,40.70391754191531]}},{"type":"Feature","properties":{"ll_type":"Honorary","intro_num":"1631","ll_limits":"At the northeast corner of 82nd Street and Myrtle Avenue","intro_month":"7","amend_dt":null,"limits_er":null,"intro_day":"23","repeal_dt":null,"amendt_txt":null,"official_nm":"None","old_name":"None","amdyrllsec":null,"amended":"No","honor_name":"Jack Zwerenz Way","ll_num":"158","repealed":"No","ulurpcpnum":null,"ll_sec":"35","intro_year":"2019","lleffect_dt":"08/23/2019","borough":"Queens","feat_type":"Intersection name"},"geometry":{"type":"Point","coordinates":[-73.86645897569261,40.703206854135445]}},{"type":"Feature","properties":{"ll_type":"Honorary","intro_num":"1631","ll_limits":"At the intersection of Dyre Avenue and Light Street","intro_month":"7","amend_dt":null,"limits_er":null,"intro_day":"23","repeal_dt":null,"amendt_txt":null,"official_nm":"None","old_name":"None","amdyrllsec":null,"amended":"No","honor_name":"Jamaica Progressive League Way","ll_num":"158","repealed":"No","ulurpcpnum":null,"ll_sec":"36","intro_year":"2019","lleffect_dt":"08/23/2019","borough":"Bronx","feat_type":"Intersection name"},"geometry":{"type":"Point","coordinates":[-73.83129242904292,40.88781369548974]}},{"type":"Feature","properties":{"ll_type":"Honorary","intro_num":"1631","ll_limits":"At the southeast corner of Queens Boulevard and 71st Road","intro_month":"7","amend_dt":null,"limits_er":null,"intro_day":"23","repeal_dt":"8/23/2019","amendt_txt":null,"official_nm":"None","old_name":"None","amdyrllsec":null,"amended":"No","honor_name":"Adelaide Connaughton Way","ll_num":"158","repealed":"Yes","ulurpcpnum":null,"ll_sec":"37","intro_year":"2019","lleffect_dt":"08/23/2019","borough":"Queens","feat_type":"Intersection name"},"geometry":{"type":"Point","coordinates":[-73.84294093544052,40.7206926232582]}},{"type":"Feature","properties":{"ll_type":"Honorary","intro_num":"1631","ll_limits":"At the northwest corner of 172nd Street and 73rd Avenue","intro_month":"7","amend_dt":null,"limits_er":null,"intro_day":"23","repeal_dt":null,"amendt_txt":null,"official_nm":"None","old_name":"None","amdyrllsec":null,"amended":"No","honor_name":"ILYAU ARONOV Corner","ll_num":"158","repealed":"No","ulurpcpnum":null,"ll_sec":"38","intro_year":"2019","lleffect_dt":"08/23/2019","borough":"Queens","feat_type":"Intersection name"},"geometry":{"type":"Point","coordinates":[-73.79771904805223,40.72914267108471]}},{"type":"Feature","properties":{"ll_type":"Honorary","intro_num":"1631","ll_limits":"At the intersection of East 5th Street and Greenwood Avenue","intro_month":"7","amend_dt":null,"limits_er":null,"intro_day":"23","repeal_dt":null,"amendt_txt":null,"official_nm":"None","old_name":"None","amdyrllsec":null,"amended":"No","honor_name":"Raymond Francis Goffio Way","ll_num":"158","repealed":"No","ulurpcpnum":null,"ll_sec":"39","intro_year":"2019","lleffect_dt":"08/23/2019","borough":"Brooklyn","feat_type":"Intersection name"},"geometry":{"type":"Point","coordinates":[-73.97697553173326,40.650964178260544]}},{"type":"Feature","properties":{"ll_type":"Honorary","intro_num":"1631","ll_limits":"At the intersection of 6th Street and Prospect Park West","intro_month":"7","amend_dt":null,"limits_er":null,"intro_day":"23","repeal_dt":null,"amendt_txt":null,"official_nm":"None","old_name":"None","amdyrllsec":null,"amended":"No","honor_name":"Rose and Edward Dunn Way","ll_num":"158","repealed":"No","ulurpcpnum":null,"ll_sec":"40","intro_year":"2019","lleffect_dt":"08/23/2019","borough":"Brooklyn","feat_type":"Intersection name"},"geometry":{"type":"Point","coordinates":[-73.97533557733917,40.66641437447664]}},{"type":"Feature","properties":{"ll_type":"Honorary","intro_num":"1631","ll_limits":"At the northwest side of Atlantic Avenue and 3rd Avenue","intro_month":"7","amend_dt":null,"limits_er":null,"intro_day":"23","repeal_dt":null,"amendt_txt":null,"official_nm":"None","old_name":"None","amdyrllsec":null,"amended":"No","honor_name":"Thelma Martin Way","ll_num":"158","repealed":"No","ulurpcpnum":null,"ll_sec":"42","intro_year":"2019","lleffect_dt":"08/23/2019","borough":"Brooklyn","feat_type":"Intersection name"},"geometry":{"type":"Point","coordinates":[-73.9805300526294,40.68539053446441]}},{"type":"Feature","properties":{"ll_type":"Honorary","intro_num":"1631","ll_limits":"At the northwest corner of 101st Street and Central Park West","intro_month":"7","amend_dt":null,"limits_er":null,"intro_day":"23","repeal_dt":null,"amendt_txt":null,"official_nm":"None","old_name":"None","amdyrllsec":null,"amended":"No","honor_name":"Corine Pettey Way","ll_num":"158","repealed":"No","ulurpcpnum":null,"ll_sec":"43","intro_year":"2019","lleffect_dt":"08/23/2019","borough":"Manhattan","feat_type":"Intersection name"},"geometry":{"type":"Point","coordinates":[-73.96245596652722,40.79497188016569]}},{"type":"Feature","properties":{"ll_type":"Honorary","intro_num":"1631","ll_limits":"At the intersection of Melvin Avenue and Victory Boulevard","intro_month":"7","amend_dt":null,"limits_er":null,"intro_day":"23","repeal_dt":null,"amendt_txt":null,"official_nm":"None","old_name":"None","amdyrllsec":null,"amended":"No","honor_name":"Janice Blanchard Way","ll_num":"158","repealed":"No","ulurpcpnum":null,"ll_sec":"44","intro_year":"2019","lleffect_dt":"08/23/2019","borough":"Staten Island","feat_type":"Intersection name"},"geometry":{"type":"Point","coordinates":[-74.190845429491,40.59163428396929]}},{"type":"Feature","properties":{"ll_type":"Honorary","intro_num":"1631","ll_limits":"At the intersection of Otis Avenue and Hylan Boulevard","intro_month":"7","amend_dt":null,"limits_er":null,"intro_day":"23","repeal_dt":null,"amendt_txt":null,"official_nm":"None","old_name":"None","amdyrllsec":null,"amended":"No","honor_name":"Police Officer Rocco W. Laurie Way","ll_num":"158","repealed":"No","ulurpcpnum":null,"ll_sec":"45","intro_year":"2019","lleffect_dt":"08/23/2019","borough":"Staten Island","feat_type":"Intersection name"},"geometry":{"type":"Point","coordinates":[-74.10699163750381,40.573219884834465]}},{"type":"Feature","properties":{"ll_type":"Honorary","intro_num":"1631","ll_limits":"At the intersection of Brook Avenue and Brook Avenue","intro_month":"7","amend_dt":null,"limits_er":"Limits unclear","intro_day":"23","repeal_dt":null,"amendt_txt":null,"official_nm":"None","old_name":"None","amdyrllsec":null,"amended":"No","honor_name":"Annette M. Battista Way","ll_num":"158","repealed":"No","ulurpcpnum":null,"ll_sec":"46","intro_year":"2019","lleffect_dt":"08/23/2019","borough":"Staten Island","feat_type":"Intersection name"},"geometry":{"type":"Point","coordinates":[-74.1216415887594,40.558464467637705]}},{"type":"Feature","properties":{"ll_type":"Honorary","intro_num":"1631","ll_limits":"At the intersection of Princeton Avenue and 8th Street","intro_month":"7","amend_dt":null,"limits_er":null,"intro_day":"23","repeal_dt":null,"amendt_txt":null,"official_nm":"None","old_name":"None","amdyrllsec":null,"amended":"No","honor_name":"Lucy Ferreri Way","ll_num":"158","repealed":"No","ulurpcpnum":null,"ll_sec":"47","intro_year":"2019","lleffect_dt":"08/23/2019","borough":"Staten Island","feat_type":"Intersection name"},"geometry":{"type":"Point","coordinates":[-74.11992518417063,40.56898891426294]}},{"type":"Feature","properties":{"ll_type":"Honorary","intro_num":"1631","ll_limits":"At the intersection of Amboy Road and Amber Street","intro_month":"7","amend_dt":null,"limits_er":null,"intro_day":"23","repeal_dt":null,"amendt_txt":null,"official_nm":"None","old_name":"None","amdyrllsec":null,"amended":"No","honor_name":"John “Johnny” Grube Way","ll_num":"158","repealed":"No","ulurpcpnum":null,"ll_sec":"48","intro_year":"2019","lleffect_dt":"08/23/2019","borough":"Staten Island","feat_type":"Intersection name"},"geometry":{"type":"Point","coordinates":[-74.12714362591954,40.56757801855076]}},{"type":"Feature","properties":{"ll_type":"Honorary","intro_num":"1631","ll_limits":"At the intersection of Guyon Avenue and Pendale Street","intro_month":"7","amend_dt":null,"limits_er":null,"intro_day":"23","repeal_dt":null,"amendt_txt":null,"official_nm":"None","old_name":"None","amdyrllsec":null,"amended":"No","honor_name":"Dr. Dominick Anthony Suppo Way","ll_num":"158","repealed":"No","ulurpcpnum":null,"ll_sec":"49","intro_year":"2019","lleffect_dt":"08/23/2019","borough":"Staten Island","feat_type":"Intersection name"},"geometry":{"type":"Point","coordinates":[-74.12084283865785,40.56086599101281]}},{"type":"Feature","properties":{"ll_type":"Honorary","intro_num":"1631","ll_limits":"At the southwest corner of 225th Street and Linden Boulevard","intro_month":"7","amend_dt":null,"limits_er":"Name describes a street","intro_day":"23","repeal_dt":null,"amendt_txt":null,"official_nm":"None","old_name":"None","amdyrllsec":null,"amended":"No","honor_name":"Roxina J. “Roxie” Clayton Road","ll_num":"158","repealed":"No","ulurpcpnum":null,"ll_sec":"50","intro_year":"2019","lleffect_dt":"08/23/2019","borough":"Queens","feat_type":"Intersection name"},"geometry":{"type":"Point","coordinates":[-73.7359096309543,40.69370058414434]}},{"type":"Feature","properties":{"ll_type":"Honorary","intro_num":"1631","ll_limits":"At the northeast corner of 172nd Street and Liberty Avenue","intro_month":"7","amend_dt":null,"limits_er":null,"intro_day":"23","repeal_dt":null,"amendt_txt":null,"official_nm":"None","old_name":"None","amdyrllsec":null,"amended":"No","honor_name":"Detective Keith L. Williams Way","ll_num":"158","repealed":"No","ulurpcpnum":null,"ll_sec":"51","intro_year":"2019","lleffect_dt":"08/23/2019","borough":"Queens","feat_type":"Intersection name"},"geometry":{"type":"Point","coordinates":[-73.78597976465365,40.70418661625777]}},{"type":"Feature","properties":{"ll_type":"Honorary","intro_num":"1631","ll_limits":"At the northwest corner of 120th Avenue and 171st Street","intro_month":"7","amend_dt":null,"limits_er":null,"intro_day":"23","repeal_dt":null,"amendt_txt":null,"official_nm":"None","old_name":"None","amdyrllsec":null,"amended":"No","honor_name":"Herbert Louis Huntley Sr. Way","ll_num":"158","repealed":"No","ulurpcpnum":null,"ll_sec":"52","intro_year":"2019","lleffect_dt":"08/23/2019","borough":"Queens","feat_type":"Intersection name"},"geometry":{"type":"Point","coordinates":[-73.77434343438594,40.68330738283022]}},{"type":"Feature","properties":{"ll_type":"Honorary","intro_num":"1631","ll_limits":"At the intersection of 93rd Street and Northern Boulevard","intro_month":"7","amend_dt":null,"limits_er":null,"intro_day":"23","repeal_dt":null,"amendt_txt":null,"official_nm":"None","old_name":"None","amdyrllsec":null,"amended":"No","honor_name":"Police Officer George Scheu Way","ll_num":"158","repealed":"No","ulurpcpnum":null,"ll_sec":"53","intro_year":"2019","lleffect_dt":"08/23/2019","borough":"Queens","feat_type":"Intersection name"},"geometry":{"type":"Point","coordinates":[-73.87513874306536,40.756633815290364]}},{"type":"Feature","properties":{"ll_type":"Honorary","intro_num":"1631","ll_limits":"At the northeast corner of 95th Street and 43rd Avenue","intro_month":"7","amend_dt":null,"limits_er":null,"intro_day":"23","repeal_dt":null,"amendt_txt":null,"official_nm":"None","old_name":"None","amdyrllsec":null,"amended":"No","honor_name":"Sergeant Paul Michael Ferrara Way","ll_num":"158","repealed":"No","ulurpcpnum":null,"ll_sec":"54","intro_year":"2019","lleffect_dt":"08/23/2019","borough":"Queens","feat_type":"Intersection name"},"geometry":{"type":"Point","coordinates":[-73.86924115146036,40.74534049835009]}},{"type":"Feature","properties":{"ll_type":"Honorary","intro_num":"1631","ll_limits":"At the southeast corner of 135th Street and Malcolm X Boulevard","intro_month":"7","amend_dt":null,"limits_er":null,"intro_day":"23","repeal_dt":null,"amendt_txt":null,"official_nm":"None","old_name":"None","amdyrllsec":null,"amended":"No","honor_name":"Basil A. Paterson Way","ll_num":"158","repealed":"No","ulurpcpnum":null,"ll_sec":"57","intro_year":"2019","lleffect_dt":"08/23/2019","borough":"Manhattan","feat_type":"Intersection name"},"geometry":{"type":"Point","coordinates":[-73.94071007856346,40.81390163155511]}},{"type":"Feature","properties":{"ll_type":"Honorary","intro_num":"1631","ll_limits":"At the southwest corner of Graham Avenue and Conselyea Street","intro_month":"7","amend_dt":null,"limits_er":null,"intro_day":"23","repeal_dt":null,"amendt_txt":null,"official_nm":"None","old_name":"None","amdyrllsec":null,"amended":"No","honor_name":"Cono D’ Alto Way","ll_num":"158","repealed":"No","ulurpcpnum":null,"ll_sec":"58","intro_year":"2019","lleffect_dt":"08/23/2019","borough":"Brooklyn","feat_type":"Intersection name"},"geometry":{"type":"Point","coordinates":[-73.94435576705031,40.715162359334705]}},{"type":"Feature","properties":{"ll_type":"Honorary","intro_num":"1631","ll_limits":"At the intersection of Hooper Street and South 3rd Street","intro_month":"7","amend_dt":null,"limits_er":null,"intro_day":"23","repeal_dt":null,"amendt_txt":null,"official_nm":"None","old_name":"None","amdyrllsec":null,"amended":"No","honor_name":"Postacia Rodriguez Way","ll_num":"158","repealed":"No","ulurpcpnum":null,"ll_sec":"59","intro_year":"2019","lleffect_dt":"08/23/2019","borough":"Brooklyn","feat_type":"Intersection name"},"geometry":{"type":"Point","coordinates":[-73.95284481995795,40.70896936994057]}},{"type":"Feature","properties":{"ll_type":"Honorary","intro_num":"1631","ll_limits":"At the intersection of Deerfield Road and Beach 25th Street","intro_month":"7","amend_dt":null,"limits_er":null,"intro_day":"23","repeal_dt":null,"amendt_txt":null,"official_nm":"None","old_name":"None","amdyrllsec":null,"amended":"No","honor_name":"Barbara Smith Way","ll_num":"158","repealed":"No","ulurpcpnum":null,"ll_sec":"60","intro_year":"2019","lleffect_dt":"08/23/2019","borough":"Queens","feat_type":"Intersection name"},"geometry":{"type":"Point","coordinates":[-73.75961768796273,40.597497906794715]}},{"type":"Feature","properties":{"ll_type":"Honorary","intro_num":"1631","ll_limits":"At the intersection of 184th Street and 141st Avenue","intro_month":"7","amend_dt":null,"limits_er":null,"intro_day":"23","repeal_dt":null,"amendt_txt":null,"official_nm":"None","old_name":"None","amdyrllsec":null,"amended":"No","honor_name":"Mary G. Moore Way","ll_num":"158","repealed":"No","ulurpcpnum":null,"ll_sec":"61","intro_year":"2019","lleffect_dt":"08/23/2019","borough":"Queens","feat_type":"Intersection name"},"geometry":{"type":"Point","coordinates":[-73.75986983143572,40.670931475848484]}},{"type":"Feature","properties":{"ll_type":"Honorary","intro_num":"1631","ll_limits":"At the intersection of Beach 58th Street and Beach Channel Drive","intro_month":"7","amend_dt":null,"limits_er":null,"intro_day":"23","repeal_dt":null,"amendt_txt":null,"official_nm":"None","old_name":"None","amdyrllsec":null,"amended":"No","honor_name":"Lamine Sarr Way","ll_num":"158","repealed":"No","ulurpcpnum":null,"ll_sec":"62","intro_year":"2019","lleffect_dt":"08/23/2019","borough":"Queens","feat_type":"Intersection name"},"geometry":{"type":"Point","coordinates":[-73.78807700826735,40.594493736101676]}},{"type":"Feature","properties":{"ll_type":"Honorary","intro_num":"1631","ll_limits":"At the intersection of 181st Street and Amsterdam Avenue","intro_month":"7","amend_dt":null,"limits_er":null,"intro_day":"23","repeal_dt":null,"amendt_txt":null,"official_nm":"None","old_name":"None","amdyrllsec":null,"amended":"No","honor_name":"27 de Febrero Way","ll_num":"158","repealed":"No","ulurpcpnum":null,"ll_sec":"63","intro_year":"2019","lleffect_dt":"08/23/2019","borough":"Manhattan","feat_type":"Intersection name"},"geometry":{"type":"Point","coordinates":[-73.93088430131385,40.8481189380799]}},{"type":"Feature","properties":{"ll_type":"Honorary","intro_num":"1631","ll_limits":"At the intersection of 173rd Street and Fort Washington Avenue","intro_month":"7","amend_dt":null,"limits_er":null,"intro_day":"23","repeal_dt":null,"amendt_txt":null,"official_nm":"None","old_name":"None","amdyrllsec":null,"amended":"No","honor_name":"Guadalupe Rodriguez Way","ll_num":"158","repealed":"No","ulurpcpnum":null,"ll_sec":"64","intro_year":"2019","lleffect_dt":"08/23/2019","borough":"Manhattan","feat_type":"Intersection name"},"geometry":{"type":"Point","coordinates":[-73.9405179987791,40.84536875609849]}},{"type":"Feature","properties":{"ll_type":"Honorary","intro_num":"1631","ll_limits":"At the southwest corner of Cheshire Place and Clove Road","intro_month":"7","amend_dt":null,"limits_er":null,"intro_day":"23","repeal_dt":null,"amendt_txt":null,"official_nm":"None","old_name":"None","amdyrllsec":null,"amended":"No","honor_name":"Vinnie Hutton Harrier Fun Run Way","ll_num":"158","repealed":"No","ulurpcpnum":null,"ll_sec":"66","intro_year":"2019","lleffect_dt":"08/23/2019","borough":"Staten Island","feat_type":"Intersection name"},"geometry":{"type":"Point","coordinates":[-74.1051870976935,40.61828147365912]}},{"type":"Feature","properties":{"ll_type":"Honorary","intro_num":"1631","ll_limits":"At the southeast corner of Clinton Avenue and Cassidy Place","intro_month":"7","amend_dt":null,"limits_er":null,"intro_day":"23","repeal_dt":null,"amendt_txt":null,"official_nm":"None","old_name":"None","amdyrllsec":null,"amended":"No","honor_name":"Monsignor Vincent Bartley Way","ll_num":"158","repealed":"No","ulurpcpnum":null,"ll_sec":"67","intro_year":"2019","lleffect_dt":"08/23/2019","borough":"Staten Island","feat_type":"Intersection name"},"geometry":{"type":"Point","coordinates":[-74.09797597720738,40.64172185782772]}},{"type":"Feature","properties":{"ll_type":"Honorary","intro_num":"1631","ll_limits":"At the northeast corner of Cary Avenue and Roe Street","intro_month":"7","amend_dt":null,"limits_er":null,"intro_day":"23","repeal_dt":null,"amendt_txt":null,"official_nm":"None","old_name":"None","amdyrllsec":null,"amended":"No","honor_name":"William A. Morris, Jr. Way","ll_num":"158","repealed":"No","ulurpcpnum":null,"ll_sec":"68","intro_year":"2019","lleffect_dt":"08/23/2019","borough":"Staten Island","feat_type":"Intersection name"},"geometry":{"type":"Point","coordinates":[-74.12160614396191,40.63218169553672]}},{"type":"Feature","properties":{"ll_type":"Honorary","intro_num":"1631","ll_limits":"At the southeast corner of Forest Avenue and Oakwood Avenue","intro_month":"7","amend_dt":null,"limits_er":null,"intro_day":"23","repeal_dt":null,"amendt_txt":null,"official_nm":"None","old_name":"None","amdyrllsec":null,"amended":"No","honor_name":"Jody and Mary Haggerty Way","ll_num":"158","repealed":"No","ulurpcpnum":null,"ll_sec":"69","intro_year":"2019","lleffect_dt":"08/23/2019","borough":"Staten Island","feat_type":"Intersection name"},"geometry":{"type":"Point","coordinates":[-74.1013895055202,40.631003052863704]}},{"type":"Feature","properties":{"ll_type":"Honorary","intro_num":"1631","ll_limits":"At the southwest corner of Victory Boulevard and St. Paul’s Avenue","intro_month":"7","amend_dt":null,"limits_er":null,"intro_day":"23","repeal_dt":null,"amendt_txt":null,"official_nm":"None","old_name":"None","amdyrllsec":null,"amended":"No","honor_name":"New York Poet Laureate Audre Lorde Way","ll_num":"158","repealed":"No","ulurpcpnum":null,"ll_sec":"70","intro_year":"2019","lleffect_dt":"08/23/2019","borough":"Staten Island","feat_type":"Intersection name"},"geometry":{"type":"Point","coordinates":[-74.07813148417101,40.63802029632262]}},{"type":"Feature","properties":{"ll_type":"Honorary","intro_num":"1631","ll_limits":"At the northwest corner of Barker Street and Trinity Place","intro_month":"7","amend_dt":null,"limits_er":null,"intro_day":"23","repeal_dt":null,"amendt_txt":null,"official_nm":"None","old_name":"None","amdyrllsec":null,"amended":"No","honor_name":"Bill Hughes Way LDR Count Basie Orch","ll_num":"158","repealed":"No","ulurpcpnum":null,"ll_sec":"71","intro_year":"2019","lleffect_dt":"08/23/2019","borough":"Staten Island","feat_type":"Intersection name"},"geometry":{"type":"Point","coordinates":[-74.1217623917366,40.63734538690219]}},{"type":"Feature","properties":{"ll_type":"Honorary","intro_num":"1631","ll_limits":"At the intersection of Amsterdam Avenue and 95th Street","intro_month":"7","amend_dt":null,"limits_er":null,"intro_day":"23","repeal_dt":null,"amendt_txt":null,"official_nm":"None","old_name":"None","amdyrllsec":null,"amended":"No","honor_name":"Gary Lincoff Way","ll_num":"158","repealed":"No","ulurpcpnum":null,"ll_sec":"72","intro_year":"2019","lleffect_dt":"08/23/2019","borough":"Manhattan","feat_type":"Intersection name"},"geometry":{"type":"Point","coordinates":[-73.97085813049247,40.79338014288684]}},{"type":"Feature","properties":{"ll_type":"Honorary","intro_num":"1631","ll_limits":"At the intersection of East 149th Street and Third Avenue","intro_month":"7","amend_dt":null,"limits_er":null,"intro_day":"23","repeal_dt":null,"amendt_txt":null,"official_nm":"None","old_name":"None","amdyrllsec":null,"amended":"No","honor_name":"Robert A. Williams Way","ll_num":"158","repealed":"No","ulurpcpnum":null,"ll_sec":"73","intro_year":"2019","lleffect_dt":"08/23/2019","borough":"Bronx","feat_type":"Intersection name"},"geometry":{"type":"Point","coordinates":[-73.819987602406,40.79711860478676]}},{"type":"Feature","properties":{"ll_type":"Honorary","intro_num":"1631","ll_limits":"At the intersection of Westchester Avenue and Third Avenue","intro_month":"7","amend_dt":null,"limits_er":null,"intro_day":"23","repeal_dt":"1/19/2020","amendt_txt":null,"official_nm":"None","old_name":"None","amdyrllsec":null,"amended":"No","honor_name":"Richard Propper Way","ll_num":"158","repealed":"Yes","ulurpcpnum":null,"ll_sec":"74","intro_year":"2019","lleffect_dt":"08/23/2019","borough":"Bronx","feat_type":"Intersection name"},"geometry":{"type":"Point","coordinates":[-73.91682913214619,40.81652344405687]}},{"type":"Feature","properties":{"ll_type":"Honorary","intro_num":"1631","ll_limits":"At the intersection of East 157th Street and Morris Avenue","intro_month":"7","amend_dt":null,"limits_er":"Streets do not intersect","intro_day":"23","repeal_dt":null,"amendt_txt":null,"official_nm":"None","old_name":"None","amdyrllsec":null,"amended":"No","honor_name":"Jose Chema Soto Way","ll_num":"158","repealed":"No","ulurpcpnum":null,"ll_sec":"75","intro_year":"2019","lleffect_dt":"08/23/2019","borough":"Bronx","feat_type":"Intersection name"},"geometry":{"type":"Point","coordinates":[-73.92038676115486,40.82205850467064]}},{"type":"Feature","properties":{"ll_type":"Honorary","intro_num":"1631","ll_limits":"At the intersection of East 186th Street and Arthur Avenue","intro_month":"7","amend_dt":null,"limits_er":null,"intro_day":"23","repeal_dt":"1/19/2020","amendt_txt":null,"official_nm":"None","old_name":"None","amdyrllsec":null,"amended":"No","honor_name":"Mike Greco Way","ll_num":"158","repealed":"Yes","ulurpcpnum":null,"ll_sec":"76","intro_year":"2019","lleffect_dt":"08/23/2019","borough":"Bronx","feat_type":"Intersection name"},"geometry":{"type":"Point","coordinates":[-73.88817018600766,40.85472894498576]}},{"type":"Feature","properties":{"ll_type":"Honorary","intro_num":"1631","ll_limits":"At the intersection of West 20th Street and Mermaid Avenue","intro_month":"7","amend_dt":null,"limits_er":null,"intro_day":"23","repeal_dt":null,"amendt_txt":null,"official_nm":"None","old_name":"None","amdyrllsec":null,"amended":"No","honor_name":"Sarah Virginia Kennedy Way","ll_num":"158","repealed":"No","ulurpcpnum":null,"ll_sec":"77","intro_year":"2019","lleffect_dt":"08/23/2019","borough":"Brooklyn","feat_type":"Intersection name"},"geometry":{"type":"Point","coordinates":[-73.98689291417351,40.57639209649212]}},{"type":"Feature","properties":{"ll_type":"Honorary","intro_num":"1631","ll_limits":"At the intersection of West 17th Street and Surf Avenue","intro_month":"7","amend_dt":null,"limits_er":null,"intro_day":"23","repeal_dt":null,"amendt_txt":null,"official_nm":"None","old_name":"None","amdyrllsec":null,"amended":"No","honor_name":"Rena “Rusty” Kanokogi Way","ll_num":"158","repealed":"No","ulurpcpnum":null,"ll_sec":"78","intro_year":"2019","lleffect_dt":"08/23/2019","borough":"Brooklyn","feat_type":"Intersection name"},"geometry":{"type":"Point","coordinates":[-73.98453496774572,40.575386556965675]}},{"type":"Feature","properties":{"ll_type":"Honorary","intro_num":"1631","ll_limits":"At the intersection of 12th Street and Riegelmann Boardwalk","intro_month":"7","amend_dt":null,"limits_er":null,"intro_day":"23","repeal_dt":null,"amendt_txt":null,"official_nm":"None","old_name":"None","amdyrllsec":null,"amended":"No","honor_name":"Theodora Lula Vourderis Way","ll_num":"158","repealed":"No","ulurpcpnum":null,"ll_sec":"79","intro_year":"2019","lleffect_dt":"08/23/2019","borough":"Brooklyn","feat_type":"Intersection name"},"geometry":{"type":"Point","coordinates":[-73.97969860435887,40.57328145131686]}},{"type":"Feature","properties":{"ll_type":"Honorary","intro_num":"1631","ll_limits":"At the intersection of Utopia Parkway and 16th Avenue","intro_month":"7","amend_dt":null,"limits_er":null,"intro_day":"23","repeal_dt":null,"amendt_txt":null,"official_nm":"None","old_name":"None","amdyrllsec":null,"amended":"No","honor_name":"Madeline Sershen Way","ll_num":"158","repealed":"No","ulurpcpnum":null,"ll_sec":"82","intro_year":"2019","lleffect_dt":"08/23/2019","borough":"Queens","feat_type":"Intersection name"},"geometry":{"type":"Point","coordinates":[-73.79473401668734,40.78404918886919]}},{"type":"Feature","properties":{"ll_type":"Honorary","intro_num":"1631","ll_limits":"At the intersection of 130th Street and 23rd Avenue","intro_month":"7","amend_dt":null,"limits_er":null,"intro_day":"23","repeal_dt":null,"amendt_txt":null,"official_nm":"None","old_name":"None","amdyrllsec":null,"amended":"No","honor_name":"Joe Femenia Way","ll_num":"158","repealed":"No","ulurpcpnum":null,"ll_sec":"83","intro_year":"2019","lleffect_dt":"08/23/2019","borough":"Queens","feat_type":"Intersection name"},"geometry":{"type":"Point","coordinates":[-73.83886155809809,40.77861651726416]}},{"type":"Feature","properties":{"ll_type":"Honorary","intro_num":"1631","ll_limits":"At the northeast corner of 50th Avenue and Vernon Boulevard","intro_month":"7","amend_dt":null,"limits_er":null,"intro_day":"23","repeal_dt":null,"amendt_txt":null,"official_nm":"None","old_name":"None","amdyrllsec":null,"amended":"No","honor_name":"Frank Carrado Way","ll_num":"158","repealed":"No","ulurpcpnum":null,"ll_sec":"84","intro_year":"2019","lleffect_dt":"08/23/2019","borough":"Queens","feat_type":"Intersection name"},"geometry":{"type":"Point","coordinates":[-73.95393040970299,40.74279193774631]}},{"type":"Feature","properties":{"ll_type":"Honorary","intro_num":"1631","ll_limits":"At the northeast corner of Skillman Avenue and 46th Street","intro_month":"7","amend_dt":null,"limits_er":null,"intro_day":"23","repeal_dt":null,"amendt_txt":null,"official_nm":"None","old_name":"None","amdyrllsec":null,"amended":"No","honor_name":"Ethel Plimack Way","ll_num":"158","repealed":"No","ulurpcpnum":null,"ll_sec":"85","intro_year":"2019","lleffect_dt":"08/23/2019","borough":"Queens","feat_type":"Intersection name"},"geometry":{"type":"Point","coordinates":[-73.91788698000373,40.746658669356684]}},{"type":"Feature","properties":{"ll_type":"Honorary","intro_num":"1631","ll_limits":"At the intersection of East 183rd Street and Bathgate Avenue","intro_month":"7","amend_dt":null,"limits_er":null,"intro_day":"23","repeal_dt":null,"amendt_txt":null,"official_nm":"None","old_name":"None","amdyrllsec":null,"amended":"No","honor_name":"Lesandro Junior Guzman-Feliz","ll_num":"158","repealed":"No","ulurpcpnum":null,"ll_sec":"86","intro_year":"2019","lleffect_dt":"08/23/2019","borough":"Bronx","feat_type":"Intersection name"},"geometry":{"type":"Point","coordinates":[-73.89180093530005,40.85461101198505]}},{"type":"Feature","properties":{"ll_type":"Honorary","intro_num":"1300","ll_limits":"At the northwest corner of Broadway and Castleton Avenue","intro_month":"12","amend_dt":null,"limits_er":null,"intro_day":"20","repeal_dt":"8/23/2019","amendt_txt":null,"official_nm":"None","old_name":"None","amdyrllsec":null,"amended":"No","honor_name":"Bandleader William \"Bill\" Hughes Wal","ll_num":"024","repealed":"Yes","ulurpcpnum":null,"ll_sec":"53","intro_year":"2018","lleffect_dt":"01/20/2019","borough":"Staten Island","feat_type":"Intersection name"},"geometry":{"type":"Point","coordinates":[-74.11721846985576,40.634577695750615]}},{"type":"Feature","properties":{"ll_type":"Honorary","intro_num":"1300","ll_limits":"At the southeast corner of Victory Boulevard and St. Paul’s Avenue","intro_month":"12","amend_dt":null,"limits_er":null,"intro_day":"20","repeal_dt":"8/23/2019","amendt_txt":null,"official_nm":"None","old_name":"None","amdyrllsec":null,"amended":"No","honor_name":"New York Poet Laureate Audre Lorde Way","ll_num":"024","repealed":"Yes","ulurpcpnum":null,"ll_sec":"54","intro_year":"2018","lleffect_dt":"01/20/2019","borough":"Staten Island","feat_type":"Intersection name"},"geometry":{"type":"Point","coordinates":[-74.07813148417101,40.63802029632262]}},{"type":"Feature","properties":{"ll_type":"Honorary","intro_num":"1300","ll_limits":"At the intersection of East 183rd Street and Bathgate Avenue","intro_month":"12","amend_dt":null,"limits_er":null,"intro_day":"20","repeal_dt":"8/23/2019","amendt_txt":null,"official_nm":"None","old_name":"None","amdyrllsec":null,"amended":"No","honor_name":"Junior Feliz Way","ll_num":"024","repealed":"Yes","ulurpcpnum":null,"ll_sec":"62","intro_year":"2018","lleffect_dt":"01/20/2019","borough":"Bronx","feat_type":"Intersection name"},"geometry":{"type":"Point","coordinates":[-73.89180093530005,40.85461101198505]}},{"type":"Feature","properties":{"ll_type":"Honorary","intro_num":"1300","ll_limits":"At the intersection of South William Street and Coenties Alley","intro_month":"12","amend_dt":null,"limits_er":null,"intro_day":"20","repeal_dt":"8/23/2019","amendt_txt":null,"official_nm":"None","old_name":"None","amdyrllsec":null,"amended":"No","honor_name":"Mill Street Synagogue/Seixas Way","ll_num":"024","repealed":"Yes","ulurpcpnum":null,"ll_sec":"62","intro_year":"2018","lleffect_dt":"01/20/2019","borough":"Manhattan","feat_type":"Intersection name"},"geometry":{"type":"Point","coordinates":[-74.01083653343203,40.70447504409759]}},{"type":"Feature","properties":{"ll_type":"Honorary","intro_num":"1825","ll_limits":"At the intersection of Broadway and Linden Street","intro_month":"12","amend_dt":null,"limits_er":null,"intro_day":"19","repeal_dt":null,"amendt_txt":null,"official_nm":"None","old_name":"None","amdyrllsec":null,"amended":"No","honor_name":"Archbishop Roy E. Brown Way","ll_num":"026","repealed":"No","ulurpcpnum":null,"ll_sec":"4","intro_year":"2019","lleffect_dt":"1/19/2020","borough":"Brooklyn","feat_type":"Intersection name"},"geometry":{"type":"Point","coordinates":[-73.9228070234892,40.689923924874144]}},{"type":"Feature","properties":{"ll_type":"Honorary","intro_num":"1825","ll_limits":"At the intersection of Ramble Road and Adrienne Place","intro_month":"12","amend_dt":null,"limits_er":null,"intro_day":"19","repeal_dt":null,"amendt_txt":null,"official_nm":"None","old_name":"None","amdyrllsec":null,"amended":"No","honor_name":"Johnny Wheels Way","ll_num":"026","repealed":"No","ulurpcpnum":null,"ll_sec":"7","intro_year":"2019","lleffect_dt":"1/19/2020","borough":"Staten Island","feat_type":"Intersection name"},"geometry":{"type":"Point","coordinates":[-74.14760746032674,40.55109667313529]}},{"type":"Feature","properties":{"ll_type":"Honorary","intro_num":"1825","ll_limits":"At the southeast corner of 60th Street and Bay Parkway","intro_month":"12","amend_dt":null,"limits_er":null,"intro_day":"19","repeal_dt":null,"amendt_txt":null,"official_nm":"None","old_name":"None","amdyrllsec":null,"amended":"No","honor_name":"Bishop Kearney Way","ll_num":"026","repealed":"No","ulurpcpnum":null,"ll_sec":"9","intro_year":"2019","lleffect_dt":"1/19/2020","borough":"Brooklyn","feat_type":"Intersection name"},"geometry":{"type":"Point","coordinates":[-73.97838322989826,40.61653702428862]}},{"type":"Feature","properties":{"ll_type":"Honorary","intro_num":"1825","ll_limits":"At the northeast corner of 68th Street and Colonial Road","intro_month":"12","amend_dt":null,"limits_er":null,"intro_day":"19","repeal_dt":null,"amendt_txt":null,"official_nm":"None","old_name":"None","amdyrllsec":null,"amended":"No","honor_name":"FDNY-EMS Lt. Walter Nelson, Jr. Way","ll_num":"026","repealed":"No","ulurpcpnum":null,"ll_sec":"10","intro_year":"2019","lleffect_dt":"1/19/2020","borough":"Brooklyn","feat_type":"Intersection name"},"geometry":{"type":"Point","coordinates":[-74.0307448026643,40.63831418961746]}},{"type":"Feature","properties":{"ll_type":"Honorary","intro_num":"1825","ll_limits":"At the intersection of Bay Ridge Avenue and 12th Avenue","intro_month":"12","amend_dt":null,"limits_er":"No limits were provided","intro_day":"19","repeal_dt":null,"amendt_txt":null,"official_nm":"None","old_name":"None","amdyrllsec":null,"amended":"No","honor_name":"Aileen Hernandez Way","ll_num":"026","repealed":"No","ulurpcpnum":null,"ll_sec":"11","intro_year":"2019","lleffect_dt":"1/19/2020","borough":"Brooklyn","feat_type":"Intersection name"},"geometry":{"type":"Point","coordinates":[-74.00609560875382,40.625032909597074]}},{"type":"Feature","properties":{"ll_type":"Honorary","intro_num":"1825","ll_limits":"At the intersection of Bay Ridge Avenue and 12th Avenue","intro_month":"12","amend_dt":null,"limits_er":null,"intro_day":"19","repeal_dt":null,"amendt_txt":null,"official_nm":"None","old_name":"None","amdyrllsec":null,"amended":"No","honor_name":"Justice Arthur M. Schack Way","ll_num":"026","repealed":"No","ulurpcpnum":null,"ll_sec":"12","intro_year":"2019","lleffect_dt":"1/19/2020","borough":"Brooklyn","feat_type":"Intersection name"},"geometry":{"type":"Point","coordinates":[-74.03460061561216,40.622000738828206]}},{"type":"Feature","properties":{"ll_type":"Honorary","intro_num":"1825","ll_limits":"At the intersection of Bay Ridge Parkway and Ft. Hamilton Parkway","intro_month":"12","amend_dt":null,"limits_er":null,"intro_day":"19","repeal_dt":null,"amendt_txt":null,"official_nm":"None","old_name":"None","amdyrllsec":null,"amended":"No","honor_name":"St. Ephrem’s Way","ll_num":"026","repealed":"No","ulurpcpnum":null,"ll_sec":"13","intro_year":"2019","lleffect_dt":"1/19/2020","borough":"Brooklyn","feat_type":"Intersection name"},"geometry":{"type":"Point","coordinates":[-74.01648765877944,40.62577531318067]}},{"type":"Feature","properties":{"ll_type":"Honorary","intro_num":"1825","ll_limits":"At the intersection of 74th Street and 4th Avenue","intro_month":"12","amend_dt":null,"limits_er":null,"intro_day":"19","repeal_dt":null,"amendt_txt":null,"official_nm":"None","old_name":"None","amdyrllsec":null,"amended":"No","honor_name":"Patrolman Arthur Loewe Way","ll_num":"026","repealed":"No","ulurpcpnum":null,"ll_sec":"14","intro_year":"2019","lleffect_dt":"1/19/2020","borough":"Brooklyn","feat_type":"Intersection name"},"geometry":{"type":"Point","coordinates":[-74.02479160154806,40.63150571116211]}},{"type":"Feature","properties":{"ll_type":"Honorary","intro_num":"1825","ll_limits":"At the intersection of 81st Street and Ridge Boulevard","intro_month":"12","amend_dt":null,"limits_er":null,"intro_day":"19","repeal_dt":null,"amendt_txt":null,"official_nm":"None","old_name":"None","amdyrllsec":null,"amended":"No","honor_name":"Father Paul Schneirla Way","ll_num":"026","repealed":"No","ulurpcpnum":null,"ll_sec":"15","intro_year":"2019","lleffect_dt":"1/19/2020","borough":"Brooklyn","feat_type":"Intersection name"},"geometry":{"type":"Point","coordinates":[-74.03225653851092,40.62774029066245]}},{"type":"Feature","properties":{"ll_type":"Honorary","intro_num":"1825","ll_limits":"At the intersection of 69th Street and Shore Road","intro_month":"12","amend_dt":null,"limits_er":null,"intro_day":"19","repeal_dt":null,"amendt_txt":null,"official_nm":"None","old_name":"None","amdyrllsec":null,"amended":"No","honor_name":"Dominick Della Rocca Way","ll_num":"026","repealed":"No","ulurpcpnum":null,"ll_sec":"16","intro_year":"2019","lleffect_dt":"1/19/2020","borough":"Brooklyn","feat_type":"Intersection name"},"geometry":{"type":"Point","coordinates":[-74.0359578427095,40.63882114474714]}},{"type":"Feature","properties":{"ll_type":"Honorary","intro_num":"1825","ll_limits":"At the northwest corner of Surf Avenue and West 8th Street","intro_month":"12","amend_dt":null,"limits_er":null,"intro_day":"19","repeal_dt":null,"amendt_txt":null,"official_nm":"None","old_name":"None","amdyrllsec":null,"amended":"No","honor_name":"Firefighter Faizal Coto Way","ll_num":"026","repealed":"No","ulurpcpnum":null,"ll_sec":"18","intro_year":"2019","lleffect_dt":"1/19/2020","borough":"Brooklyn","feat_type":"Intersection name"},"geometry":{"type":"Point","coordinates":[-73.97679683557968,40.57548392962308]}},{"type":"Feature","properties":{"ll_type":"Honorary","intro_num":"1825","ll_limits":"At the intersection of Castle Hill Avenue and Quimby Avenue","intro_month":"12","amend_dt":null,"limits_er":null,"intro_day":"19","repeal_dt":null,"amendt_txt":null,"official_nm":"None","old_name":"None","amdyrllsec":null,"amended":"No","honor_name":"Emmanuel Frias Way","ll_num":"026","repealed":"No","ulurpcpnum":null,"ll_sec":"19","intro_year":"2019","lleffect_dt":"1/19/2020","borough":"Bronx","feat_type":"Intersection name"},"geometry":{"type":"Point","coordinates":[-73.84969835785074,40.82617455738723]}},{"type":"Feature","properties":{"ll_type":"Honorary","intro_num":"1825","ll_limits":"At the southwest corner of Menahan Street and Knickerbocker Avenue","intro_month":"12","amend_dt":null,"limits_er":null,"intro_day":"19","repeal_dt":null,"amendt_txt":null,"official_nm":"None","old_name":"None","amdyrllsec":null,"amended":"No","honor_name":"Detective Joseph Taylor Way","ll_num":"026","repealed":"No","ulurpcpnum":null,"ll_sec":"20","intro_year":"2019","lleffect_dt":"1/19/2020","borough":"Brooklyn","feat_type":"Intersection name"},"geometry":{"type":"Point","coordinates":[-73.91726460282034,40.69808441968132]}},{"type":"Feature","properties":{"ll_type":"Honorary","intro_num":"1825","ll_limits":"At the intersection of Parsifal Place and Ellis Place","intro_month":"12","amend_dt":null,"limits_er":null,"intro_day":"19","repeal_dt":null,"amendt_txt":null,"official_nm":"None","old_name":"None","amdyrllsec":null,"amended":"No","honor_name":"Lt. Mark W. McKay Way","ll_num":"026","repealed":"No","ulurpcpnum":null,"ll_sec":"22","intro_year":"2019","lleffect_dt":"1/19/2020","borough":"Bronx","feat_type":"Intersection name"},"geometry":{"type":"Point","coordinates":[-73.8227526736578,40.8398561392647]}},{"type":"Feature","properties":{"ll_type":"Honorary","intro_num":"1825","ll_limits":"At the intersection of 53rd Drive and 65th Place","intro_month":"12","amend_dt":null,"limits_er":null,"intro_day":"19","repeal_dt":null,"amendt_txt":null,"official_nm":"None","old_name":"None","amdyrllsec":null,"amended":"No","honor_name":"George O’Neill Way","ll_num":"026","repealed":"No","ulurpcpnum":null,"ll_sec":"24","intro_year":"2019","lleffect_dt":"1/19/2020","borough":"Queens","feat_type":"Intersection name"},"geometry":{"type":"Point","coordinates":[-73.9002379072943,40.728957898353464]}},{"type":"Feature","properties":{"ll_type":"Honorary","intro_num":"1825","ll_limits":"At the northeast corner of 64th Street and Flushing Avenue","intro_month":"12","amend_dt":null,"limits_er":null,"intro_day":"19","repeal_dt":null,"amendt_txt":null,"official_nm":"None","old_name":"None","amdyrllsec":null,"amended":"No","honor_name":"US Navy RM2/c Stanley E. Wdowiak Way","ll_num":"026","repealed":"No","ulurpcpnum":null,"ll_sec":"25","intro_year":"2019","lleffect_dt":"1/19/2020","borough":"Queens","feat_type":"Intersection name"},"geometry":{"type":"Point","coordinates":[-73.90144960275832,40.72265906048032]}},{"type":"Feature","properties":{"ll_type":"Honorary","intro_num":"1825","ll_limits":"At the northwest corner of 58th Avenue and 69th Street","intro_month":"12","amend_dt":null,"limits_er":null,"intro_day":"19","repeal_dt":null,"amendt_txt":null,"official_nm":"None","old_name":"None","amdyrllsec":null,"amended":"No","honor_name":"Ruth and John Kempisty Avenue","ll_num":"026","repealed":"No","ulurpcpnum":null,"ll_sec":"26","intro_year":"2019","lleffect_dt":"1/19/2020","borough":"Queens","feat_type":"Intersection name"},"geometry":{"type":"Point","coordinates":[-73.8946937931038,40.72463641318803]}},{"type":"Feature","properties":{"ll_type":"Honorary","intro_num":"1825","ll_limits":"At the southeast corner of Clyde Street and Yellowstone Boulevard","intro_month":"12","amend_dt":null,"limits_er":null,"intro_day":"19","repeal_dt":null,"amendt_txt":null,"official_nm":"None","old_name":"None","amdyrllsec":null,"amended":"No","honor_name":"Frank Macri Way","ll_num":"026","repealed":"No","ulurpcpnum":null,"ll_sec":"27","intro_year":"2019","lleffect_dt":"1/19/2020","borough":"Queens","feat_type":"Intersection name"},"geometry":{"type":"Point","coordinates":[-73.85426912482556,40.721600521677544]}},{"type":"Feature","properties":{"ll_type":"Honorary","intro_num":"1825","ll_limits":"At the northwest corner of Lefferts Boulevard and Austin Street","intro_month":"12","amend_dt":null,"limits_er":null,"intro_day":"19","repeal_dt":null,"amendt_txt":null,"official_nm":"None","old_name":"None","amdyrllsec":null,"amended":"No","honor_name":"Aaron Adler Way","ll_num":"026","repealed":"No","ulurpcpnum":null,"ll_sec":"28","intro_year":"2019","lleffect_dt":"1/19/2020","borough":"Queens","feat_type":"Intersection name"},"geometry":{"type":"Point","coordinates":[-73.82981926586245,40.7093667414634]}},{"type":"Feature","properties":{"ll_type":"Honorary","intro_num":"1825","ll_limits":"At the intersection of Fleet Street and Groton Street","intro_month":"12","amend_dt":null,"limits_er":null,"intro_day":"19","repeal_dt":null,"amendt_txt":null,"official_nm":"None","old_name":"None","amdyrllsec":null,"amended":"No","honor_name":"Abe Miller Way","ll_num":"026","repealed":"No","ulurpcpnum":null,"ll_sec":"29","intro_year":"2019","lleffect_dt":"1/19/2020","borough":"Queens","feat_type":"Intersection name"},"geometry":{"type":"Point","coordinates":[-73.85785840515196,40.71964462376721]}},{"type":"Feature","properties":{"ll_type":"Honorary","intro_num":"1825","ll_limits":"At the intersection of Otis Avenue and Richmond Road","intro_month":"12","amend_dt":null,"limits_er":null,"intro_day":"19","repeal_dt":null,"amendt_txt":null,"official_nm":"None","old_name":"None","amdyrllsec":null,"amended":"No","honor_name":"Frank Varriano Way","ll_num":"026","repealed":"No","ulurpcpnum":null,"ll_sec":"31","intro_year":"2019","lleffect_dt":"1/19/2020","borough":"Staten Island","feat_type":"Intersection name"},"geometry":{"type":"Point","coordinates":[-74.11702862955723,40.57820109141749]}},{"type":"Feature","properties":{"ll_type":"Honorary","intro_num":"1825","ll_limits":"At the intersection of The Boulevard and Deems Avenue","intro_month":"12","amend_dt":null,"limits_er":null,"intro_day":"19","repeal_dt":null,"amendt_txt":null,"official_nm":"None","old_name":"None","amdyrllsec":null,"amended":"No","honor_name":"FDNY Battalion Chief Robert P. Miuccio Way","ll_num":"026","repealed":"No","ulurpcpnum":null,"ll_sec":"32","intro_year":"2019","lleffect_dt":"1/19/2020","borough":"Staten Island","feat_type":"Intersection name"},"geometry":{"type":"Point","coordinates":[-74.13192282137386,40.61849171047508]}},{"type":"Feature","properties":{"ll_type":"Honorary","intro_num":"1825","ll_limits":"At the southeast corner of 198th Street and Linden Boulevard","intro_month":"12","amend_dt":null,"limits_er":null,"intro_day":"19","repeal_dt":null,"amendt_txt":null,"official_nm":"None","old_name":"None","amdyrllsec":null,"amended":"No","honor_name":"Halvor A. James Way","ll_num":"026","repealed":"No","ulurpcpnum":null,"ll_sec":"33","intro_year":"2019","lleffect_dt":"1/19/2020","borough":"Queens","feat_type":"Intersection name"},"geometry":{"type":"Point","coordinates":[-73.75410535126208,40.693823645570674]}},{"type":"Feature","properties":{"ll_type":"Honorary","intro_num":"1825","ll_limits":"At the southeast corner of West 132nd Street and Frederick Douglass Boulevard","intro_month":"12","amend_dt":null,"limits_er":null,"intro_day":"19","repeal_dt":null,"amendt_txt":null,"official_nm":"None","old_name":"None","amdyrllsec":null,"amended":"No","honor_name":"Evelyn Thomas Way","ll_num":"026","repealed":"No","ulurpcpnum":null,"ll_sec":"35","intro_year":"2019","lleffect_dt":"1/19/2020","borough":"Manhattan","feat_type":"Intersection name"},"geometry":{"type":"Point","coordinates":[-73.94776107752199,40.81458867866715]}},{"type":"Feature","properties":{"ll_type":"Honorary","intro_num":"1825","ll_limits":"At the northeast corner of 123rd Street and Frederick Douglass Boulevard","intro_month":"12","amend_dt":null,"limits_er":null,"intro_day":"19","repeal_dt":null,"amendt_txt":null,"official_nm":"None","old_name":"None","amdyrllsec":null,"amended":"No","honor_name":"Randy Nelson “Bubba” McGhee Place","ll_num":"026","repealed":"No","ulurpcpnum":null,"ll_sec":"36","intro_year":"2019","lleffect_dt":"1/19/2020","borough":"Manhattan","feat_type":"Intersection name"},"geometry":{"type":"Point","coordinates":[-73.95192576476319,40.808868507980456]}},{"type":"Feature","properties":{"ll_type":"Honorary","intro_num":"1825","ll_limits":"At the northeast corner of Marcy Avenue and Broadway","intro_month":"12","amend_dt":null,"limits_er":null,"intro_day":"19","repeal_dt":"1/17/2021","amendt_txt":null,"official_nm":"None","old_name":"None","amdyrllsec":null,"amended":"No","honor_name":"Santos “Frenchie” Ramos Way","ll_num":"026","repealed":"Yes","ulurpcpnum":null,"ll_sec":"37","intro_year":"2019","lleffect_dt":"1/19/2020","borough":"Brooklyn","feat_type":"Intersection name"},"geometry":{"type":"Point","coordinates":[-73.95776521726401,40.70847304196353]}},{"type":"Feature","properties":{"ll_type":"Honorary","intro_num":"1825","ll_limits":"At the northeast corner of Hewes Street and Marcy Avenue","intro_month":"12","amend_dt":null,"limits_er":null,"intro_day":"19","repeal_dt":null,"amendt_txt":null,"official_nm":"None","old_name":"None","amdyrllsec":null,"amended":"No","honor_name":"Sister Peggy Walsh Way","ll_num":"026","repealed":"No","ulurpcpnum":null,"ll_sec":"38","intro_year":"2019","lleffect_dt":"1/19/2020","borough":"Brooklyn","feat_type":"Intersection name"},"geometry":{"type":"Point","coordinates":[-73.95568807947612,40.70500397922048]}},{"type":"Feature","properties":{"ll_type":"Honorary","intro_num":"1825","ll_limits":"At the intersection of 233rd Street and Francis Lewis Boulevard","intro_month":"12","amend_dt":null,"limits_er":null,"intro_day":"19","repeal_dt":null,"amendt_txt":null,"official_nm":"None","old_name":"None","amdyrllsec":null,"amended":"No","honor_name":"Nzingha Abena Way","ll_num":"026","repealed":"No","ulurpcpnum":null,"ll_sec":"39","intro_year":"2019","lleffect_dt":"1/19/2020","borough":"Queens","feat_type":"Intersection name"},"geometry":{"type":"Point","coordinates":[-73.74004547932188,40.669872638797344]}},{"type":"Feature","properties":{"ll_type":"Honorary","intro_num":"1825","ll_limits":"At the intersection of 228th Street and Merrick Boulevard","intro_month":"12","amend_dt":null,"limits_er":null,"intro_day":"19","repeal_dt":null,"amendt_txt":null,"official_nm":"None","old_name":"None","amdyrllsec":null,"amended":"No","honor_name":"Carl David Richardson Foundation Way","ll_num":"026","repealed":"No","ulurpcpnum":null,"ll_sec":"40","intro_year":"2019","lleffect_dt":"1/19/2020","borough":"Queens","feat_type":"Intersection name"},"geometry":{"type":"Point","coordinates":[-73.74219951801524,40.67670390689201]}},{"type":"Feature","properties":{"ll_type":"Honorary","intro_num":"1825","ll_limits":"At the intersection of 165th Street and Audubon Avenue","intro_month":"12","amend_dt":null,"limits_er":null,"intro_day":"19","repeal_dt":null,"amendt_txt":null,"official_nm":"None","old_name":"None","amdyrllsec":null,"amended":"No","honor_name":"Carlos Alberto Martínez Way","ll_num":"026","repealed":"No","ulurpcpnum":null,"ll_sec":"41","intro_year":"2019","lleffect_dt":"1/19/2020","borough":"Manhattan","feat_type":"Intersection name"},"geometry":{"type":"Point","coordinates":[-73.93962696758629,40.8387406466661]}},{"type":"Feature","properties":{"ll_type":"Honorary","intro_num":"1825","ll_limits":"At the intersection of St. Nicholas Avenue and 165th Street","intro_month":"12","amend_dt":null,"limits_er":null,"intro_day":"19","repeal_dt":null,"amendt_txt":null,"official_nm":"None","old_name":"None","amdyrllsec":null,"amended":"No","honor_name":"Dioris Valladares Way","ll_num":"026","repealed":"No","ulurpcpnum":null,"ll_sec":"42","intro_year":"2019","lleffect_dt":"1/19/2020","borough":"Manhattan","feat_type":"Intersection name"},"geometry":{"type":"Point","coordinates":[-73.9398266789024,40.83849754570315]}},{"type":"Feature","properties":{"ll_type":"Honorary","intro_num":"1825","ll_limits":"At the intersection of Dyckman Street and Nagle Street","intro_month":"12","amend_dt":null,"limits_er":null,"intro_day":"19","repeal_dt":null,"amendt_txt":null,"official_nm":"None","old_name":"None","amdyrllsec":null,"amended":"No","honor_name":"Reginaldo Atanay Way","ll_num":"026","repealed":"No","ulurpcpnum":null,"ll_sec":"43","intro_year":"2019","lleffect_dt":"1/19/2020","borough":"Manhattan","feat_type":"Intersection name"},"geometry":{"type":"Point","coordinates":[-73.92474153399777,40.86159363803092]}},{"type":"Feature","properties":{"ll_type":"Honorary","intro_num":"1825","ll_limits":"At the intersection of 166th Street and Audubon Avenue","intro_month":"12","amend_dt":null,"limits_er":null,"intro_day":"19","repeal_dt":null,"amendt_txt":null,"official_nm":"None","old_name":"None","amdyrllsec":null,"amended":"No","honor_name":"Dr. Nasry Michelen Way","ll_num":"026","repealed":"No","ulurpcpnum":null,"ll_sec":"44","intro_year":"2019","lleffect_dt":"1/19/2020","borough":"Manhattan","feat_type":"Intersection name"},"geometry":{"type":"Point","coordinates":[-73.93923947593912,40.839295461516244]}},{"type":"Feature","properties":{"ll_type":"Honorary","intro_num":"1825","ll_limits":"At the northeast corner Vanderbilt Avenue and Roff Street","intro_month":"12","amend_dt":null,"limits_er":null,"intro_day":"19","repeal_dt":"1/17/2021","amendt_txt":null,"official_nm":"None","old_name":"None","amdyrllsec":null,"amended":"No","honor_name":"William L. Taitt Way","ll_num":"026","repealed":"Yes","ulurpcpnum":null,"ll_sec":"45","intro_year":"2019","lleffect_dt":"1/19/2020","borough":"Staten Island","feat_type":"Intersection name"},"geometry":{"type":"Point","coordinates":[-74.0833484987825,40.616267866860596]}},{"type":"Feature","properties":{"ll_type":"Honorary","intro_num":"1825","ll_limits":"At the northeast corner of Broad Street and Tompkins Avenue","intro_month":"12","amend_dt":null,"limits_er":null,"intro_day":"19","repeal_dt":null,"amendt_txt":null,"official_nm":"None","old_name":"None","amdyrllsec":null,"amended":"No","honor_name":"Taurean E. Williams-Wells Way","ll_num":"026","repealed":"No","ulurpcpnum":null,"ll_sec":"46","intro_year":"2019","lleffect_dt":"1/19/2020","borough":"Staten Island","feat_type":"Intersection name"},"geometry":{"type":"Point","coordinates":[-74.07959762706885,40.624601362858776]}},{"type":"Feature","properties":{"ll_type":"Honorary","intro_num":"1825","ll_limits":"At the intersection of East 151st Street and Third Avenue","intro_month":"12","amend_dt":null,"limits_er":null,"intro_day":"19","repeal_dt":null,"amendt_txt":null,"official_nm":"None","old_name":"None","amdyrllsec":null,"amended":"No","honor_name":"Richard Propper Way","ll_num":"026","repealed":"No","ulurpcpnum":null,"ll_sec":"47","intro_year":"2019","lleffect_dt":"1/19/2020","borough":"Bronx","feat_type":"Intersection name"},"geometry":{"type":"Point","coordinates":[-73.9159913012846,40.817211567475034]}},{"type":"Feature","properties":{"ll_type":"Honorary","intro_num":"1825","ll_limits":"At the intersection of Crotona Avenue and Grote Street","intro_month":"12","amend_dt":null,"limits_er":null,"intro_day":"19","repeal_dt":null,"amendt_txt":null,"official_nm":"None","old_name":"None","amdyrllsec":null,"amended":"No","honor_name":"Lucas Yoaldy Silverio Mendoza Way","ll_num":"026","repealed":"No","ulurpcpnum":null,"ll_sec":"48","intro_year":"2019","lleffect_dt":"1/19/2020","borough":"Bronx","feat_type":"Intersection name"},"geometry":{"type":"Point","coordinates":[-73.88545133829149,40.851040725830714]}},{"type":"Feature","properties":{"ll_type":"Honorary","intro_num":"1825","ll_limits":"At the intersection of Hughes Avenue and Crescent Avenue","intro_month":"12","amend_dt":null,"limits_er":null,"intro_day":"19","repeal_dt":null,"amendt_txt":null,"official_nm":"None","old_name":"None","amdyrllsec":null,"amended":"No","honor_name":"Mike Greco Way","ll_num":"026","repealed":"No","ulurpcpnum":null,"ll_sec":"49","intro_year":"2019","lleffect_dt":"1/19/2020","borough":"Bronx","feat_type":"Intersection name"},"geometry":{"type":"Point","coordinates":[-73.88818927813628,40.853619700826464]}},{"type":"Feature","properties":{"ll_type":"Honorary","intro_num":"1825","ll_limits":"At the intersection of Arthur Avenue and Crescent Avenue","intro_month":"12","amend_dt":null,"limits_er":null,"intro_day":"19","repeal_dt":null,"amendt_txt":null,"official_nm":"None","old_name":"None","amdyrllsec":null,"amended":"No","honor_name":"Joe Liberatore Way","ll_num":"026","repealed":"No","ulurpcpnum":null,"ll_sec":"50","intro_year":"2019","lleffect_dt":"1/19/2020","borough":"Bronx","feat_type":"Intersection name"},"geometry":{"type":"Point","coordinates":[-73.88954001872582,40.85327985970283]}},{"type":"Feature","properties":{"ll_type":"Honorary","intro_num":"1825","ll_limits":"At the northeast corner of West 19th Street and Surf Avenue","intro_month":"12","amend_dt":null,"limits_er":null,"intro_day":"19","repeal_dt":null,"amendt_txt":null,"official_nm":"None","old_name":"None","amdyrllsec":null,"amended":"No","honor_name":"Martin ‘Marty’ J. Bromberger Way","ll_num":"026","repealed":"No","ulurpcpnum":null,"ll_sec":"51","intro_year":"2019","lleffect_dt":"1/19/2020","borough":"Brooklyn","feat_type":"Intersection name"},"geometry":{"type":"Point","coordinates":[-73.98550279953578,40.57532414085793]}},{"type":"Feature","properties":{"ll_type":"Honorary","intro_num":"1825","ll_limits":"At the southeast corner of 33rd Road and 9th Street","intro_month":"12","amend_dt":null,"limits_er":null,"intro_day":"19","repeal_dt":null,"amendt_txt":null,"official_nm":"None","old_name":"None","amdyrllsec":null,"amended":"No","honor_name":"Isamu Noguchi Way","ll_num":"026","repealed":"No","ulurpcpnum":null,"ll_sec":"53","intro_year":"2019","lleffect_dt":"1/19/2020","borough":"Queens","feat_type":"Intersection name"},"geometry":{"type":"Point","coordinates":[-73.93836125965429,40.76691075480562]}},{"type":"Feature","properties":{"ll_type":"Honorary","intro_num":"1825","ll_limits":"At the northwest corner of Park Place and Broadway","intro_month":"12","amend_dt":null,"limits_er":null,"intro_day":"19","repeal_dt":null,"amendt_txt":null,"official_nm":"None","old_name":"None","amdyrllsec":null,"amended":"No","honor_name":"Jay Kriegel Way","ll_num":"026","repealed":"No","ulurpcpnum":null,"ll_sec":"54","intro_year":"2019","lleffect_dt":"1/19/2020","borough":"Manhattan","feat_type":"Intersection name"},"geometry":{"type":"Point","coordinates":[-74.00771510057183,40.71268226552596]}},{"type":"Feature","properties":{"ll_type":"Honorary","intro_num":"1825","ll_limits":"At the southeast corner of Unionport Road and East Tremont Avenue","intro_month":"12","amend_dt":null,"limits_er":null,"intro_day":"19","repeal_dt":null,"amendt_txt":null,"official_nm":"None","old_name":"None","amdyrllsec":null,"amended":"No","honor_name":"Claudette Colvin Way","ll_num":"026","repealed":"No","ulurpcpnum":null,"ll_sec":"55","intro_year":"2019","lleffect_dt":"1/19/2020","borough":"Bronx","feat_type":"Intersection name"},"geometry":{"type":"Point","coordinates":[-73.86337225042955,40.84123345108778]}},{"type":"Feature","properties":{"ll_type":"Honorary Name","intro_num":"2187","ll_limits":"At the southwest corner of 133rd Street and Liberty Avenue","intro_month":"1","amend_dt":null,"limits_er":null,"intro_day":"17","repeal_dt":null,"amendt_txt":null,"official_nm":"None","old_name":"None","amdyrllsec":null,"amended":null,"honor_name":"Pandit Ramlall Way","ll_num":"014","repealed":null,"ulurpcpnum":null,"ll_sec":"1","intro_year":"2021","lleffect_dt":"1/17/2021","borough":"Queens","feat_type":"Intersection name"},"geometry":{"type":"Point","coordinates":[-73.81356887415232,40.69109896203068]}},{"type":"Feature","properties":{"ll_type":"Honorary Name","intro_num":"2187","ll_limits":"At the southeast corner of East 100th Street and Third Avenue","intro_month":"1","amend_dt":null,"limits_er":null,"intro_day":"17","repeal_dt":null,"amendt_txt":null,"official_nm":"None","old_name":"None","amdyrllsec":null,"amended":null,"honor_name":"Coach Skip Branch Way","ll_num":"014","repealed":null,"ulurpcpnum":null,"ll_sec":"4","intro_year":"2021","lleffect_dt":"1/17/2021","borough":"Manhattan","feat_type":"Intersection name"},"geometry":{"type":"Point","coordinates":[-73.94765629011289,40.787752616440414]}},{"type":"Feature","properties":{"ll_type":"Honorary Name","intro_num":"2187","ll_limits":"At the southwest corner of East 149th Street and Jackson Avenue","intro_month":"1","amend_dt":null,"limits_er":null,"intro_day":"17","repeal_dt":null,"amendt_txt":null,"official_nm":"None","old_name":"None","amdyrllsec":null,"amended":null,"honor_name":"Lou ‘Big Lou’ Torres Way","ll_num":"014","repealed":null,"ulurpcpnum":null,"ll_sec":"5","intro_year":"2021","lleffect_dt":"1/17/2021","borough":"Bronx","feat_type":"Intersection name"},"geometry":{"type":"Point","coordinates":[-73.90922915856379,40.81312791285929]}},{"type":"Feature","properties":{"ll_type":"Honorary Name","intro_num":"2187","ll_limits":"At the southeast corner of Fifth Avenue and East 106th Street","intro_month":"1","amend_dt":null,"limits_er":null,"intro_day":"17","repeal_dt":null,"amendt_txt":null,"official_nm":"None","old_name":"None","amdyrllsec":null,"amended":null,"honor_name":"Terence Cardinal Cooke Way","ll_num":"014","repealed":null,"ulurpcpnum":null,"ll_sec":"6","intro_year":"2021","lleffect_dt":"1/17/2021","borough":"Manhattan","feat_type":"Intersection name"},"geometry":{"type":"Point","coordinates":[-73.95104781949225,40.794111118753136]}},{"type":"Feature","properties":{"ll_type":"Honorary Name","intro_num":"2187","ll_limits":"At the intersection of East 120th Street and the FDR Drive","intro_month":"1","amend_dt":null,"limits_er":null,"intro_day":"17","repeal_dt":null,"amendt_txt":null,"official_nm":"None","old_name":"None","amdyrllsec":null,"amended":null,"honor_name":"Police Officer Randolph Holder Way","ll_num":"014","repealed":null,"ulurpcpnum":null,"ll_sec":"7","intro_year":"2021","lleffect_dt":"1/17/2021","borough":"Manhattan","feat_type":"Intersection name"},"geometry":{"type":"Point","coordinates":[-73.92930361498127,40.79686298768494]}},{"type":"Feature","properties":{"ll_type":"Honorary Name","intro_num":"2187","ll_limits":"At the intersection of Eldert Lane and Linden Boulevard","intro_month":"1","amend_dt":null,"limits_er":null,"intro_day":"17","repeal_dt":null,"amendt_txt":null,"official_nm":"None","old_name":"None","amdyrllsec":null,"amended":null,"honor_name":"Akai Gurley Way","ll_num":"014","repealed":null,"ulurpcpnum":null,"ll_sec":"8","intro_year":"2021","lleffect_dt":"1/17/2021","borough":"Brooklyn","feat_type":"Intersection name"},"geometry":{"type":"Point","coordinates":[-73.86282849483258,40.66945738651843]}},{"type":"Feature","properties":{"ll_type":"Honorary Name","intro_num":"2187","ll_limits":"At the intersection of Wiman Avenue and Hylan Boulevard","intro_month":"1","amend_dt":null,"limits_er":null,"intro_day":"17","repeal_dt":null,"amendt_txt":null,"official_nm":"None","old_name":"None","amdyrllsec":null,"amended":null,"honor_name":"MaryLou Cerqua Way","ll_num":"014","repealed":null,"ulurpcpnum":null,"ll_sec":"9","intro_year":"2021","lleffect_dt":"1/17/2021","borough":"Staten Island","feat_type":"Intersection name"},"geometry":{"type":"Point","coordinates":[-74.14710311908779,40.5410124028692]}},{"type":"Feature","properties":{"ll_type":"Honorary Name","intro_num":"2187","ll_limits":"At the southwest corner of Arthur Kill Road and Miles Avenue","intro_month":"1","amend_dt":null,"limits_er":null,"intro_day":"17","repeal_dt":null,"amendt_txt":null,"official_nm":"None","old_name":"None","amdyrllsec":null,"amended":null,"honor_name":"Clifford Holtermann Way","ll_num":"014","repealed":null,"ulurpcpnum":null,"ll_sec":"10","intro_year":"2021","lleffect_dt":"1/17/2021","borough":"Staten Island","feat_type":"Intersection name"},"geometry":{"type":"Point","coordinates":[-74.15510093990132,40.5647464592585]}},{"type":"Feature","properties":{"ll_type":"Honorary Name","intro_num":"2187","ll_limits":"At the southwest corner of Arthur Kill Road and Industrial Loop West","intro_month":"1","amend_dt":null,"limits_er":null,"intro_day":"17","repeal_dt":null,"amendt_txt":null,"official_nm":"None","old_name":"None","amdyrllsec":null,"amended":null,"honor_name":"Peter Catello Way","ll_num":"014","repealed":null,"ulurpcpnum":null,"ll_sec":"11","intro_year":"2021","lleffect_dt":"1/17/2021","borough":"Staten Island","feat_type":"Intersection name"},"geometry":{"type":"Point","coordinates":[-74.22985868729688,40.54604501833208]}},{"type":"Feature","properties":{"ll_type":"Honorary Name","intro_num":"2187","ll_limits":"At the intersection of 14th Street and 86th Street","intro_month":"1","amend_dt":null,"limits_er":null,"intro_day":"17","repeal_dt":null,"amendt_txt":null,"official_nm":"None","old_name":"None","amdyrllsec":null,"amended":null,"honor_name":"Anthony M. Scarpaci Sr. Way","ll_num":"014","repealed":null,"ulurpcpnum":null,"ll_sec":"12","intro_year":"2021","lleffect_dt":"1/17/2021","borough":"Brooklyn","feat_type":"Intersection name"},"geometry":{"type":"Point","coordinates":[-74.01171201647574,40.612735043249195]}},{"type":"Feature","properties":{"ll_type":"Honorary Name","intro_num":"2187","ll_limits":"At the southwest corner of West Fordham Road and Davidson Avenue","intro_month":"1","amend_dt":null,"limits_er":null,"intro_day":"17","repeal_dt":null,"amendt_txt":null,"official_nm":"None","old_name":"None","amdyrllsec":null,"amended":null,"honor_name":"Nilda Velazquez Way","ll_num":"014","repealed":null,"ulurpcpnum":null,"ll_sec":"13","intro_year":"2021","lleffect_dt":"1/17/2021","borough":"Bronx","feat_type":"Intersection name"},"geometry":{"type":"Point","coordinates":[-73.90251704786311,40.86257696696739]}},{"type":"Feature","properties":{"ll_type":"Honorary Name","intro_num":"2187","ll_limits":"On the south side of Baxter Street and Worth Street","intro_month":"1","amend_dt":null,"limits_er":null,"intro_day":"17","repeal_dt":null,"amendt_txt":null,"official_nm":"None","old_name":"None","amdyrllsec":null,"amended":null,"honor_name":"Five Points","ll_num":"014","repealed":null,"ulurpcpnum":null,"ll_sec":"14","intro_year":"2021","lleffect_dt":"1/17/2021","borough":"Manhattan","feat_type":"Intersection name"},"geometry":{"type":"Point","coordinates":[-74.00045463073653,40.714365047775644]}},{"type":"Feature","properties":{"ll_type":"Honorary Name","intro_num":"2187","ll_limits":"At the northeast corner of 21st Street and 34th Avenue","intro_month":"1","amend_dt":null,"limits_er":null,"intro_day":"17","repeal_dt":null,"amendt_txt":null,"official_nm":"None","old_name":"None","amdyrllsec":null,"amended":null,"honor_name":"Lt. Paramedic Edith Elida Torres Way","ll_num":"014","repealed":null,"ulurpcpnum":null,"ll_sec":"16","intro_year":"2021","lleffect_dt":"1/17/2021","borough":"Queens","feat_type":"Intersection name"},"geometry":{"type":"Point","coordinates":[-73.93375882944859,40.762850885860175]}},{"type":"Feature","properties":{"ll_type":"Honorary Name","intro_num":"2187","ll_limits":"At the intersection of Gold Street and York Street","intro_month":"1","amend_dt":null,"limits_er":null,"intro_day":"17","repeal_dt":null,"amendt_txt":null,"official_nm":"None","old_name":"None","amdyrllsec":null,"amended":null,"honor_name":"Melquain Jatelle Anderson Drive","ll_num":"014","repealed":null,"ulurpcpnum":null,"ll_sec":"19","intro_year":"2021","lleffect_dt":"1/17/2021","borough":"Brooklyn","feat_type":"Intersection name"},"geometry":{"type":"Point","coordinates":[-73.98285024813333,40.70135869681223]}},{"type":"Feature","properties":{"ll_type":"Honorary Name","intro_num":"2187","ll_limits":"At the intersection of Westchester Avenue and Thieriot Avenue","intro_month":"1","amend_dt":null,"limits_er":null,"intro_day":"17","repeal_dt":null,"amendt_txt":null,"official_nm":"None","old_name":"None","amdyrllsec":null,"amended":null,"honor_name":"Joe Torres Way","ll_num":"014","repealed":null,"ulurpcpnum":null,"ll_sec":"22","intro_year":"2021","lleffect_dt":"1/17/2021","borough":"Bronx","feat_type":"Intersection name"},"geometry":{"type":"Point","coordinates":[-73.86456547216743,40.832389234914544]}},{"type":"Feature","properties":{"ll_type":"Honorary Name","intro_num":"2187","ll_limits":"At the south side of 43rd Avenue and Judge Street","intro_month":"1","amend_dt":null,"limits_er":null,"intro_day":"17","repeal_dt":null,"amendt_txt":null,"official_nm":"None","old_name":"None","amdyrllsec":null,"amended":null,"honor_name":"Janta-Połczyńska Polish Heroes Way","ll_num":"014","repealed":null,"ulurpcpnum":null,"ll_sec":"24","intro_year":"2021","lleffect_dt":"1/17/2021","borough":"Queens","feat_type":"Intersection name"},"geometry":{"type":"Point","coordinates":[-73.87675965484655,40.742645574618635]}},{"type":"Feature","properties":{"ll_type":"Honorary Name","intro_num":"2187","ll_limits":"At the intersection of Caton Avenue and Flatbush Avenue","intro_month":"1","amend_dt":null,"limits_er":null,"intro_day":"17","repeal_dt":null,"amendt_txt":null,"official_nm":"None","old_name":"None","amdyrllsec":null,"amended":null,"honor_name":"Dr. Roy Hastick Sr. Way","ll_num":"014","repealed":null,"ulurpcpnum":null,"ll_sec":"25","intro_year":"2021","lleffect_dt":"1/17/2021","borough":"Brooklyn","feat_type":"Intersection name"},"geometry":{"type":"Point","coordinates":[-73.95933827017267,40.65297573097188]}},{"type":"Feature","properties":{"ll_type":"Honorary Name","intro_num":"2187","ll_limits":"At the intersection of Macombs Road and West Mount Eden Avenue","intro_month":"1","amend_dt":null,"limits_er":null,"intro_day":"17","repeal_dt":null,"amendt_txt":null,"official_nm":"None","old_name":"None","amdyrllsec":null,"amended":null,"honor_name":"Bishop Ceacer Gooding Road","ll_num":"014","repealed":null,"ulurpcpnum":null,"ll_sec":"26","intro_year":"2021","lleffect_dt":"1/17/2021","borough":"Bronx","feat_type":"Intersection name"},"geometry":{"type":"Point","coordinates":[-73.91738806379631,40.84495725033341]}},{"type":"Feature","properties":{"ll_type":"Honorary Name","intro_num":"2187","ll_limits":"At the intersection of Macombs Road and Goble Place","intro_month":"1","amend_dt":null,"limits_er":null,"intro_day":"17","repeal_dt":null,"amendt_txt":null,"official_nm":"None","old_name":"None","amdyrllsec":null,"amended":null,"honor_name":"Naimah Bilal Way","ll_num":"014","repealed":null,"ulurpcpnum":null,"ll_sec":"27","intro_year":"2021","lleffect_dt":"1/17/2021","borough":"Bronx","feat_type":"Intersection name"},"geometry":{"type":"Point","coordinates":[-73.9174521986346,40.84417663011582]}},{"type":"Feature","properties":{"ll_type":"Honorary Name","intro_num":"2187","ll_limits":"At the southeast corner of Trinity Avenue and 161st Street","intro_month":"1","amend_dt":null,"limits_er":null,"intro_day":"17","repeal_dt":null,"amendt_txt":null,"official_nm":"None","old_name":"None","amdyrllsec":null,"amended":null,"honor_name":"Joanne Webb-Dixon Way","ll_num":"014","repealed":null,"ulurpcpnum":null,"ll_sec":"28","intro_year":"2021","lleffect_dt":"1/17/2021","borough":"Bronx","feat_type":"Intersection name"},"geometry":{"type":"Point","coordinates":[-73.90645722086659,40.82171536389438]}},{"type":"Feature","properties":{"ll_type":"Honorary Name","intro_num":"2187","ll_limits":"At the northeast corner of Park Avenue and East 156th Street","intro_month":"1","amend_dt":null,"limits_er":null,"intro_day":"17","repeal_dt":null,"amendt_txt":null,"official_nm":"None","old_name":"None","amdyrllsec":null,"amended":null,"honor_name":"Brandon Hendricks-Ellison Boulevard","ll_num":"014","repealed":null,"ulurpcpnum":null,"ll_sec":"29","intro_year":"2021","lleffect_dt":"1/17/2021","borough":"Bronx","feat_type":"Intersection name"},"geometry":{"type":"Point","coordinates":[-73.92011549167496,40.822116314426054]}},{"type":"Feature","properties":{"ll_type":"Honorary Name","intro_num":"2187","ll_limits":"At the intersection of Morris Park Avenue and Hone Avenue","intro_month":"1","amend_dt":null,"limits_er":null,"intro_day":"17","repeal_dt":null,"amendt_txt":null,"official_nm":"None","old_name":"None","amdyrllsec":null,"amended":null,"honor_name":"Daniel C. Cestaro Way","ll_num":"014","repealed":null,"ulurpcpnum":null,"ll_sec":"30","intro_year":"2021","lleffect_dt":"1/17/2021","borough":"Bronx","feat_type":"Intersection name"},"geometry":{"type":"Point","coordinates":[-73.85466226036158,40.848820755685814]}},{"type":"Feature","properties":{"ll_type":"Honorary Name","intro_num":"2187","ll_limits":"At the intersection of Morris Park Avenue and Matthews Avenue","intro_month":"1","amend_dt":null,"limits_er":null,"intro_day":"17","repeal_dt":null,"amendt_txt":null,"official_nm":"None","old_name":"None","amdyrllsec":null,"amended":null,"honor_name":"Beatrice Castiglia Catullo Way","ll_num":"014","repealed":null,"ulurpcpnum":null,"ll_sec":"31","intro_year":"2021","lleffect_dt":"1/17/2021","borough":"Bronx","feat_type":"Intersection name"},"geometry":{"type":"Point","coordinates":[-73.86170692964042,40.8461396699521]}},{"type":"Feature","properties":{"ll_type":"Honorary Name","intro_num":"2187","ll_limits":"At the intersection ofMiddletown Road and Stadium Avenue","intro_month":"1","amend_dt":null,"limits_er":null,"intro_day":"17","repeal_dt":null,"amendt_txt":null,"official_nm":"None","old_name":"None","amdyrllsec":null,"amended":null,"honor_name":"Joe DeSimone Way","ll_num":"014","repealed":null,"ulurpcpnum":null,"ll_sec":"32","intro_year":"2021","lleffect_dt":"1/17/2021","borough":"Bronx","feat_type":"Intersection name"},"geometry":{"type":"Point","coordinates":[-73.82011522477465,40.84803726221508]}},{"type":"Feature","properties":{"ll_type":"Honorary Name","intro_num":"2187","ll_limits":"At the intersection of Bayshore Avenue and Ampere Avenue","intro_month":"1","amend_dt":null,"limits_er":null,"intro_day":"17","repeal_dt":null,"amendt_txt":null,"official_nm":"None","old_name":"None","amdyrllsec":null,"amended":null,"honor_name":"Lorraine Nugent Way","ll_num":"014","repealed":null,"ulurpcpnum":null,"ll_sec":"33","intro_year":"2021","lleffect_dt":"1/17/2021","borough":"Bronx","feat_type":"Intersection name"},"geometry":{"type":"Point","coordinates":[-73.81646105988867,40.84584299195516]}},{"type":"Feature","properties":{"ll_type":"Honorary Name","intro_num":"2187","ll_limits":"At the intersection of Hillside Avenue and 239th Street","intro_month":"1","amend_dt":null,"limits_er":null,"intro_day":"17","repeal_dt":null,"amendt_txt":null,"official_nm":"None","old_name":"None","amdyrllsec":null,"amended":null,"honor_name":"5th Bombardment Squadron Memorial Way","ll_num":"014","repealed":null,"ulurpcpnum":null,"ll_sec":"34","intro_year":"2021","lleffect_dt":"1/17/2021","borough":"Queens","feat_type":"Intersection name"},"geometry":{"type":"Point","coordinates":[-73.72602947199118,40.7335263687704]}},{"type":"Feature","properties":{"ll_type":"Honorary Name","intro_num":"2187","ll_limits":"At the intersection of 83rd Street and Furmanville Avenue","intro_month":"1","amend_dt":null,"limits_er":null,"intro_day":"17","repeal_dt":null,"amendt_txt":null,"official_nm":"None","old_name":"None","amdyrllsec":null,"amended":null,"honor_name":"Council Member Thomas V. Ognibene Way","ll_num":"014","repealed":null,"ulurpcpnum":null,"ll_sec":"35","intro_year":"2021","lleffect_dt":"1/17/2021","borough":"Queens","feat_type":"Intersection name"},"geometry":{"type":"Point","coordinates":[-73.8695844904087,40.718542842801604]}},{"type":"Feature","properties":{"ll_type":"Honorary Name","intro_num":"2187","ll_limits":"At the intersection of 78th Street and 88th Avenue","intro_month":"1","amend_dt":null,"limits_er":null,"intro_day":"17","repeal_dt":null,"amendt_txt":null,"official_nm":"None","old_name":"None","amdyrllsec":null,"amended":null,"honor_name":"Neir’s Tavern Way","ll_num":"014","repealed":null,"ulurpcpnum":null,"ll_sec":"36","intro_year":"2021","lleffect_dt":"1/17/2021","borough":"Queens","feat_type":"Intersection name"},"geometry":{"type":"Point","coordinates":[-73.8633673801956,40.68979798609247]}},{"type":"Feature","properties":{"ll_type":"Honorary Name","intro_num":"2187","ll_limits":"At the southwest corner of Yellowstone Boulevard and Austin Street","intro_month":"1","amend_dt":null,"limits_er":null,"intro_day":"17","repeal_dt":null,"amendt_txt":null,"official_nm":"None","old_name":"None","amdyrllsec":null,"amended":null,"honor_name":"Detective Jeffrey A. Lee Way","ll_num":"014","repealed":null,"ulurpcpnum":null,"ll_sec":"37","intro_year":"2021","lleffect_dt":"1/17/2021","borough":"Queens","feat_type":"Intersection name"},"geometry":{"type":"Point","coordinates":[-73.8519282432871,40.72268611464587]}},{"type":"Feature","properties":{"ll_type":"Honorary Name","intro_num":"2187","ll_limits":"At the northwest corner of 108th Street and 67th Avenue","intro_month":"1","amend_dt":null,"limits_er":null,"intro_day":"17","repeal_dt":null,"amendt_txt":null,"official_nm":"None","old_name":"None","amdyrllsec":null,"amended":null,"honor_name":"Rabbi Dr. Asher Murciano Way","ll_num":"014","repealed":null,"ulurpcpnum":null,"ll_sec":"38","intro_year":"2021","lleffect_dt":"1/17/2021","borough":"Queens","feat_type":"Intersection name"},"geometry":{"type":"Point","coordinates":[-73.84765706465065,40.72883519682852]}},{"type":"Feature","properties":{"ll_type":"Honorary Name","intro_num":"2187","ll_limits":"At the intersection of DeGraw Street and Henry Street","intro_month":"1","amend_dt":null,"limits_er":null,"intro_day":"17","repeal_dt":null,"amendt_txt":null,"official_nm":"None","old_name":"None","amdyrllsec":null,"amended":null,"honor_name":"Mary Sansone Way","ll_num":"014","repealed":null,"ulurpcpnum":null,"ll_sec":"39","intro_year":"2021","lleffect_dt":"1/17/2021","borough":"Brooklyn","feat_type":"Intersection name"},"geometry":{"type":"Point","coordinates":[-73.9990839255878,40.68481661367688]}},{"type":"Feature","properties":{"ll_type":"Honorary Name","intro_num":"2187","ll_limits":"At the southeast corner of 7th Avenue and 3rd Street","intro_month":"1","amend_dt":null,"limits_er":null,"intro_day":"17","repeal_dt":null,"amendt_txt":null,"official_nm":"None","old_name":"None","amdyrllsec":null,"amended":null,"honor_name":"Joseph A. Ferris Way","ll_num":"014","repealed":null,"ulurpcpnum":null,"ll_sec":"40","intro_year":"2021","lleffect_dt":"1/17/2021","borough":"Brooklyn","feat_type":"Intersection name"},"geometry":{"type":"Point","coordinates":[-73.97850736292415,40.67038362007329]}},{"type":"Feature","properties":{"ll_type":"Honorary Name","intro_num":"2187","ll_limits":"At the northeast corner of 3rd Street and Prospect Park West","intro_month":"1","amend_dt":null,"limits_er":null,"intro_day":"17","repeal_dt":null,"amendt_txt":null,"official_nm":"None","old_name":"None","amdyrllsec":null,"amended":null,"honor_name":"Jose A. Perez Way","ll_num":"014","repealed":null,"ulurpcpnum":null,"ll_sec":"41","intro_year":"2021","lleffect_dt":"1/17/2021","borough":"Brooklyn","feat_type":"Intersection name"},"geometry":{"type":"Point","coordinates":[-73.97364277378944,40.66823636471278]}},{"type":"Feature","properties":{"ll_type":"Honorary Name","intro_num":"2187","ll_limits":"At the southwest corner of 143rd Street and Convent Avenue","intro_month":"1","amend_dt":null,"limits_er":null,"intro_day":"17","repeal_dt":null,"amendt_txt":null,"official_nm":"None","old_name":"None","amdyrllsec":null,"amended":null,"honor_name":"Cecil Corbin-Mark Way","ll_num":"014","repealed":null,"ulurpcpnum":null,"ll_sec":"45","intro_year":"2021","lleffect_dt":"1/17/2021","borough":"Manhattan","feat_type":"Intersection name"},"geometry":{"type":"Point","coordinates":[-73.94726966806981,40.8233392329848]}},{"type":"Feature","properties":{"ll_type":"Honorary Name","intro_num":"2187","ll_limits":"At the southwest corner of Avenue R and Haring Street","intro_month":"1","amend_dt":null,"limits_er":null,"intro_day":"17","repeal_dt":null,"amendt_txt":null,"official_nm":"None","old_name":"None","amdyrllsec":null,"amended":null,"honor_name":"Lewis A. Fidler Way","ll_num":"014","repealed":null,"ulurpcpnum":null,"ll_sec":"46","intro_year":"2021","lleffect_dt":"1/17/2021","borough":"Brooklyn","feat_type":"Intersection name"},"geometry":{"type":"Point","coordinates":[-73.94229319949997,40.607384172911615]}},{"type":"Feature","properties":{"ll_type":"Honorary Name","intro_num":"2187","ll_limits":"At the intersection of Cedar Grove Avenue and Milbank Avenue","intro_month":"1","amend_dt":null,"limits_er":null,"intro_day":"17","repeal_dt":null,"amendt_txt":null,"official_nm":"None","old_name":"None","amdyrllsec":null,"amended":null,"honor_name":"Mary “Mary C” Cali-Dalton Way","ll_num":"014","repealed":null,"ulurpcpnum":null,"ll_sec":"47","intro_year":"2021","lleffect_dt":"1/17/2021","borough":"Staten Island","feat_type":"Intersection name"},"geometry":{"type":"Point","coordinates":[-74.10113554856646,40.56043812804786]}},{"type":"Feature","properties":{"ll_type":"Honorary Name","intro_num":"2187","ll_limits":"At the northwest corner of 178th Place and Murdock Avenue","intro_month":"1","amend_dt":null,"limits_er":null,"intro_day":"17","repeal_dt":null,"amendt_txt":null,"official_nm":"None","old_name":"None","amdyrllsec":null,"amended":null,"honor_name":"David F. Bluford Way","ll_num":"014","repealed":null,"ulurpcpnum":null,"ll_sec":"49","intro_year":"2021","lleffect_dt":"1/17/2021","borough":"Queens","feat_type":"Intersection name"},"geometry":{"type":"Point","coordinates":[-73.77185296609723,40.69535422816349]}},{"type":"Feature","properties":{"ll_type":"Honorary Name","intro_num":"2187","ll_limits":"At the northeast corner of 98th Place and 57th Avenue","intro_month":"1","amend_dt":null,"limits_er":null,"intro_day":"17","repeal_dt":null,"amendt_txt":null,"official_nm":"None","old_name":"None","amdyrllsec":null,"amended":null,"honor_name":"Priscilla Carrow Way","ll_num":"014","repealed":null,"ulurpcpnum":null,"ll_sec":"50","intro_year":"2021","lleffect_dt":"1/17/2021","borough":"Queens","feat_type":"Intersection name"},"geometry":{"type":"Point","coordinates":[-73.86141887430878,40.73806834142505]}},{"type":"Feature","properties":{"ll_type":"Honorary Name","intro_num":"2187","ll_limits":"At the southeast corner of 94th Street and Astoria Boulevard","intro_month":"1","amend_dt":null,"limits_er":null,"intro_day":"17","repeal_dt":null,"amendt_txt":null,"official_nm":"None","old_name":"None","amdyrllsec":null,"amended":null,"honor_name":"Vera E. Thompson Way","ll_num":"014","repealed":null,"ulurpcpnum":null,"ll_sec":"52","intro_year":"2021","lleffect_dt":"1/17/2021","borough":"Queens","feat_type":"Intersection name"},"geometry":{"type":"Point","coordinates":[-73.87513449572391,40.762801812178175]}},{"type":"Feature","properties":{"ll_type":"Honorary Name","intro_num":"2187","ll_limits":"At the intersection of 140th Street and Malcolm X Boulevard","intro_month":"1","amend_dt":null,"limits_er":null,"intro_day":"17","repeal_dt":null,"amendt_txt":null,"official_nm":"None","old_name":"None","amdyrllsec":null,"amended":null,"honor_name":"Lamont “Big L” Coleman Way","ll_num":"014","repealed":null,"ulurpcpnum":null,"ll_sec":"53","intro_year":"2021","lleffect_dt":"1/17/2021","borough":"Manhattan","feat_type":"Intersection name"},"geometry":{"type":"Point","coordinates":[-73.93854242598702,40.81727348496682]}},{"type":"Feature","properties":{"ll_type":"Honorary Name","intro_num":"2187","ll_limits":"At the northeast corner of Marcy Avenue and Broadway","intro_month":"1","amend_dt":null,"limits_er":null,"intro_day":"17","repeal_dt":null,"amendt_txt":null,"official_nm":"None","old_name":"None","amdyrllsec":null,"amended":null,"honor_name":"Calle Frenchie","ll_num":"014","repealed":null,"ulurpcpnum":null,"ll_sec":"54","intro_year":"2021","lleffect_dt":"1/17/2021","borough":"Brooklyn","feat_type":"Intersection name"},"geometry":{"type":"Point","coordinates":[-73.95776521726401,40.70847304196353]}},{"type":"Feature","properties":{"ll_type":"Honorary Name","intro_num":"2187","ll_limits":"At the intersection of Beach 17th Street and Seagirt Boulevard","intro_month":"1","amend_dt":null,"limits_er":null,"intro_day":"17","repeal_dt":null,"amendt_txt":null,"official_nm":"None","old_name":"None","amdyrllsec":null,"amended":null,"honor_name":"Antoinette Ali-Sanders Way","ll_num":"014","repealed":null,"ulurpcpnum":null,"ll_sec":"55","intro_year":"2021","lleffect_dt":"1/17/2021","borough":"Queens","feat_type":"Intersection name"},"geometry":{"type":"Point","coordinates":[-73.7512506527333,40.59512714875611]}},{"type":"Feature","properties":{"ll_type":"Honorary Name","intro_num":"2187","ll_limits":"At the intersection of Hassock Street and Beach Channel Drive","intro_month":"1","amend_dt":null,"limits_er":null,"intro_day":"17","repeal_dt":null,"amendt_txt":null,"official_nm":"None","old_name":"None","amdyrllsec":null,"amended":null,"honor_name":"Chanta Howard Way","ll_num":"014","repealed":null,"ulurpcpnum":null,"ll_sec":"56","intro_year":"2021","lleffect_dt":"1/17/2021","borough":"Queens","feat_type":"Intersection name"},"geometry":{"type":"Point","coordinates":[-73.75371574395358,40.609536273822926]}},{"type":"Feature","properties":{"ll_type":"Honorary Name","intro_num":"2187","ll_limits":"At the intersection of 158th Street and 140th Avenue","intro_month":"1","amend_dt":null,"limits_er":null,"intro_day":"17","repeal_dt":null,"amendt_txt":null,"official_nm":"None","old_name":"None","amdyrllsec":null,"amended":null,"honor_name":"Benjamin Wright Way","ll_num":"014","repealed":null,"ulurpcpnum":null,"ll_sec":"57","intro_year":"2021","lleffect_dt":"1/17/2021","borough":"Queens","feat_type":"Intersection name"},"geometry":{"type":"Point","coordinates":[-73.77719823841606,40.66927067245509]}},{"type":"Feature","properties":{"ll_type":"Honorary Name","intro_num":"2187","ll_limits":"At the intersection of 232nd Street and Edgewood Avenue","intro_month":"1","amend_dt":null,"limits_er":null,"intro_day":"17","repeal_dt":null,"amendt_txt":null,"official_nm":"None","old_name":"None","amdyrllsec":null,"amended":null,"honor_name":"Jules Taylor Way","ll_num":"014","repealed":null,"ulurpcpnum":null,"ll_sec":"58","intro_year":"2021","lleffect_dt":"1/17/2021","borough":"Queens","feat_type":"Intersection name"},"geometry":{"type":"Point","coordinates":[-73.74617428712047,40.66185998445523]}},{"type":"Feature","properties":{"ll_type":"Honorary Name","intro_num":"2187","ll_limits":"At the southeast corner of East 16th Street and 3rd Avenue","intro_month":"1","amend_dt":null,"limits_er":null,"intro_day":"17","repeal_dt":null,"amendt_txt":null,"official_nm":"None","old_name":"None","amdyrllsec":null,"amended":null,"honor_name":"Harry T. Burleigh Place","ll_num":"014","repealed":null,"ulurpcpnum":null,"ll_sec":"59","intro_year":"2021","lleffect_dt":"1/17/2021","borough":"Manhattan","feat_type":"Intersection name"},"geometry":{"type":"Point","coordinates":[-73.9861163286234,40.73448522483362]}},{"type":"Feature","properties":{"ll_type":"Honorary Name","intro_num":"2187","ll_limits":"At the southwest corner of 207th Street and Post Avenue","intro_month":"1","amend_dt":null,"limits_er":null,"intro_day":"17","repeal_dt":null,"amendt_txt":null,"official_nm":"None","old_name":"None","amdyrllsec":null,"amended":null,"honor_name":"Walther Delgado Way","ll_num":"014","repealed":null,"ulurpcpnum":null,"ll_sec":"60","intro_year":"2021","lleffect_dt":"1/17/2021","borough":"Manhattan","feat_type":"Intersection name"},"geometry":{"type":"Point","coordinates":[-73.91943470634563,40.86466859292767]}},{"type":"Feature","properties":{"ll_type":"Honorary Name","intro_num":"2187","ll_limits":"At the intersection of 176th Street and Fort Washington Avenue","intro_month":"1","amend_dt":null,"limits_er":null,"intro_day":"17","repeal_dt":null,"amendt_txt":null,"official_nm":"None","old_name":"None","amdyrllsec":null,"amended":null,"honor_name":"Victor Victor Way","ll_num":"014","repealed":null,"ulurpcpnum":null,"ll_sec":"61","intro_year":"2021","lleffect_dt":"1/17/2021","borough":"Manhattan","feat_type":"Intersection name"},"geometry":{"type":"Point","coordinates":[-73.93977869285828,40.84720975353103]}},{"type":"Feature","properties":{"ll_type":"Honorary Name","intro_num":"2187","ll_limits":"At the corner of Broadway and 213th Street","intro_month":"1","amend_dt":null,"limits_er":null,"intro_day":"17","repeal_dt":null,"amendt_txt":null,"official_nm":"None","old_name":"None","amdyrllsec":null,"amended":null,"honor_name":"Miguel A. Melenciano Way","ll_num":"014","repealed":null,"ulurpcpnum":null,"ll_sec":"62","intro_year":"2021","lleffect_dt":"1/17/2021","borough":"Manhattan","feat_type":"Intersection name"},"geometry":{"type":"Point","coordinates":[-73.91731309449291,40.868854845994186]}},{"type":"Feature","properties":{"ll_type":"Honorary Name","intro_num":"2187","ll_limits":"At the southeast corner of Hyatt Place and Central Avenue","intro_month":"1","amend_dt":null,"limits_er":null,"intro_day":"17","repeal_dt":null,"amendt_txt":null,"official_nm":"None","old_name":"None","amdyrllsec":null,"amended":null,"honor_name":"Hon. Vito J. Titone Way","ll_num":"014","repealed":null,"ulurpcpnum":null,"ll_sec":"64","intro_year":"2021","lleffect_dt":"1/17/2021","borough":"Staten Island","feat_type":"Intersection name"},"geometry":{"type":"Point","coordinates":[-74.07691155304211,40.64187629139664]}},{"type":"Feature","properties":{"ll_type":"Honorary Name","intro_num":"2187","ll_limits":"At the northwest corner of Oakland Avenue and Nutly Place","intro_month":"1","amend_dt":null,"limits_er":null,"intro_day":"17","repeal_dt":null,"amendt_txt":null,"official_nm":"None","old_name":"None","amdyrllsec":null,"amended":null,"honor_name":"Coach John Tobin Corner","ll_num":"014","repealed":null,"ulurpcpnum":null,"ll_sec":"65","intro_year":"2021","lleffect_dt":"1/17/2021","borough":"Staten Island","feat_type":"Intersection name"},"geometry":{"type":"Point","coordinates":[-74.10949468959134,40.626596472718894]}},{"type":"Feature","properties":{"ll_type":"Honorary Name","intro_num":"2187","ll_limits":"At the northeast corner of Prospect Avenue and Pendleton Place","intro_month":"1","amend_dt":null,"limits_er":null,"intro_day":"17","repeal_dt":null,"amendt_txt":null,"official_nm":"None","old_name":"None","amdyrllsec":null,"amended":null,"honor_name":"Nurse Patricia Mary Farrington Way","ll_num":"014","repealed":null,"ulurpcpnum":null,"ll_sec":"66","intro_year":"2021","lleffect_dt":"1/17/2021","borough":"Staten Island","feat_type":"Intersection name"},"geometry":{"type":"Point","coordinates":[-74.09219429536829,40.63966570176336]}},{"type":"Feature","properties":{"ll_type":"Honorary Name","intro_num":"2187","ll_limits":"At the northeast corner of Jersey Street and Crescent Avenue","intro_month":"1","amend_dt":null,"limits_er":null,"intro_day":"17","repeal_dt":null,"amendt_txt":null,"official_nm":"None","old_name":"None","amdyrllsec":null,"amended":null,"honor_name":"Educator & Athlete Arnold Obey Way","ll_num":"014","repealed":null,"ulurpcpnum":null,"ll_sec":"67","intro_year":"2021","lleffect_dt":"1/17/2021","borough":"Staten Island","feat_type":"Intersection name"},"geometry":{"type":"Point","coordinates":[-74.08635787537189,40.64271461521335]}},{"type":"Feature","properties":{"ll_type":"Honorary Name","intro_num":"2187","ll_limits":"At the intersection of Avenue St. At the intersection of Avenue St.","intro_month":"1","amend_dt":null,"limits_er":null,"intro_day":"17","repeal_dt":null,"amendt_txt":null,"official_nm":"None","old_name":"None","amdyrllsec":null,"amended":null,"honor_name":"Albert “Al” Quinones Way","ll_num":"014","repealed":null,"ulurpcpnum":null,"ll_sec":"68","intro_year":"2021","lleffect_dt":"1/17/2021","borough":"Bronx","feat_type":"Intersection name"},"geometry":{"type":"Point","coordinates":[-73.90260864683823,40.815290184864736]}},{"type":"Feature","properties":{"ll_type":"Honorary Name","intro_num":"2187","ll_limits":"At the intersection of East 178th Street and Mapes Avenue","intro_month":"1","amend_dt":null,"limits_er":null,"intro_day":"17","repeal_dt":null,"amendt_txt":null,"official_nm":"None","old_name":"None","amdyrllsec":null,"amended":null,"honor_name":"Heidi Hynes Way","ll_num":"014","repealed":null,"ulurpcpnum":null,"ll_sec":"69","intro_year":"2021","lleffect_dt":"1/17/2021","borough":"Bronx","feat_type":"Intersection name"},"geometry":{"type":"Point","coordinates":[-73.88723321425088,40.84463621380206]}},{"type":"Feature","properties":{"ll_type":"Honorary Name","intro_num":"2187","ll_limits":"At the intersection of Forest Avenue and 161st Street","intro_month":"1","amend_dt":null,"limits_er":null,"intro_day":"17","repeal_dt":null,"amendt_txt":null,"official_nm":"None","old_name":"None","amdyrllsec":null,"amended":null,"honor_name":"Rev. Wendell T. Foster Way","ll_num":"014","repealed":null,"ulurpcpnum":null,"ll_sec":"70","intro_year":"2021","lleffect_dt":"1/17/2021","borough":"Bronx","feat_type":"Intersection name"},"geometry":{"type":"Point","coordinates":[-73.90489653141708,40.821370709908926]}},{"type":"Feature","properties":{"ll_type":"Honorary Name","intro_num":"2187","ll_limits":"At the intersection of East 172nd Street and Hoe Avenue","intro_month":"1","amend_dt":null,"limits_er":null,"intro_day":"17","repeal_dt":null,"amendt_txt":null,"official_nm":"None","old_name":"None","amdyrllsec":null,"amended":null,"honor_name":"Union Grove Missionary Baptist Church Way","ll_num":"014","repealed":null,"ulurpcpnum":null,"ll_sec":"71","intro_year":"2021","lleffect_dt":"1/17/2021","borough":"Bronx","feat_type":"Intersection name"},"geometry":{"type":"Point","coordinates":[-73.88880290858734,40.83373758191412]}},{"type":"Feature","properties":{"ll_type":"Honorary Name","intro_num":"2187","ll_limits":"At the intersection of Elton Avenue and East 156th Street","intro_month":"1","amend_dt":null,"limits_er":null,"intro_day":"17","repeal_dt":null,"amendt_txt":null,"official_nm":"None","old_name":"None","amdyrllsec":null,"amended":null,"honor_name":"Reverend Dr. Henry Bolden Boulevard","ll_num":"014","repealed":null,"ulurpcpnum":null,"ll_sec":"72","intro_year":"2021","lleffect_dt":"1/17/2021","borough":"Bronx","feat_type":"Intersection name"},"geometry":{"type":"Point","coordinates":[-73.91396336851788,40.82039264323161]}},{"type":"Feature","properties":{"ll_type":"Honorary Name","intro_num":"2187","ll_limits":"At the intersection of Leggett Avenue and Kelly Street","intro_month":"1","amend_dt":null,"limits_er":null,"intro_day":"17","repeal_dt":null,"amendt_txt":null,"official_nm":"None","old_name":"None","amdyrllsec":null,"amended":null,"honor_name":"Frederick ‘Fred The Godson’","ll_num":"014","repealed":null,"ulurpcpnum":null,"ll_sec":"73","intro_year":"2021","lleffect_dt":"1/17/2021","borough":"Bronx","feat_type":"Intersection name"},"geometry":{"type":"Point","coordinates":[-73.90048687244949,40.815838831910476]}},{"type":"Feature","properties":{"ll_type":"Honorary Name","intro_num":"2187","ll_limits":"At the intersection of Bronx Park South and Mohegan Avenue","intro_month":"1","amend_dt":null,"limits_er":null,"intro_day":"17","repeal_dt":null,"amendt_txt":null,"official_nm":"None","old_name":"None","amdyrllsec":null,"amended":null,"honor_name":"Pastor Marie C. Norwood Way","ll_num":"014","repealed":null,"ulurpcpnum":null,"ll_sec":"74","intro_year":"2021","lleffect_dt":"1/17/2021","borough":"Bronx","feat_type":"Intersection name"},"geometry":{"type":"Point","coordinates":[-73.88199829558256,40.847235312418675]}},{"type":"Feature","properties":{"ll_type":"Honorary Name","intro_num":"2187","ll_limits":"At the intersection of Arthur Avenue and 188th Street","intro_month":"1","amend_dt":null,"limits_er":"The limit is the same for Anne Bancroft Way","intro_day":"17","repeal_dt":null,"amendt_txt":null,"official_nm":"None","old_name":"None","amdyrllsec":null,"amended":null,"honor_name":"Carl Reiner Lane","ll_num":"014","repealed":null,"ulurpcpnum":null,"ll_sec":"75","intro_year":"2021","lleffect_dt":"1/17/2021","borough":"Bronx","feat_type":"Intersection name"},"geometry":{"type":"Point","coordinates":[-73.88681680258887,40.856433831534055]}},{"type":"Feature","properties":{"ll_type":"Honorary Name","intro_num":"2187","ll_limits":"At the intersection of Arthur Avenue and 188th Street","intro_month":"1","amend_dt":null,"limits_er":"Limit is the same as Carl Reiner Lane","intro_day":"17","repeal_dt":null,"amendt_txt":null,"official_nm":"None","old_name":"None","amdyrllsec":null,"amended":null,"honor_name":"Anne Bancroft Way","ll_num":"014","repealed":null,"ulurpcpnum":null,"ll_sec":"76","intro_year":"2021","lleffect_dt":"1/17/2021","borough":"Bronx","feat_type":"Intersection name"},"geometry":{"type":"Point","coordinates":[-73.88679794486842,40.856422863957214]}},{"type":"Feature","properties":{"ll_type":"Honorary Name","intro_num":"2187","ll_limits":"At the intersection of Arthur Avenue and 186th Street","intro_month":"1","amend_dt":null,"limits_er":null,"intro_day":"17","repeal_dt":null,"amendt_txt":null,"official_nm":"None","old_name":"None","amdyrllsec":null,"amended":null,"honor_name":"Teitel Brothers Lane","ll_num":"014","repealed":null,"ulurpcpnum":null,"ll_sec":"78","intro_year":"2021","lleffect_dt":"1/17/2021","borough":"Bronx","feat_type":"Intersection name"},"geometry":{"type":"Point","coordinates":[-73.88823687173827,40.854761526361244]}},{"type":"Feature","properties":{"ll_type":"Honorary Name","intro_num":"2187","ll_limits":"At the intersection of East 2nd Street and Avenue Z","intro_month":"1","amend_dt":null,"limits_er":null,"intro_day":"17","repeal_dt":null,"amendt_txt":null,"official_nm":"None","old_name":"None","amdyrllsec":null,"amended":null,"honor_name":"Lawrence Fisk Way","ll_num":"014","repealed":null,"ulurpcpnum":null,"ll_sec":"81","intro_year":"2021","lleffect_dt":"1/17/2021","borough":"Brooklyn","feat_type":"Intersection name"},"geometry":{"type":"Point","coordinates":[-73.96756854275318,40.58651880849274]}},{"type":"Feature","properties":{"ll_type":"Honorary Name","intro_num":"2187","ll_limits":"At the intersection of Avenue U and McDonald Avenue","intro_month":"1","amend_dt":null,"limits_er":null,"intro_day":"17","repeal_dt":null,"amendt_txt":null,"official_nm":"None","old_name":"None","amdyrllsec":null,"amended":null,"honor_name":"Carmela ‘Mrs. C’ Casamento Way","ll_num":"014","repealed":null,"ulurpcpnum":null,"ll_sec":"82","intro_year":"2021","lleffect_dt":"1/17/2021","borough":"Brooklyn","feat_type":"Intersection name"},"geometry":{"type":"Point","coordinates":[-73.97323983588109,40.59697881770343]}},{"type":"Feature","properties":{"ll_type":"Honorary Name","intro_num":"2187","ll_limits":"At the intersection of 153rd Avenue and 84th Street","intro_month":"1","amend_dt":null,"limits_er":null,"intro_day":"17","repeal_dt":null,"amendt_txt":null,"official_nm":"None","old_name":"None","amdyrllsec":null,"amended":null,"honor_name":"Glenda Cohen Street","ll_num":"014","repealed":null,"ulurpcpnum":null,"ll_sec":"83","intro_year":"2021","lleffect_dt":"1/17/2021","borough":"Queens","feat_type":"Intersection name"},"geometry":{"type":"Point","coordinates":[-73.85033762949766,40.66632219016058]}},{"type":"Feature","properties":{"ll_type":"Honorary Name","intro_num":"2187","ll_limits":"At the intersection of Clintonville Street and Locke Avenue","intro_month":"1","amend_dt":null,"limits_er":null,"intro_day":"17","repeal_dt":null,"amendt_txt":null,"official_nm":"None","old_name":"None","amdyrllsec":null,"amended":null,"honor_name":"Msgr. John C. Tosi Way","ll_num":"014","repealed":null,"ulurpcpnum":null,"ll_sec":"84","intro_year":"2021","lleffect_dt":"1/17/2021","borough":"Queens","feat_type":"Intersection name"},"geometry":{"type":"Point","coordinates":[-73.8091068298524,40.78468133632303]}},{"type":"Feature","properties":{"ll_type":"Honorary Name","intro_num":"2187","ll_limits":"At the southwest corner of 40th Street and Greenpoint Avenue","intro_month":"1","amend_dt":null,"limits_er":null,"intro_day":"17","repeal_dt":null,"amendt_txt":null,"official_nm":"None","old_name":"None","amdyrllsec":null,"amended":null,"honor_name":"Don McCallian Way","ll_num":"014","repealed":null,"ulurpcpnum":null,"ll_sec":"85","intro_year":"2021","lleffect_dt":"1/17/2021","borough":"Queens","feat_type":"Intersection name"},"geometry":{"type":"Point","coordinates":[-73.9252497570871,40.739355772765954]}},{"type":"Feature","properties":{"ll_type":"Honorary Name","intro_num":"2187","ll_limits":"At the northwest corner of 35th Avenue and 36th Street","intro_month":"1","amend_dt":null,"limits_er":null,"intro_day":"17","repeal_dt":null,"amendt_txt":null,"official_nm":"None","old_name":"None","amdyrllsec":null,"amended":null,"honor_name":"George S. Kaufman Way","ll_num":"014","repealed":null,"ulurpcpnum":null,"ll_sec":"86","intro_year":"2021","lleffect_dt":"1/17/2021","borough":"Queens","feat_type":"Intersection name"},"geometry":{"type":"Point","coordinates":[-73.92450425224595,40.75625516552633]}},{"type":"Feature","properties":{"ll_type":"Honorary Name","intro_num":"2187","ll_limits":"At the southwest corner of 50th Avenue and Vernon Boulevard","intro_month":"1","amend_dt":null,"limits_er":null,"intro_day":"17","repeal_dt":null,"amendt_txt":null,"official_nm":"None","old_name":"None","amdyrllsec":null,"amended":null,"honor_name":"Luis Alvarez Way","ll_num":"014","repealed":null,"ulurpcpnum":null,"ll_sec":"87","intro_year":"2021","lleffect_dt":"1/17/2021","borough":"Queens","feat_type":"Intersection name"},"geometry":{"type":"Point","coordinates":[-73.95426363311667,40.74268297052842]}},{"type":"Feature","properties":{"ll_type":"Honorary Name","intro_num":"2187","ll_limits":"At the southeast corner of 49th Street and 43rd Avenue","intro_month":"1","amend_dt":null,"limits_er":null,"intro_day":"17","repeal_dt":null,"amendt_txt":null,"official_nm":"None","old_name":"None","amdyrllsec":null,"amended":null,"honor_name":"Tarlach Mac Niallais Way","ll_num":"014","repealed":null,"ulurpcpnum":null,"ll_sec":"88","intro_year":"2021","lleffect_dt":"1/17/2021","borough":"Queens","feat_type":"Intersection name"},"geometry":{"type":"Point","coordinates":[-73.91548023493523,40.74447091534064]}},{"type":"Feature","properties":{"ll_type":"Honorary Name","intro_num":"2187","ll_limits":"At the northeast corner of Vanderbilt Avenue and Roff Street","intro_month":"1","amend_dt":null,"limits_er":null,"intro_day":"17","repeal_dt":null,"amendt_txt":null,"official_nm":"None","old_name":"None","amdyrllsec":null,"amended":null,"honor_name":"Community Leader William L. Taitt Way","ll_num":"014","repealed":null,"ulurpcpnum":null,"ll_sec":"90","intro_year":"2021","lleffect_dt":"1/17/2021","borough":"Staten Island","feat_type":"Intersection name"},"geometry":{"type":"Point","coordinates":[-74.0830612635288,40.616213061927795]}},{"type":"Feature","properties":{"ll_type":"Honorary Name","intro_num":"2187","ll_limits":"At the intersection of Grand Concourse and West Fordham Road","intro_month":"1","amend_dt":null,"limits_er":null,"intro_day":"17","repeal_dt":null,"amendt_txt":null,"official_nm":"None","old_name":"None","amdyrllsec":null,"amended":null,"honor_name":"Big Punisher Way","ll_num":"014","repealed":null,"ulurpcpnum":null,"ll_sec":"91","intro_year":"2021","lleffect_dt":"1/17/2021","borough":"Bronx","feat_type":"Intersection name"},"geometry":{"type":"Point","coordinates":[-73.90331845372546,40.8627352828914]}},{"type":"Feature","properties":{"ll_type":"Honorary Name","intro_num":"2187","ll_limits":"At the intersection of 43rd Street and 25th Avenue","intro_month":"1","amend_dt":null,"limits_er":null,"intro_day":"17","repeal_dt":null,"amendt_txt":null,"official_nm":"None","old_name":"None","amdyrllsec":null,"amended":null,"honor_name":"Pfc. Luke N. Gasparre Way","ll_num":"014","repealed":null,"ulurpcpnum":null,"ll_sec":"92","intro_year":"2021","lleffect_dt":"1/17/2021","borough":"Queens","feat_type":"Intersection name"},"geometry":{"type":"Point","coordinates":[-73.90929033015216,40.76682797684663]}},{"type":"Feature","properties":{"ll_type":null,"intro_num":"1278","ll_limits":"At the intersection of Beach 74th Street and Rockaway Beach Boulevard","intro_month":"12","amend_dt":null,"limits_er":null,"intro_day":"20","repeal_dt":null,"amendt_txt":null,"official_nm":"St. John Baptist Church Place","old_name":null,"amdyrllsec":null,"amended":null,"honor_name":"St. John Baptist Church Place","ll_num":null,"repealed":null,"ulurpcpnum":null,"ll_sec":"1","intro_year":"2023","lleffect_dt":"12/20/23","borough":"Queens","feat_type":null},"geometry":{"type":"Point","coordinates":[-73.80203748243257,40.58884349823098]}},{"type":"Feature","properties":{"ll_type":null,"intro_num":null,"ll_limits":"At the intersection of Forest Park Drive and Woodhaven Boulevard","intro_month":"0","amend_dt":null,"limits_er":null,"intro_day":"0","repeal_dt":null,"amendt_txt":null,"official_nm":"Forest Park Carousel Way","old_name":null,"amdyrllsec":null,"amended":null,"honor_name":"Forest Park Carousel Way","ll_num":"1278","repealed":null,"ulurpcpnum":null,"ll_sec":"0","intro_year":"2023","lleffect_dt":null,"borough":null,"feat_type":null},"geometry":{"type":"Point","coordinates":[-73.85457436317718,40.70061124392268]}},{"type":"Feature","properties":{"ll_type":null,"intro_num":"1278","ll_limits":"At the intersection of Beach 128th Street and Cronston Avenue","intro_month":"0","amend_dt":null,"limits_er":null,"intro_day":"0","repeal_dt":null,"amendt_txt":null,"official_nm":"Detective Maureen O’Flaherty Way","old_name":"Detective Maureen O’Flaherty Way","amdyrllsec":null,"amended":null,"honor_name":null,"ll_num":null,"repealed":null,"ulurpcpnum":null,"ll_sec":"0","intro_year":"2023","lleffect_dt":null,"borough":null,"feat_type":null},"geometry":{"type":"Point","coordinates":[-73.84928917122365,40.57999283314409]}},{"type":"Feature","properties":{"ll_type":null,"intro_num":"1278","ll_limits":"At the intersection of Atlantic Avenue and Woodhaven Boulevard","intro_month":"0","amend_dt":null,"limits_er":null,"intro_day":"0","repeal_dt":null,"amendt_txt":null,"official_nm":"Crossing Guard Krystyna Naprawa Lane","old_name":null,"amdyrllsec":null,"amended":null,"honor_name":"Crossing Guard Krystyna Naprawa Lane","ll_num":null,"repealed":null,"ulurpcpnum":null,"ll_sec":"0","intro_year":"2023","lleffect_dt":null,"borough":null,"feat_type":null},"geometry":{"type":"Point","coordinates":[-73.84886886199779,40.68814090860431]}},{"type":"Feature","properties":{"ll_type":null,"intro_num":"1278","ll_limits":"At the intersection of 104th Street and 101st Avenue","intro_month":"0","amend_dt":null,"limits_er":null,"intro_day":"0","repeal_dt":null,"amendt_txt":null,"official_nm":"Camille Ferraro Way","old_name":"None","amdyrllsec":null,"amended":null,"honor_name":"Camille Ferraro Way","ll_num":null,"repealed":null,"ulurpcpnum":null,"ll_sec":"0","intro_year":"2023","lleffect_dt":"12/20/2023","borough":"Queens","feat_type":null},"geometry":{"type":"Point","coordinates":[-73.83905987014855,40.68624007019814]}},{"type":"Feature","properties":{"ll_type":null,"intro_num":"1278","ll_limits":"At the intersection of 165th Avenue and 84th Street","intro_month":"0","amend_dt":null,"limits_er":null,"intro_day":"0","repeal_dt":null,"amendt_txt":null,"official_nm":"Karina Vetrano Way","old_name":"None","amdyrllsec":null,"amended":null,"honor_name":"Karina Vetrano Way","ll_num":null,"repealed":null,"ulurpcpnum":null,"ll_sec":"0","intro_year":"2023","lleffect_dt":"12/20/2023","borough":"Queens","feat_type":null},"geometry":{"type":"Point","coordinates":[-73.84577280190129,40.64790246685461]}},{"type":"Feature","properties":{"ll_type":null,"intro_num":"1278","ll_limits":"At the intersection of Glenmore Avenue and 79th Street","intro_month":"0","amend_dt":null,"limits_er":null,"intro_day":"0","repeal_dt":null,"amendt_txt":null,"official_nm":"Mary Ann Carey Way","old_name":"None","amdyrllsec":null,"amended":null,"honor_name":"Mary Ann Carey Way","ll_num":null,"repealed":null,"ulurpcpnum":null,"ll_sec":"0","intro_year":"2023","lleffect_dt":"12/20/2023","borough":"Queens","feat_type":null},"geometry":{"type":"Point","coordinates":[-73.85826364890585,40.678123231557706]}},{"type":"Feature","properties":{"ll_type":null,"intro_num":"1278","ll_limits":"At the intersection of 124th Street and Rockaway Beach Boulevard","intro_month":"0","amend_dt":null,"limits_er":null,"intro_day":"0","repeal_dt":null,"amendt_txt":null,"official_nm":"Linda Ruscillo Way","old_name":"None","amdyrllsec":null,"amended":null,"honor_name":"Linda Ruscillo Way","ll_num":null,"repealed":null,"ulurpcpnum":null,"ll_sec":"0","intro_year":"2023","lleffect_dt":"12/20/2023","borough":"Queens","feat_type":null},"geometry":{"type":"Point","coordinates":[-73.84387143153143,40.57758111066364]}}]
}